power,noise,ber,q_factor,wavelength,distance,label
-13.981718443276753,0.009800893462753738,6.975068609747381e-11,14.918865134732927,1552,35.059455419499116,0
-11.458441528616527,0.0053596317106479755,4.2271796908223235e-11,17.27947259010802,1540,38.682254670339724,0
-14.870548922305861,0.030141272479911194,2.519675944086146e-07,12.218190064228972,1552,71.78023391498967,1
-23.16685381069673,0.1198465281021975,0.0004162695745154247,5.732368306497243,1555,99.42539632524935,2
-13.872815421975009,0.033517913873108,5.964393866010059e-08,9.198898694220237,1540,55.57039144964408,1
-17.88667339465495,0.047680319590950905,4.1760874827091513e-07,11.47077686562779,1550,49.098324418916825,1
-13.81412714827778,0.0404395491213909,1.6285889757199355e-07,9.834358532411942,1555,53.038061758177406,1
-15.270029322885126,0.022268047666840374,3.7393245157177086e-08,8.440464253559433,1540,67.0706908676239,1
-12.837159628715858,0.01411543855246412,6.3876691910019e-11,14.831374885678596,1552,11.782619550817419,0
-24.03252506247056,0.11409156271123756,2.5965771554615214e-05,3.7156025723019663,1550,117.07394172650704,2
-10.214703661943883,0.019289729570580755,6.54089693450795e-10,16.897141232505646,1552,8.67255624463612,0
-24.67408280823063,0.0577417519668272,3.9549173547822e-05,3.1862809497051723,1540,84.98418278477791,2
-13.35687969780404,0.011686681213392055,4.2727673634087423e-10,17.55727503971328,1550,13.652212580860688,0
-15.124437165303192,0.042145756919734975,9.555171189850658e-08,8.144289566680623,1540,51.139298241711565,1
-9.983477132409831,0.018459477436246076,1.0875184441833663e-10,15.822006780876881,1555,15.09035315939897,0
-19.115999138007762,0.10879358324112497,5.117917279231497e-06,4.591425765582342,1540,88.02968732662973,2
-23.52917619637349,0.0698863042223165,0.0005772180079614185,5.135719625549892,1540,115.92615558503037,2
-22.474397247185816,0.06281864218491624,0.00048243174139951753,3.740439190200801,1552,86.71525713507611,2
-16.334099693395686,0.03160145981816492,1.3868819687538333e-07,10.399583991487862,1555,73.35633495698076,1
-13.26273736646858,0.009922891304139673,7.379700427031904e-11,14.354401718718469,1555,7.188977941407895,0
-13.06594659100622,0.021347284895261946,1.9984429251174974e-08,10.117620461505112,1552,73.81152432080518,1
-11.806723093248127,0.010900292581216428,4.93289136906299e-10,15.707621282545215,1552,36.508220010123836,0
-14.354328080430573,0.039081290163137994,9.910510898525946e-07,10.28155067219328,1555,56.278887796443655,1
-9.35286652763443,0.007478059090067752,6.022054836870024e-11,16.919441235393915,1555,36.76638508947942,0
-9.654125712984563,0.012950936825775985,8.629009059614577e-11,15.642836981566665,1550,11.849942403487717,0
-10.62906525585193,0.014499033760062334,1.5812205588723485e-11,16.416695752690366,1540,14.205904250997442,0
-13.770501770192375,0.032199051668691574,3.6824337334369455e-07,12.18198003641998,1540,50.39665895430895,1
-19.439192930756384,0.08179868988558914,0.0004238028707547165,7.27408282284559,1555,99.04204775721938,2
-15.380441616478013,0.03823964693589613,9.841111306233406e-07,9.494101174057088,1555,69.30687880002674,1
-10.030909480459801,0.014891344431229962,1.4309158704079943e-10,17.46440618151134,1552,39.48110942817362,0
-9.424507727549852,0.007345432124673126,3.1885727275296917e-10,16.273074465075073,1540,5.072678116002843,0
-15.668716294413134,0.020101519597219324,6.361660525526128e-08,8.528676339632252,1552,58.29185599818082,1
-13.705373057346534,0.026624747476334483,2.031957646958617e-08,12.549021644750953,1555,57.349115315839114,1
-11.460512919983096,0.012928763021561634,4.180302371755067e-10,16.942082823174324,1552,27.07978635257891,0
-9.963945017872913,0.01050489900622921,4.30528533138083e-11,17.39995037267604,1540,23.84344654137516,0
-11.209329209358925,0.016461395003194722,1.7326171619777727e-10,14.928535651200624,1552,5.890650015326367,0
-13.449911394362282,0.019211419970896898,7.026127956646182e-11,14.037241163049416,1540,31.762525041493927,0
-17.096120225796366,0.0440047470999439,1.9207643639254262e-07,11.344758208803125,1550,66.145457796402,1
-13.460542865033478,0.0054714377853010135,1.8742210985555664e-10,15.257423924305307,1555,29.343063024914464,0
-16.08268582726154,0.029402400945610106,5.7699810893869885e-08,8.092740978622038,1550,51.2930540292777,1
-21.56091715091206,0.0576851172795792,2.5075634421323936e-05,5.780369314361449,1550,93.87957274594443,2
-9.016515730735115,0.01720955404259028,1.6999606806881994e-10,15.225014483146447,1555,27.95032853965797,0
-14.000259258538089,0.04942753184536496,7.298899886922112e-07,11.68456599318758,1540,70.90105692650377,1
-19.23037776111769,0.11269415172190704,1.8707610050416293e-05,4.568127840529248,1555,109.33535837460023,2
-16.942495197101064,0.02861009316527596,6.621299799677505e-07,10.514084245617628,1552,66.07894855691842,1
-11.175908430199014,0.012057576184884906,1.2471971712331407e-11,17.528192744030793,1550,29.924131971694734,0
-24.79638666987718,0.1151681039969991,0.0007036926951434598,7.745765266740255,1540,108.50645745254812,2
-13.148531336256237,0.030340194230376434,5.0102231295963375e-08,10.715062550071728,1555,46.684126556344545,1
-18.051091863966413,0.07215237320293498,0.00043299054797315704,4.986779770530287,1550,114.43161524121858,2
-11.712155761630141,0.009024232933092319,4.8311267977631e-10,15.254300528256124,1540,31.11892130225719,0
-13.400167385681787,0.04975394210137299,3.75491058833211e-08,11.486572701483647,1550,41.94133802918676,1
-20.822051764027435,0.10723454350834527,2.6670454776435667e-05,6.688463034158198,1555,118.83565036232474,2
-20.199945256151235,0.09006155100189767,0.00013345766972139357,6.858261002094542,1552,96.41262205895558,2
-19.580609383295695,0.07074184969129307,0.00011083124694214555,6.519367665474748,1540,89.74577325600337,2
-10.318855587357248,0.011546293980943895,2.1554791167378168e-10,14.377309705164175,1555,13.715305763818147,0
-15.55410019226482,0.02287927090088339,6.183508065313422e-08,10.573882110002268,1540,45.70573749426038,1
-10.99543997170457,0.010114378571533375,6.831815560913341e-10,15.626362149437888,1555,34.805801175647666,0
-17.821885671229506,0.02826787804311947,2.4381075225662646e-07,10.130180813697809,1552,50.770412658839106,1
-15.54344616243651,0.039655454410306025,1.4396463931518495e-07,8.700002413503713,1540,51.37681295615167,1
-20.886620250865665,0.07423266477867914,1.6486127791069025e-05,3.595313724312735,1555,98.05595356272269,2
-13.857307120364753,0.037091235517098003,4.093722467049391e-08,9.088995575582107,1552,62.38460023060305,1
-19.04919313970556,0.05668158751296593,0.00015894861507719185,6.712557665697432,1552,104.92374941311122,2
-17.555962602984792,0.03410636363492717,1.793011290587221e-08,8.401684674996824,1540,74.96438510872602,1
-10.04743196233176,0.011809382495717897,4.0116633724124294e-11,15.536076295859832,1552,21.900748694054524,0
-13.103120901667726,0.02531641724807282,4.487410885058065e-08,10.709404768863406,1555,62.648489779895726,1
-15.118455900554718,0.03452781288339839,4.919474693594953e-07,11.2226256783518,1555,64.29743283580659,1
-13.397690107773997,0.047060077984097046,8.019636058632067e-07,12.210543110646377,1555,49.76547283227625,1
-18.918336498579855,0.09860059947000623,3.6153479267943813e-06,3.155142212090161,1540,95.62059891114552,2
-16.742005151175874,0.028158953233342478,2.7627127687308254e-07,8.242752136044317,1552,43.64337659520206,1
-23.855842237133512,0.06763477592496497,1.2665395791150156e-05,3.3478059174320736,1555,115.98796028123313,2
-9.484860632535941,0.005762801354537317,5.334744274649955e-10,15.36379120657044,1555,27.3378545264214,0
-16.52518791918124,0.04321477390676992,5.771939321934949e-07,9.3056373077954,1550,76.01621274260269,1
-23.82726514319128,0.10750157720718236,1.0101517555099096e-05,6.529590552991374,1540,99.59545761159077,2
-13.955363463911043,0.03357600932087902,1.0306415140117134e-07,8.163275172971012,1555,44.58849288748733,1
-13.644098818409569,0.006342802951952635,7.371511524033045e-11,15.423172511283973,1540,33.87972064814967,0
-15.452990652345148,0.041759317266221015,9.936854404033102e-08,11.042455432818084,1552,67.9403952960524,1
-20.98296784902489,0.07610763489221138,0.00013870069708347708,6.369442560595666,1550,117.91150059151815,2
-13.003923625529735,0.018353225039542616,3.7568096685075454e-11,15.471143951024612,1540,33.81583004372513,0
-12.938571791657044,0.006733375650209476,4.708058450550209e-10,16.00986259905106,1540,33.686870434167574,0
-17.550710409999766,0.04488276212558996,1.316264933245714e-08,8.846995628163036,1555,54.101085067136864,1
-12.555950150229553,0.007239020190038709,3.033838902915783e-11,17.74450228616054,1550,16.560769064490746,0
-10.541399429326557,0.014920140184170864,1.1934432009945808e-11,15.473000429580532,1555,15.87503649090066,0
-20.168161735702192,0.1018003877026332,3.3934355644357846e-05,7.846346221742631,1552,97.94772547853871,2
-20.952567760263825,0.056868708923962216,0.0006391062893142109,4.684480926573864,1540,112.19249843912951,2
-13.446982005634196,0.005533853462097146,9.742279955729979e-10,14.930913395662207,1552,31.25912779305604,0
-13.741070556335917,0.013359658629714628,2.0515004788800995e-11,17.33836381038109,1555,21.874623462194467,0
-14.80814235214696,0.03092474594551648,7.92428920819191e-08,12.302626130360185,1555,48.51669142417222,1
-16.378829368129587,0.029308335073269808,1.975229649610804e-07,8.306057534944896,1540,74.14782855924159,1
-13.650996726926856,0.013320315646701296,3.13031973711626e-10,17.241034346798124,1540,11.277460360123435,0
-12.756975576933469,0.013075924689304366,9.64431260635777e-10,17.430122431007696,1552,14.347625260971634,0
-10.080140747472052,0.010922109243173841,1.9592681932048016e-10,14.602443812274077,1550,7.741446930222645,0
-18.168836193687802,0.10794622283087767,0.0009898635649503815,5.941624972312232,1555,90.31238570919245,2
-13.260739634640831,0.022102948965778663,1.6954748775315165e-07,8.21176325443928,1552,56.862470244676786,1
-23.067131450863037,0.09320864009935498,8.798737649246707e-05,7.553018508873593,1540,86.60149322080333,2
-13.082179428915335,0.017313788204195005,7.20723659047888e-11,14.755942639884701,1540,9.432299393143103,0
-19.66284092809972,0.053949001465116206,1.8527790775678792e-05,5.256050716287835,1540,103.121604465152,2
-9.222759042809663,0.008704417504878388,5.239510206631154e-10,14.675240023138256,1540,21.899794604353666,0
-20.041277223234417,0.08631582412473035,0.0003318273087299622,4.272124026208479,1552,86.43621135854002,2
-15.986231906262791,0.022278808608947508,2.459315784345936e-07,9.263713343742266,1555,46.571919358098896,1
-13.443774221228502,0.02279734757664075,3.365293148343515e-08,12.511539867210494,1555,61.86598201213588,1
-11.130250669654949,0.010893426633397686,1.1410504725174764e-11,16.333009569250226,1550,32.356541771873964,0
-13.107401053637007,0.012395451877382033,1.458400746938066e-11,14.783920738807048,1540,25.414666899868383,0
-24.820205872867028,0.05385193997806572,2.1247976019190926e-05,4.2642613499130695,1550,80.02698917946384,2
-13.412620505617536,0.01678499902916684,2.2234817728237898e-10,14.46004374731239,1552,30.573943409727175,0
-14.353740134357928,0.021071328470844294,5.3743594702327325e-08,10.395846736977209,1540,70.68863812690721,1
-13.69276039297826,0.04800972636224815,3.120128056951605e-07,9.15664156153479,1550,65.25089026564636,1
-16.0729844074099,0.030727985770593796,1.0046111280861036e-08,12.02146731888557,1555,68.4185713438581,1
-11.343417397159705,0.017572282753278868,3.720323253282768e-11,15.716730373585428,1552,39.84031306669585,0
-10.679834834443412,0.008563400218516547,9.51828100328351e-11,15.144359688125043,1552,24.730798550588982,0
-10.819113176458837,0.01678477427120348,1.7245364648845986e-11,15.639619558785153,1550,31.152685570971318,0
-20.721918568415894,0.08613521379835914,0.0004378997528763245,4.1775830929254445,1540,84.94412396191402,2
-18.377371044441357,0.09739839574080811,0.00017963361377154184,6.399777499368701,1555,106.57434766618577,2
-17.876681558509947,0.04025970580421498,7.328106106556573e-07,9.184639307555912,1540,55.36427258703169,1
-17.384222630056048,0.03146432563759665,4.6416377228710856e-07,9.739139018930572,1540,41.83105357714902,1
-16.472947345142426,0.04087406944477341,7.984071213303857e-07,8.38515999992057,1550,53.46822675590134,1
-17.845095233610692,0.028336831935222496,1.0095208518387142e-07,10.936585860673505,1540,45.40914616472209,1
-20.45891867567235,0.0898823761814303,0.00013263656037970523,5.146713686498279,1552,112.30921118330113,2
-11.946586834948587,0.008145354161453013,8.97681027881978e-10,16.582410308233648,1552,18.507882882792458,0
-9.658637472958098,0.01590753604649462,3.0578279246624285e-10,15.701973337792301,1555,30.737260453301342,0
-12.4996645854728,0.007268964266940139,3.7097912939600516e-11,15.503884887716556,1552,35.805415651859064,0
-15.877139490798214,0.045044080038635,1.278491924257975e-08,12.237870148951313,1550,47.67506852409427,1
-15.65624469782793,0.034981867975131975,1.8043050685813402e-08,12.028679109382042,1555,78.5943967507428,1
-21.032803560831283,0.08127254218835386,0.00016045437575562188,4.893383457331602,1555,116.17065233943474,2
-16.247887140919538,0.04983448647356402,1.341375583697449e-07,12.122307795464693,1555,44.4743978538529,1
-9.967053288368614,0.01214725075667439,9.823039700435053e-10,14.237886275469123,1540,20.37024358218119,0
-11.634136741845218,0.014455965969122402,6.542524443343556e-10,15.676351014683863,1550,15.824383902489338,0
-11.507146002471455,0.0107768017985375,5.390640010989982e-10,15.903870924046624,1555,12.31089534018073,0
-11.371148316583874,0.015771526069340337,1.455150443003986e-10,17.79107832812859,1550,36.144273793090875,0
-23.65654734336429,0.11747588868885575,0.0007554067085122178,6.735338671550914,1540,109.34636987602101,2
-10.039777044755194,0.009391123228747399,1.440034238962456e-11,15.951291349527525,1540,20.68563056791507,0
-18.742163279858264,0.05813877058863857,2.312504011470522e-05,5.143380579060379,1552,108.69126468902869,2
-19.79411798980041,0.11131170620167544,2.2729165856229273e-06,6.8020837189826375,1555,98.7028384900967,2
-16.46651364806501,0.04573890295997016,1.6173561468121096e-07,8.843180558208136,1540,74.74302528149815,1
-10.83232353191915,0.008728036158906393,4.0579856690540946e-11,17.083258086657285,1552,31.50907694158596,0
-23.866872803866773,0.05438733877643624,3.8418269248338845e-06,6.674803424816391,1540,112.45574849377644,2
-15.275990108620116,0.022484128241436373,4.5231344318491433e-07,11.159787326950145,1552,78.04362718268305,1
-9.862234738629766,0.007560625449687203,1.1506079558492036e-11,14.817793489857092,1552,27.631015538203165,0
-14.473218318222898,0.032524236682344984,3.2820636775508694e-07,9.966153489864388,1550,46.97114714005443,1
-9.276463091637591,0.010023174352054775,1.3858233435814648e-10,17.638381564443776,1540,26.882564376100337,0
-11.5699224851123,0.018804457718291114,1.1003637727048638e-10,16.465998907580335,1550,9.483351122817002,0
-13.234061781470965,0.02492249855648467,2.7716419055684134e-08,8.774056202984129,1552,69.23846832644465,1
-10.79162144919252,0.017258889034812843,1.3197234313935496e-10,15.020014610004303,1552,17.570663849814657,0
-23.24142136481374,0.10053393445182851,6.937682151945772e-06,5.555869243588674,1552,91.63685621310304,2
-13.644056757698856,0.009784634454406419,4.894976621425351e-10,14.093087742943304,1550,14.12430848825661,0
-9.153754305887457,0.014130263309052513,6.292211577549052e-11,16.58003926196627,1552,10.358970602026945,0
-21.09287399199729,0.1039238867616875,0.00014297121755446333,6.708595029332775,1555,114.58229961208627,2
-22.304785231370225,0.09843357618125302,2.537343465593786e-06,5.704089889278807,1555,81.67705417511934,2
-15.257632894123018,0.028554688662250544,7.416069297307058e-07,11.454255877330246,1540,48.41848868568014,1
-20.972421151160685,0.10146735341780472,2.0436857564956265e-06,5.766432079904712,1540,89.54854767394934,2
-16.017181416014594,0.023336497250066462,1.157933154656225e-08,11.28397002315016,1552,55.21515748153893,1
-10.972309211775585,0.010350980795600026,1.1668736977114782e-10,17.127161319380118,1555,33.19845535325186,0
-10.591256779549195,0.00669397464029017,4.832244214794433e-10,14.968924871298267,1550,6.757910401239082,0
-10.06128905848815,0.009250461033366773,4.725790190087491e-10,16.17199253042108,1550,7.803700431336079,0
-11.103668230897366,0.016390265386289196,1.5766933477246014e-11,17.558608132070265,1555,17.991034820316965,0
-16.785568816876054,0.04203150924064852,2.3577614995088296e-07,9.590553712041585,1550,79.17682054710399,1
-24.481780988158604,0.07540046809276936,1.6757321775823013e-05,7.478505509557591,1555,103.22106462098392,2
-13.586257899823469,0.01814992228888689,1.268164947835536e-10,14.659337044548003,1555,18.176217840731738,0
-11.271916053420325,0.019121972131647878,5.918413104745484e-11,17.844762255295656,1550,12.233952595686088,0
-11.399182494440034,0.017782722504778102,1.270029116230122e-10,16.243751886141546,1550,32.71362438143716,0
-22.68201832752338,0.07598228478076437,2.4317678737578702e-05,4.6957147960937435,1550,98.22928165120354,2
-20.4920263715236,0.11450938230060452,2.1751898748686034e-05,5.428163975109028,1550,112.05766778678026,2
-11.395571086496604,0.012035896165851784,1.3869948317750062e-11,17.27323127070121,1555,10.035378822016542,0
-16.791643870136994,0.020042546604017466,1.3180391011376068e-07,10.953276133043206,1555,62.27793674513052,1
-17.971684997371018,0.021553503318292023,6.796704568265987e-07,12.542317571301968,1552,50.10718510957396,1
-12.636746763437577,0.01597343179341701,5.549328452204696e-11,16.087537312631774,1555,35.32481142388951,0
-13.808728170916307,0.04809430360122942,4.3135244835291734e-08,8.777561820395183,1550,64.66351352284985,1
-11.223995942002688,0.012944758675340097,3.045822438589409e-11,14.372411071223597,1555,24.540270876248414,0
-10.565569608091216,0.016646049830331546,4.1944834567670775e-11,16.271107825727512,1552,12.960688892267987,0
-12.004166027444903,0.013978926611070062,2.0225502307520774e-10,14.61567803913162,1552,33.34735471060148,0
-22.123613948070027,0.10470131650379708,1.106719864604359e-06,6.302459631606194,1555,82.47975828142718,2
-13.929658563066596,0.02942724561498515,8.852238446046471e-07,9.439688740857076,1555,61.27563830636399,1
-13.472454593518567,0.03324213199629424,3.848574775662054e-08,10.942759072853404,1555,52.5708039288369,1
-16.613545718657882,0.04640230126651533,1.2104466555727326e-07,12.530687937836172,1540,69.08694904968613,1
-10.71077347698482,0.019991205886559997,1.24860214799443e-11,17.90869673688527,1540,39.766792807551994,0
-14.634954495184738,0.02913739841261747,1.178310074185644e-08,12.678275647047723,1552,62.0496527249047,1
-14.805607971967362,0.04849279384138565,1.2516696181595085e-08,11.962059985920343,1552,49.45615835812458,1
-16.815991149697748,0.026631912652555538,1.6510961557669273e-07,12.08989638212747,1540,64.31828735240181,1
-13.143018665052509,0.02956111697084653,2.0938856117559746e-08,10.55443004112332,1552,55.96557234513081,1
-20.92532847402221,0.10932916441658483,7.874433717427689e-05,3.827806351544005,1555,93.2907887498618,2
-18.173856340596622,0.06493591100087061,3.2148446427489373e-06,4.81175809354734,1540,107.51408740168614,2
-18.21600865965098,0.09452784400420568,0.00011955081132036559,4.089082596426038,1550,89.96386607522206,2
-9.754781204107015,0.011654686231978585,6.878513747579842e-10,15.761496892100842,1555,35.88544169716536,0
-12.40341559989313,0.008783036032389963,8.162770756363278e-10,17.693198033079717,1555,17.47668347967256,0
-9.501284607955641,0.014426104364614847,7.538727353864791e-11,14.15502774221673,1555,25.20736904268837,0
-17.21139841458375,0.0388287410276916,6.333940225824964e-07,11.591801094571908,1550,67.2085161767553,1
-13.30796984195355,0.04963147606234013,3.3602599513736143e-07,10.86884652789682,1540,61.576727710138684,1
-18.370165682270436,0.06409201156521448,5.4388045844861275e-05,4.942551642800557,1552,96.27046827354918,2
-15.086888209108768,0.029507870098467087,1.66432240778936e-07,12.834261161223154,1550,71.31953429062943,1
-13.992858284604116,0.011743750293803933,4.717662240102065e-10,16.289260742520305,1552,21.282190159258487,0
-13.033303831939739,0.019261170698190076,6.567485529310775e-11,15.866732623323458,1540,13.312011482676994,0
-9.629481019668946,0.010386061685647268,1.2330284092263238e-11,17.382505200460074,1555,33.21287578882246,0
-13.668549062767248,0.010502088277100086,6.388858938224972e-11,14.005422097991795,1540,29.99536012372609,0
-9.492765852308104,0.013361439188964794,5.456979250138231e-10,17.33771647962297,1552,26.495909761161244,0
-11.462940306410957,0.01811333787027764,9.707181740509873e-11,16.809035064126657,1552,20.77089566440969,0
-24.028520325238112,0.08413968606000466,2.7510419200978908e-05,4.618607262196092,1552,98.19894780311513,2
-13.797071439326524,0.01870591241009689,4.634344101005091e-10,15.190282865763262,1555,19.08377476850505,0
-13.947063277945135,0.03944828073281119,5.6766726266908e-07,9.90531073392783,1540,67.29801680761601,1
-20.341988756958536,0.11453587293903711,2.4897038549492875e-06,7.875302628214736,1550,87.73076907612659,2
-9.955111251931456,0.01700546282683018,8.20442037314473e-11,16.426048901292877,1552,17.535067341853193,0
-9.487330586807122,0.018082417279542597,1.3884065865981977e-11,17.417032246215758,1540,26.407948647610493,0
-13.141530461472753,0.012501691281149405,6.666781015924756e-11,17.482107865077538,1550,5.774951641542031,0
-10.35814572830177,0.010187091476156374,2.1988029662591613e-10,17.221720172183915,1550,9.634161472375911,0
-9.516172876867873,0.006203506184924633,1.119496600541989e-10,15.641587307958646,1555,39.9039437168938,0
-10.593434073260578,0.013000923372602068,1.0685817125328311e-10,15.027078062151652,1555,18.96882548450991,0
-13.421971946942438,0.010829464184106541,1.1869800212094469e-11,17.6704027850476,1552,34.2701959585861,0
-12.02685465046984,0.010587034083681625,8.155895038229699e-11,14.708165764239626,1555,24.34906246323398,0
-16.03202052363201,0.03184846141031789,7.051828798342177e-08,9.210903590863765,1555,61.84577881853509,1
-21.91281363539103,0.11314904346052831,0.00037140298077522406,5.0449859270475645,1540,91.66980672964671,2
-9.059379620226824,0.012278456836480343,2.282064087389214e-11,17.56456036717404,1550,13.91620475678516,0
-22.05699730701684,0.09674660003338724,1.5011137452018548e-06,5.647324259857333,1550,84.44228530800069,2
-11.43392129110224,0.013788464050291351,2.2867436282911878e-11,16.940092792712683,1550,23.202893912580436,0
-15.408346064950843,0.039426643329602676,6.506693778163346e-08,10.653143445485968,1555,60.87491891059588,1
-9.298895972143576,0.014056954878936441,5.324404912627295e-10,17.289978597160907,1540,30.722404658821297,0
-17.77877865491096,0.03607483518348327,2.5850170294819936e-07,8.652606997112649,1540,67.23911716847056,1
-13.30372964607648,0.0051607294654303845,1.226068328624735e-10,17.90311527419573,1550,13.947368282837655,0
-13.295378875126186,0.017032954711310593,1.4096175149815882e-11,17.94754774640207,1555,18.82085313614494,0
-18.878928503874793,0.10075402501906058,5.6060527076580735e-06,7.442130710939284,1552,82.7425922770439,2
-12.81258347415308,0.009498463894918043,1.9301459105911486e-10,16.403781938150875,1540,23.412888144609102,0
-10.817848752281817,0.015597135897303518,1.1565709762960552e-11,17.74484898497476,1552,26.453046120296207,0
-19.400986291963406,0.05069025836751246,1.0728038196839659e-06,6.054092930471995,1552,91.82634287372393,2
-13.85904329776389,0.008671176194553909,5.793908591106005e-10,15.663654617190037,1550,12.421569728404105,0
-9.606153751035428,0.013375284725961705,5.493835682721145e-10,15.486186045279497,1540,7.821539180936061,0
-12.031224292172967,0.014123170651496701,7.747239858235457e-11,16.969479748359127,1550,37.350834846839525,0
-18.289398098385657,0.11679804220221046,7.21163381041453e-05,6.640870509477528,1555,102.10782755051142,2
-17.805331463553145,0.021079694866060036,4.60403903100477e-07,10.957249657215124,1550,66.01293292469622,1
-9.11280907897994,0.019465298510539797,2.1254843703873763e-11,15.197692499212426,1550,12.462137598619726,0
-15.489257736815073,0.045876704975715527,2.2028926812870725e-07,12.21226038049328,1555,79.99220576535205,1
-13.205459161653232,0.01415337724216462,1.865125949868356e-11,17.005500344116182,1555,21.52211519689494,0
-20.427714785436923,0.06420340568886246,0.0005470631461092453,6.27208261926006,1550,118.16762921339142,2
-14.07688358115006,0.020652224235100245,3.012379116527496e-08,10.714712028988629,1550,79.09281220451908,1
-22.88660521625863,0.11978122199828711,0.00010287659267645493,7.759041429677761,1550,81.41403284162777,2
-22.237259879489844,0.10136660997595684,3.116664884021415e-05,4.692168621154634,1555,118.95037228972055,2
-18.018181051398763,0.08658804738163828,4.2935416769220644e-05,4.787819393498024,1555,83.20472910149584,2
-12.249965657634107,0.018925588279711875,1.3528578822706686e-11,16.197647328243857,1550,38.65644654516491,0
-16.615052123063954,0.030071191726098068,1.895638466435417e-07,8.953580051148975,1552,67.96772791925505,1
-19.759406641753916,0.0668680074433583,0.000592392958014801,7.3324895166580175,1555,116.08077197958173,2
-13.306445917914864,0.03376266595968363,7.530651521857158e-07,8.536992118455663,1550,41.771817239879695,1
-10.838809245660695,0.013754075555121495,6.028933164264035e-11,15.42052659101525,1552,17.038519029518994,0
-9.804501506001943,0.013259906888548462,2.0243658397060906e-11,16.912465749344666,1552,22.232680623186905,0
-15.113988819370213,0.036340642803019296,9.61230426209789e-08,11.587684317563134,1555,45.042104358096275,1
-14.909238548702213,0.030248481874020045,1.1421671860326101e-08,9.975442611783164,1540,62.06350643226536,1
-12.495182165265918,0.015622581329679225,1.3636446185547786e-11,16.328681840705094,1540,7.02721611955794,0
-16.478977409324983,0.03963180094491724,9.44070782778565e-08,9.831515726311695,1540,56.24175636396497,1
-23.8194082847146,0.056150748510748014,2.619339561455762e-06,4.346454837922981,1555,82.72824938970902,2
-20.56869953566994,0.09200115556615866,0.00016551321024370631,3.2839036962815342,1552,119.36748453159787,2
-9.896792198227606,0.005565460856340059,5.424244426205102e-11,16.169199902484316,1550,29.7351501965596,0
-18.4506645056994,0.06592329526524039,1.689206649156802e-05,3.7746484342236166,1540,100.84926018346476,2
-12.16769232564301,0.01094259037413883,2.459996070503085e-10,15.554232405081382,1540,25.876991624489754,0
-14.890590180548033,0.020749127013023935,6.295249548080608e-08,12.929801510576748,1555,54.57163018694316,1
-16.91748662159735,0.0381917466732892,1.0153253011046267e-07,8.304081559249,1540,70.08187711223444,1
-23.209238824663707,0.062377215044585495,4.306997602060629e-05,5.766322010163653,1540,99.95546540972508,2
-12.831296039816278,0.014566612127683874,4.3665154797009476e-10,14.166315839386375,1552,14.51252806280452,0
-14.97235362554364,0.034543341802713415,1.6276379742871335e-08,9.389610053846795,1550,60.74207024275911,1
-23.30490793339681,0.07270078710524835,0.0002763656547424653,5.1324577007978,1555,109.72949011116337,2
-12.097411450650528,0.007445530053973865,3.736038168991547e-10,16.937775728302366,1550,5.562165274335215,0
-14.554628329250747,0.025606421361516658,1.3016530015010327e-07,11.238018306802445,1555,75.73371811216765,1
-14.267903835779475,0.0321208985098538,2.2735329822118882e-07,11.819985246597716,1540,42.08151350778242,1
-12.490953151686531,0.0055609548561319595,1.0250156894987644e-10,15.612125245130947,1555,18.57904640392602,0
-14.080417451603985,0.046916123927953746,7.542658433624327e-08,9.170381019920576,1555,62.815048013952946,1
-17.778451588956848,0.021421421991681514,6.523510527172154e-07,12.366825447793588,1550,66.05601434803667,1
-9.947233346090837,0.019809141939724165,1.9990966077289435e-11,16.37652286140854,1552,18.754630714260067,0
-23.342119741914132,0.0725625282589191,0.0005831536683163695,7.437425933536679,1552,98.54859383055782,2
-15.32184173576384,0.02411309564222986,1.1938560190081696e-07,8.729446232416436,1555,76.73210968039092,1
-16.378750521806925,0.03779713164696252,1.1965317819469963e-07,11.315269318680603,1555,44.56459028747114,1
-21.125297265187065,0.055458209646526806,3.79821548063228e-05,6.955948827816499,1540,100.23174401811926,2
-12.445134893084834,0.006494958831151638,3.506988712427607e-11,17.327141200740638,1552,34.70769384715442,0
-21.742625412875643,0.11207669059615812,3.042655205300272e-06,3.518345677411184,1550,115.55317768871795,2
-24.47281373580009,0.10033387784438061,7.508546899014138e-06,3.2444411475259263,1550,87.18058809134396,2
-23.99701820003604,0.0941213134292137,9.803717801210709e-05,7.709754518306838,1555,105.5133681472828,2
-16.304857251280453,0.03714234179132703,7.848011762296187e-08,11.295649563115804,1552,62.85754605928069,1
-16.96663531105462,0.030209945253176204,1.5622789266595548e-07,12.62436127716705,1540,65.80330767867144,1
-13.913268383086052,0.02704718783393716,2.2570079170318796e-07,10.153367857412276,1552,71.85129753180249,1
-15.338006563865434,0.04696079161406483,9.894467750421987e-07,11.766940574599179,1555,44.68178325507078,1
-14.33131994136822,0.04691391398932809,7.330422364197394e-08,8.832160383312285,1552,77.04170984988428,1
-9.386884254354463,0.005850799303276068,1.1453881990247211e-11,14.713047125955093,1540,25.232626721469106,0
-13.055982373836745,0.025794713098089644,3.4460982958152367e-07,10.75894390553329,1555,60.597547183492395,1
-24.169235693198317,0.0990225378043526,0.00012831865015673334,5.742432230479576,1552,103.61749123115659,2
-19.959615873460425,0.09843474316885416,4.134053844883994e-06,5.247972521834916,1555,88.70021334751335,2
-14.619476783729208,0.035870640216785724,5.810545958812707e-08,10.25338127170825,1540,50.06717615441241,1
-9.04273216078604,0.015902582465723562,3.7114136753675144e-10,17.977661070235495,1555,32.72669181805867,0
-12.326323367103605,0.015432326887664754,2.4961528692584014e-10,16.815743629311324,1540,13.294311143614465,0
-14.83829479633546,0.04237022126071335,3.889224165205742e-08,11.113038609262277,1540,53.70168662637404,1
-10.320410232240057,0.008125993604274974,1.8444041274216402e-11,16.553955139196542,1552,13.087829850607367,0
-16.847246754648165,0.03409425688648703,1.324076260109952e-07,8.713000269148452,1552,43.247511482017245,1
-17.130770010884238,0.03478637538632252,2.3772467761186424e-07,11.259954269329274,1555,65.39285270119358,1
-12.64250622909066,0.008476753854340251,4.337284652958391e-11,17.61423377373012,1550,24.367991641242014,0
-23.462186621993627,0.1164976261663516,2.891218863952117e-06,3.184811751102802,1550,101.10917732970668,2
-19.444850952456527,0.09880279462163324,1.3079919466096941e-06,5.597405554447741,1555,101.58590882121459,2
-22.034958300927958,0.08832766469344633,0.0009440144394853581,4.104908616665904,1555,96.18823055393699,2
-16.40573114692562,0.04584221544662544,2.4743762178895923e-08,8.802088527163047,1550,74.0292273834415,1
-23.4128797483779,0.07961412492816362,5.756348138319107e-05,4.082300869486448,1540,85.4541518044303,2
-17.071979680222835,0.04376667041731786,6.794233543066648e-08,8.467159334212496,1550,76.63562538946812,1
-12.653647878473961,0.013858844866078773,1.6609522698383962e-10,14.615896518975315,1552,24.701493922487646,0
-10.083316540376897,0.010284535315651398,3.96182653256231e-11,16.23929915553116,1540,35.670232198337814,0
-18.301918286619212,0.07017224389446047,1.5437861941839853e-06,4.924149874477763,1540,89.65932144829894,2
-16.285351953009084,0.03686192300176572,1.5322438971936357e-07,10.431035324483151,1540,51.074820678606265,1
-19.306021075433783,0.11335469361466581,6.754345582989484e-06,3.643669046923658,1555,86.75877022079278,2
-16.00531114563627,0.02507815032017835,1.0503615245492566e-07,10.083340249600475,1540,72.30638406299121,1
-10.975991190780181,0.012201893435213138,4.2788896026622206e-10,14.250888685657834,1550,8.778685683879244,0
-15.631083188460888,0.039454927926416125,1.139014891527064e-08,8.07455132077404,1540,69.46889706005587,1
-24.153295667718336,0.11913940668013386,2.9027020804456067e-05,4.191070264145738,1552,118.74288060196793,2
-13.418341364333694,0.019551753296276484,1.1065311126572069e-11,17.210789621344087,1550,17.603487077373963,0
-11.186441504888304,0.011618355704829898,1.6274610607796298e-10,17.674938842425508,1552,25.204766023159593,0
-10.034285630016303,0.017806773825570006,3.0475740059427936e-11,17.842507902052798,1555,27.278852636367404,0
-11.404838599352257,0.015163134011884297,4.204629333566407e-11,17.095965512611052,1552,12.69318720881165,0
-16.768814493968954,0.04591089377008077,4.242653466047408e-08,9.225765147757658,1540,61.28939390706792,1
-21.584320259932408,0.05806515928750364,2.8586757516160405e-05,3.5472166355163437,1540,111.02272591237727,2
-13.635490823160483,0.011043099239489557,3.895659479606064e-11,14.929537292224191,1552,19.045710847689925,0
-13.734440878816377,0.03199880220147422,2.882853861671142e-07,10.65634002480418,1552,66.60816413924269,1
-20.168295989358143,0.09159909674195467,2.7092055216033194e-06,3.829525221503447,1540,105.90075949196184,2
-17.48638313156574,0.033173133422209025,1.6975965534558878e-07,9.15494936599976,1540,68.69311148163479,1
-9.898733405275552,0.014731206708425273,6.885564447580446e-11,15.832114466335474,1550,6.61220722886921,0
-12.061755972721764,0.014490678181229014,2.5569025911188755e-10,14.017453078601235,1552,13.898098431204346,0
-16.369882738610077,0.03936601972640446,1.8285695642299037e-08,11.583312090668485,1550,78.0709313763853,1
-16.44311831547338,0.020608106170191577,3.4399481425241803e-07,10.005049098864834,1552,50.341214450708925,1
-16.71590417097174,0.035934576979056596,7.649036251481634e-07,10.863086226571673,1552,44.19617545397245,1
-17.714912279907306,0.02116968259454685,9.427446924531273e-07,11.224239388484769,1555,60.492612450266485,1
-24.788387958511606,0.05582713469580204,0.0006800652887403453,3.41828340836172,1555,88.92000724153911,2
-13.063422254006856,0.043760576238204056,9.699179611491223e-07,12.841491573300846,1552,44.24151024114366,1
-24.92787621082383,0.07888337725413244,0.000602897265432163,4.922091033648842,1552,83.91633281197993,2
-9.269065530043694,0.013696571626437195,1.203467962883138e-10,14.201291731738657,1550,22.687378388323914,0
-13.152887989533765,0.014552321964265293,8.903067926003756e-10,17.30241369962806,1555,14.473926150560589,0
-12.794872669869942,0.015248952782381874,1.6595613641357258e-10,17.33277964694466,1552,36.826214072757374,0
-21.57705612382184,0.10535251162457754,3.1521315072594033e-06,3.5427761751980835,1540,91.64997017926679,2
-22.15132352268021,0.11343926677125472,0.00018646619375706504,7.9070516018395285,1555,118.63908006206623,2
-15.232206030813698,0.04721797138444453,1.7748861083949123e-07,9.513646885948535,1555,70.20572200464565,1
-19.00222170412338,0.09274952236308154,2.3748216178373566e-05,6.565673766861036,1552,96.75478878908882,2
-12.62793684182159,0.010897556518463962,5.963876713659544e-11,15.147467499931176,1550,14.82484098626079,0
-10.758820513089514,0.008472201438694824,2.3051862821132495e-10,17.76073276500833,1555,33.51348516484963,0
-9.940966408245568,0.010127735628758874,7.368662453323232e-11,17.393887097625058,1552,39.50188873550094,0
-17.571679029765136,0.048406021924878945,3.832196539410342e-08,9.132323458386974,1552,70.23493437349862,1
-21.136231505897758,0.06203065041457473,0.0008675885635086492,3.913693757288187,1540,117.07488811258634,2
-16.308950450051327,0.030112140862717497,1.1548956764523677e-08,8.760582015044198,1550,68.79321246999815,1
-13.311038566066092,0.04480058911014354,5.188137528006788e-07,12.533344073075952,1555,72.79919232329748,1
-13.22606982576944,0.009517633804960382,3.1474134640805515e-11,15.48922839429219,1555,7.158610426733511,0
-9.83932911021129,0.012612016006412543,1.0298447122215184e-11,15.148152532699651,1550,16.42517517761525,0
-13.931507247955427,0.006203333696835711,4.211072673684758e-11,14.062971651982707,1552,31.752368525274957,0
-16.45539825202515,0.03363523670211444,2.6847075731331597e-07,10.01215362823896,1550,48.427516681212055,1
-9.767228387672986,0.006912495900079786,1.534831661343443e-11,16.357069355026667,1540,15.198453510725624,0
-11.006537988404514,0.012532304149429803,1.895582334793631e-11,14.462950426714821,1552,35.57945077132207,0
-24.559472006860368,0.09091569265782085,0.0007064094131112685,5.745407189126606,1555,107.74344329056667,2
-10.074917280814716,0.018381270334103517,8.140842883002683e-10,17.14761354502118,1540,37.999089949464164,0
-23.960037161148612,0.08153883329154396,2.6916772665392078e-05,3.236181368448569,1540,102.30958961324447,2
-14.224063628758698,0.026436206636098598,9.01110160076968e-07,8.260445939811289,1540,48.19284988303418,1
-11.314962558243208,0.017812039964757564,1.2560117637049261e-11,17.33326828589205,1555,8.780901394574197,0
-24.715799286555804,0.07184918564433884,0.0007360927527598567,5.130557181800678,1540,87.22028479377589,2
-16.127904115488516,0.026219380197282243,7.558124371974096e-07,11.486371731879737,1550,67.95610287576572,1
-15.240493907524138,0.044996653141145024,4.0245849792279996e-07,8.500216422150055,1555,43.11480257225465,1
-13.215936473415972,0.01740953224605869,1.2129151856373169e-11,15.676731503608485,1555,23.13966617566762,0
-23.7106803213364,0.06968949150511776,3.5319608135973476e-05,6.6750690423039885,1555,115.26727983257075,2
-14.014615967186218,0.04045026945077221,2.5892752754500457e-08,8.552419100330093,1552,61.11639311775697,1
-9.686014612283858,0.008251097001361635,1.553921626765074e-11,14.094554344185346,1552,13.058615894975448,0
-9.279703301566933,0.005591402170527588,2.577213187994619e-10,17.700993269662664,1552,24.453230350301286,0
-15.3139722180685,0.04357600570117655,1.2934278049756202e-07,12.285485947799287,1550,62.68658185183483,1
-10.403231888154206,0.01835387079526703,1.4414950961304268e-11,16.925985961361448,1540,16.789417565138613,0
-9.635702892171677,0.012499384879471827,2.887343002581834e-10,16.476690941463346,1540,28.579560673975475,0
-12.521808341101819,0.013715697369258727,7.734979352197469e-10,17.247252427783113,1552,18.745728997847966,0
-16.22879900683106,0.045116297308678055,1.1384022923346957e-07,8.14905361426913,1552,47.841168068140306,1
-24.765667547952418,0.11407988339729337,0.0005094572288323375,4.893584836604125,1540,98.30268494289206,2
-9.657946060293089,0.010686914875634706,5.533142910040289e-11,16.47410823487274,1552,12.407256449945141,0
-13.126550397737685,0.027762549356054586,4.1551444614023e-08,8.80793750879034,1552,68.70813446837347,1
-12.847525813242395,0.00991349440883189,2.62897032897775e-11,15.967503837843296,1552,8.974758934213817,0
-13.300909062830623,0.03187733452288051,2.733358831738426e-07,11.061326143649381,1552,61.0699899952299,1
-14.59422963834777,0.040472184858659534,4.903470778314232e-07,8.048362694234596,1540,77.74600287244738,1
-15.22167963425607,0.0265671848777395,2.582521818549327e-08,10.728656636953163,1540,40.38330750852622,1
-12.84957045789999,0.008839711382644957,1.1588736992969327e-11,15.186869806316164,1555,32.13011272050082,0
-13.797560878358478,0.011043343684349463,7.420541877384917e-10,14.047060377467991,1555,36.30831329188404,0
-19.98828767102422,0.08380125853808829,7.592956131479565e-05,5.521862465695762,1555,115.07605871322912,2
-11.633949409593333,0.009692822847583812,1.741987994413438e-11,16.924094685833126,1552,37.35386683817856,0
-23.907903287835236,0.11086198584606344,2.1306815318971928e-06,6.870106528835113,1555,102.6116963807159,2
-13.021258864702352,0.04691486584482845,3.8460541103444314e-08,10.705354603993081,1552,45.03589414819948,1
-19.43518455376826,0.05135937873381764,3.2851889690409704e-05,6.867132783635731,1552,114.85150542938665,2
-12.806170529980132,0.017533471978568523,3.696912483787164e-10,17.296719998501434,1552,29.33303795117075,0
-13.59523131942156,0.018149207405238375,2.8690598568680666e-10,15.205852237835202,1540,16.47433695975119,0
-13.278439781562593,0.006403391103685033,1.0797994481938048e-11,17.494137056980858,1552,20.7386942014302,0
-9.0270900548237,0.008027627530456372,3.28252360868281e-11,14.454162569305147,1552,8.430268967325937,0
-15.37412105032888,0.045042138643309027,1.1648417399469676e-08,9.341891826385739,1552,54.212144040049196,1
-15.372251649248852,0.03585056367653708,8.374037822331969e-07,9.604406995183217,1552,51.77286976924944,1
-22.517073693130538,0.11427596389876248,0.0009764776884276173,7.726839874060013,1552,90.09446726982078,2
-23.146661008770845,0.09944713441908992,0.00036680349826208694,3.1145293329859194,1552,108.14429641844623,2
-13.378270792845647,0.018127004279317283,8.747430471658454e-10,14.708614092890503,1550,26.11669686742122,0
-19.53448507814145,0.06978135827762727,4.918416569842314e-05,5.021630614247394,1552,110.62987040137237,2
-11.47998118201837,0.01923801039771337,4.630882948020297e-10,15.449725290463316,1550,18.059291644783425,0
-24.575505457838272,0.07925959805160111,0.00010149690093488378,5.967980674741105,1555,86.84489687922266,2
-22.801897028286156,0.05829786558829538,2.315577639987853e-05,5.760021399426588,1540,100.87251514990082,2
-12.30398284364041,0.009840255606167303,1.9490036288434105e-10,17.405937797255977,1550,16.930905542232498,0
-20.146287306692816,0.05751417038175369,1.3932709973387888e-06,6.9245607722536455,1540,91.54608193251863,2
-17.363742601080222,0.021849986219222125,9.82105759205499e-07,9.935383843007907,1555,57.86886223959495,1
-9.941238915671452,0.01612568092269395,5.792973733826117e-10,15.11160838899547,1552,19.052301055145087,0
-11.92101249656275,0.015794807249157956,5.524884833628822e-11,17.479052706726844,1550,35.80548582725198,0
-23.992105131496338,0.10070821002225236,1.3363514980295043e-06,5.426194845151572,1550,88.84422438152275,2
-10.581229472114787,0.013176582923910496,9.141840589005312e-10,14.909637983445515,1555,30.29850061229693,0
-10.554283215098312,0.012718566744017008,2.5136709290776187e-11,15.278357705039994,1550,32.265188787341316,0
-22.354260958464856,0.11409063847430923,0.0004104344133961089,5.131235554782465,1540,86.2980533458506,2
-11.023935829365627,0.007257084065089962,8.632821535018837e-10,15.786858109034082,1550,11.628769625969614,0
-18.615523580781772,0.10205943133883508,1.531210893127332e-05,3.47631032812728,1540,92.48754947089202,2
-12.664858649152894,0.01817944979532737,3.9341602243602553e-10,16.6338073386337,1540,10.506923089588408,0
-22.63509863343202,0.07992655081921775,1.5325431762930722e-06,7.0748366900992306,1540,116.74763706732772,2
-14.932079075720617,0.02156471692559988,1.579743920125192e-08,11.508773861292491,1540,63.19582392911137,1
-13.447629434343026,0.010319332364611647,3.753859236852756e-11,15.18523248182396,1550,25.618798706481318,0
-10.421822247211189,0.01700081611927057,4.9228259535113036e-11,14.690436451609099,1550,37.95721982256791,0
-16.464587934583292,0.025600828923842363,4.7550526800702353e-07,11.708916654448515,1552,60.569419314122115,1
-14.05656785384288,0.030543250204120506,2.158739188522519e-08,8.166966024329287,1540,73.53650924669483,1
-12.468660564976926,0.008976219265078588,2.468225873796353e-10,14.771482274758457,1552,14.061649617759887,0
-24.76165432912506,0.0724920791218425,2.65189057951614e-05,6.679143485252892,1540,88.203393278879,2
-15.417437686877127,0.03452759168690065,7.691004709894098e-08,9.511718809195045,1552,53.2086090064011,1
-13.9435557302698,0.026493292502350146,4.0351499926995254e-07,9.99819241246968,1555,63.92995171516729,1
-10.162505847046473,0.009612946932356845,9.640709103634058e-11,17.186034078894835,1552,11.868600084715798,0
-15.593782723115817,0.04224184916839249,4.536435126970021e-08,10.466322170525533,1555,52.95584111084205,1
-17.30180800385044,0.03537751900802699,4.3889286224867893e-08,10.115864197633774,1540,40.26004587313662,1
-13.657796453786869,0.018460959774823794,1.732854197500049e-11,15.311371351543272,1552,26.494661166563134,0
-13.626367473893959,0.04354511749347906,1.6758197202138007e-08,9.90535338217211,1552,77.70592433731004,1
-15.121249582398448,0.04466548717450202,3.6083138237454073e-07,12.44998741290566,1540,51.62665046397509,1
-15.444197019793416,0.024810773168117008,6.150788003288025e-07,9.464528377416798,1550,52.61301421520584,1
-14.287723661525733,0.022481954219630156,1.1136386494034805e-07,12.419845647236489,1550,65.39980280883694,1
-12.495238617942059,0.013090689770422145,3.5742242082013564e-10,15.284963511154348,1540,9.1292649802959,0
-11.015785755415553,0.010013658362254412,3.4819650491289275e-10,14.426393012535087,1540,17.30390563969766,0
-9.168871371470898,0.017024292289730503,1.823203881502215e-10,15.171700813612492,1540,36.07130336350908,0
-24.519753544220254,0.07578507730973384,0.0007709358986070287,3.0741592122729045,1555,115.36954980338623,2
-10.279145014085906,0.018455710823152862,7.117322762777879e-10,15.515398447688757,1555,10.232802383224366,0
-10.16942033602207,0.017688821595165983,1.6873618603693533e-10,14.354418855878716,1540,30.31023202626203,0
-15.683716978027487,0.022702215888406735,9.842894700248312e-07,10.757653264661414,1550,59.87998795710277,1
-16.88045934229443,0.033732481021465976,1.696179939354573e-08,11.016411597252942,1540,52.36537169014616,1
-11.836993370215364,0.012548958513512216,1.8850726494997697e-10,15.184255362850344,1552,17.196729152847936,0
-10.39303274446856,0.017943207543686186,1.0097356418692526e-11,16.870288498926378,1552,7.083364512172009,0
-13.530890638022784,0.012688758546987658,1.3439700280406377e-10,15.976630414207218,1552,12.351656805222436,0
-12.918864954361101,0.015368177140798106,1.6072339964811955e-10,16.47596625879435,1552,34.65857756999808,0
-15.873459248494234,0.03812216301797191,1.285521431483559e-08,12.211050401051299,1552,75.84908229232434,1
-21.229494768696615,0.07571047087471117,2.7588219341898297e-06,6.702977434436016,1555,115.48787066888625,2
-17.954983250382867,0.03186801424567545,1.4949945875237024e-07,10.849723582078806,1552,48.309203288071124,1
-13.829788660366649,0.020394001211298012,5.1159140629060936e-08,11.714083452886658,1555,66.67676078299877,1
-11.451717745981197,0.018632981094785055,3.7186026020006533e-10,15.94962521240323,1555,37.44176467510525,0
-18.139017981456618,0.11986110710771213,0.0004526580449924146,3.39751791603069,1555,103.79080669108629,2
-17.06410695505755,0.044018709692384465,8.796563033593262e-07,9.07379699981236,1550,50.008284287135325,1
-13.693506027753882,0.012883690610933626,9.846693613827521e-11,14.576671263272198,1555,21.864303875169036,0
-18.681149154542787,0.0903316671888807,2.1877776099542736e-05,6.329253047464974,1552,105.77091463878708,2
-9.119647069840479,0.00885247361850588,8.170608808492801e-11,14.120080902869345,1550,23.11013959345371,0
-9.260815500765002,0.010506992529653977,6.536780326879702e-10,15.218543329174306,1540,35.44670768616123,0
-22.24570479085626,0.09956296359038652,1.6210861419087432e-06,7.643862127919405,1550,117.4707253348841,2
-11.236188159832084,0.008243757922797933,2.613224585834385e-11,15.185568027501134,1552,10.38649666428208,0
-15.810346180763146,0.04527434114604695,1.5605684077685474e-07,11.622291885046696,1550,40.17495929132038,1
-11.74967914792121,0.008070791809249984,1.3584270818984672e-10,16.598171834414643,1550,6.848906286801087,0
-12.191963407873052,0.011096278115032068,4.1566081888879175e-10,15.517133566910179,1552,26.987230898256538,0
-13.141450055131559,0.012947508334431056,3.801673235378228e-11,16.51562057969446,1552,39.47326107265754,0
-12.650896399358928,0.017375741152700932,9.919992973289812e-11,14.308233116537325,1550,29.339547691481865,0
-14.893691220372254,0.03619732597205019,2.6333414045006423e-07,9.595661216585302,1550,66.40477777052521,1
-12.204996159603681,0.01712536733747111,5.971960802367016e-11,17.18386035840243,1540,31.487622801583896,0
-16.437206482648687,0.03733374364881471,2.8880888772522346e-07,9.992438445696674,1550,74.48025889074353,1
-23.64272859931635,0.0857215084947858,2.1480772286846213e-05,5.119367530453484,1555,100.10848432245311,2
-13.901371267684123,0.007027745812571451,2.4569307703237243e-10,14.48100394628294,1550,18.2228888368294,0
-9.523269554234155,0.014996945712902537,3.756419215880604e-10,15.81738169227062,1540,35.58030220637788,0
-20.061022585471033,0.09013280347223444,1.295560926365555e-06,4.872389491272938,1550,80.26034587538437,2
-13.165056842820384,0.04301610151867053,9.57965133367529e-07,8.269523081992388,1552,58.70929084457882,1
-13.054913586267514,0.012041522932310658,2.758327523357114e-10,16.117742962165106,1550,13.896220000698012,0
-18.92019082755906,0.0567236903712688,1.0953177188041797e-06,5.346987886693194,1540,84.89217265174895,2
-14.012555111434914,0.037874225971699094,4.256887718660899e-08,10.805550543842003,1552,51.9786685179034,1
-19.354160953872594,0.050281722811782247,3.909822193294365e-06,5.48092967194418,1550,105.64345135838633,2
-11.93133551209835,0.009488726288902407,3.1348108104816294e-10,14.833110700614183,1555,34.98001960391675,0
-15.250973703136527,0.04689744007891966,3.979477897805451e-08,8.909134981205758,1552,71.94818295370555,1
-21.76012208468585,0.08520216397499676,4.077173113018412e-06,7.518709746546638,1540,104.03718402414842,2
-13.110001032193551,0.03536235361813037,4.5869259981810645e-07,10.136408540636639,1552,47.548246459170684,1
-9.863217225869272,0.013772579475333231,4.7322200553017397e-11,17.211404835982183,1552,27.45265684396881,0
-24.09290824012666,0.07359124685125513,0.0002056519793374383,3.533065431556054,1540,112.87609756245149,2
-12.433161527713608,0.009426632902764279,2.9295687793414697e-10,17.48510795248463,1550,10.709013629083756,0
-9.96621218105437,0.01763023492260116,9.234788344882926e-11,17.109821868729544,1552,24.18508209548077,0
-17.442450478152157,0.023490206697323185,7.891622080223838e-07,9.06781504228938,1552,60.53560294112724,1
-23.66275165567946,0.09427736381631077,4.5347903888613966e-05,5.928801791854456,1540,116.09181154961689,2
-9.754338760057447,0.01812052976490068,2.1934147317189943e-11,14.544934606182903,1550,5.757676590553677,0
-16.500283715931044,0.04986046389281659,4.497735322894384e-08,12.682281951775526,1552,79.41378874749242,1
-12.439679776739897,0.017035940458304488,5.282458479972389e-10,14.549200130862282,1550,7.948938209628995,0
-11.408172683323397,0.0060934767780748255,1.7933531040617217e-10,15.01279562805124,1552,9.180710938750002,0
-24.91565017572626,0.11196518505326614,2.623239728711128e-06,6.317943894989165,1550,80.78117121187677,2
-14.830922968850276,0.03707200994726269,5.8234137470390726e-08,9.629150099686973,1552,43.626483540373535,1
-9.155926547110978,0.012263197090214624,1.3403026391749123e-11,16.206751871225848,1550,6.735772787703015,0
-10.87079402508812,0.005817639161205794,4.708466390744331e-10,16.04775452272771,1550,5.350364369569775,0
-23.830042475709647,0.067702739144326,0.0002232678152258802,6.7106639281231875,1540,104.82210634379524,2
-23.26357811340925,0.05270690308131671,9.046189649804615e-06,6.963124507254143,1540,108.11683992247872,2
-15.7624551715683,0.03986519036970718,2.590403340193011e-07,12.465149790429841,1555,40.88638142178086,1
-22.580081066044915,0.106448521800457,3.320986335740962e-06,3.5483211074639915,1540,89.37605814894943,2
-16.731939721540268,0.03989070314973205,2.22550681056503e-07,9.566622831504125,1550,65.24056774018125,1
-24.128112281203574,0.09576127500883004,7.712083353619673e-06,6.801356217014169,1555,119.21919396042188,2
-18.12477321548363,0.07216936332429552,5.666417484466873e-05,4.36115971009532,1550,96.49090089897518,2
-11.05064576219728,0.019683392874125134,9.407718327908912e-11,17.624395150874214,1552,32.8183956239577,0
-24.551244016334888,0.07030647984314244,8.535777285432146e-05,4.47351588308283,1552,101.15373496875037,2
-12.87524978061483,0.018167482518351836,9.199130246524069e-11,16.25237711148997,1540,19.32003257711678,0
-16.12584715206235,0.027326134195638466,7.267928788119165e-08,10.366729404638091,1550,42.11298577936547,1
-23.49748700207171,0.11927075346231447,3.991178213274683e-05,4.44488498124016,1550,116.82069071388838,2
-12.650443888039025,0.013097641683622901,2.108762916775631e-11,17.366118641240174,1540,22.37281865204327,0
-11.683044955976769,0.013991458130414323,2.2006289468805553e-11,16.966551274470483,1550,37.24967672067147,0
-15.158474477025816,0.043943751440192885,1.1248159401421616e-07,8.455331779937364,1555,72.42688227049646,1
-13.312381125914923,0.010112235496847699,2.136236595873138e-11,14.68232764622836,1540,27.095764358219604,0
-17.093435238224128,0.04074039023982612,1.4498234124793482e-08,8.214205119869735,1555,46.548232725536764,1
-22.03287679595875,0.09587849862502106,6.599167750426519e-06,3.25488381734338,1552,86.25139738787102,2
-9.800011196978282,0.010089842534835667,2.6169668754667885e-10,17.975135901512687,1550,16.21404501490752,0
-15.99702312947364,0.025770294694250642,3.478928606582957e-08,12.270004117481845,1552,75.67471935004325,1
-12.048371103692226,0.01863593814345097,1.1435300193893716e-11,17.076430974029197,1552,25.355609324741437,0
-17.696094156852983,0.04694839122631385,4.063374941205205e-08,10.500740415821996,1550,70.81751232499914,1
-16.08113034822188,0.0242464655296347,2.6349676937534e-07,11.305652934128585,1540,73.39447672265582,1
-23.999017141631928,0.096738843319453,8.788058003504093e-05,7.051242222120085,1550,118.25840228303676,2
-17.632776544971193,0.02851752198993292,3.061929491139831e-08,9.242746553755898,1540,75.66322231832439,1
-10.422185863338838,0.015823647891275404,3.6710831401116555e-11,17.3412258434338,1555,21.276236365573546,0
-22.362625818569118,0.05543983829822234,1.596643406880863e-05,5.969903766035724,1550,105.22861684797721,2
-16.76982386892885,0.046318406940541006,1.6135510445589308e-08,8.161842670027601,1540,55.0999083655009,1
-14.731002453331916,0.049851582574377426,7.50989613315812e-07,8.021408789180517,1555,49.43344207599485,1
-16.22664586694845,0.046622224219068906,8.946718637416702e-07,10.789269245650978,1550,77.07265415713593,1
-14.99887294569752,0.03229240660572155,6.398900107574919e-07,12.559920980538472,1552,69.06282833311175,1
-13.512500612993978,0.03523550218152685,2.3793376913331886e-07,12.895146797125696,1552,42.52897357002534,1
-13.87492424054573,0.01405816984436132,1.9526882486683232e-11,17.19416366112835,1540,12.347614108571953,0
-16.78788952496963,0.025057460104928583,6.14726005772907e-08,11.83336242668077,1552,42.50886363605554,1
-22.35084081261211,0.07300411808208518,2.7508096817927426e-05,7.3355087546893545,1552,101.16338256030195,2
-19.108548326882914,0.0988552620089319,0.0001001072695085264,3.773250310023068,1552,106.08676508367027,2
-10.560579450600425,0.010628898566639995,1.1950644698279654e-10,16.09663668290465,1550,31.634676600983283,0
-9.85218642158475,0.015640832327365795,1.6248106416043272e-11,17.355415447616274,1552,29.697238872914355,0
-9.610836982120928,0.01842659338595138,2.082040024992935e-10,15.379147714618146,1552,15.891776086413056,0
-16.920668011702556,0.04128172235753387,7.414611369390193e-07,10.825987605888756,1555,43.0634537544646,1
-13.691790582815882,0.019378184102361307,1.9225003233512294e-11,15.218891224211914,1540,26.83202667277985,0
-13.364094053915565,0.010978388362161914,2.189300026347583e-11,15.018882001830196,1552,22.165626097234142,0
-9.543430321967723,0.011169954354968552,1.9518661832405337e-11,16.097259753360483,1540,12.041133130110781,0
-14.385424735385323,0.040684216982202925,8.636073551270654e-07,11.994366555920124,1552,61.84098373283001,1
-23.789386106903887,0.05051809376473038,3.193420629772273e-05,3.8060764937984652,1555,93.54054755082629,2
-14.430286443963112,0.043777734205896326,9.731971569111135e-08,12.284919028556878,1540,54.74394780744636,1
-22.756430313882703,0.06356169580255341,7.337004061457836e-05,4.784275765689784,1555,93.90611790333188,2
-9.506661492236681,0.011847632830122995,1.990089081752138e-11,17.71974237629634,1540,20.640596832015362,0
-12.697220170067755,0.01320374439173332,2.3675784875264698e-11,14.13049688562552,1552,35.056294071681215,0
-23.7319317488652,0.1138732490003544,1.474627369759386e-06,7.741097237475163,1555,112.92883911809744,2
-22.67919057413219,0.06561342778254167,6.752602528681893e-06,3.2505271325248595,1555,95.8215499095095,2
-17.527669410308835,0.02572251209370144,1.0335913752088665e-08,8.906565407423312,1555,43.09086905068708,1
-18.269382353612265,0.1183346724057503,0.00013231785118174007,6.773031828181768,1540,80.37423871629707,2
-12.392290838010643,0.019973510387430806,9.824882979072685e-10,14.764842070986967,1552,7.344688303854666,0
-14.98177737747006,0.046865603611424785,5.400913797949439e-07,12.452111018895826,1552,46.96728826611712,1
-17.588162764235122,0.045709645634053206,1.530660588651648e-07,8.418138315899704,1540,79.35356034163098,1
-9.62551382701037,0.016576744086025216,6.851962344348527e-11,16.993625377620152,1540,6.633968696474581,0
-9.353695124010539,0.009551798246744094,5.344063561346145e-10,17.126092518132268,1552,39.54788274020896,0
-14.34047900493484,0.03682781738132784,2.8109326821229113e-08,10.551134135995975,1550,65.45392501068227,1
-9.83311187784168,0.010220404447830789,6.085634057649713e-10,15.881893278708628,1552,10.548765547497323,0
-13.465635840904735,0.03453418427099578,8.33017201565895e-08,10.832333029898171,1540,58.63775803719939,1
-16.513497003871805,0.034116244581379254,1.536129578914852e-08,8.22965016114545,1540,74.71855079744608,1
-14.158761111768419,0.044089760536014586,5.736498042705767e-07,12.68841051079735,1540,44.294158985843985,1
-10.095020531925043,0.016779032172740228,1.5929619097294418e-10,17.961447127993488,1555,14.671168796304876,0
-16.34836155316723,0.025407009554553835,1.0490380599631469e-07,10.52531892089998,1540,79.26014757212879,1
-16.205147851564956,0.03617267015620382,3.922344373512933e-07,12.212154010752236,1550,78.13288641865424,1
-13.679968266956894,0.017371148560205114,3.843848133666211e-11,15.77567781802551,1540,12.03845546049336,0
-16.165658028568853,0.04282493090058352,9.348583045868105e-08,9.005417442030229,1540,78.34295372517433,1
-11.6720099093377,0.013139669520613649,3.741816659607165e-11,16.363333042276043,1550,13.758797618055242,0
-13.072403215485673,0.03101347302021606,3.607068367149186e-07,9.628232460937266,1550,75.42339157714356,1
-10.249693379278263,0.006488433441240149,4.765388760363269e-10,17.725688776344878,1540,13.851913194470049,0
-14.73967090157361,0.033752414953765936,7.343651930540521e-07,12.15373277360278,1552,69.25793042834799,1
-9.95558269181836,0.006146252891570772,3.6202238724359065e-11,17.721275539351296,1555,36.56166972473982,0
-23.97381110506001,0.09592497818840443,4.7239699966804624e-05,7.21320156107434,1552,118.87290801047845,2
-18.60506210912488,0.09771392488518438,0.0001252324806438294,7.927408752858009,1550,106.37754244464415,2
-19.275053824776535,0.08596085678103066,6.585888172944852e-06,4.050528211431848,1540,101.71421404125356,2
-9.003418659051437,0.00902017250779396,4.5457297124830835e-11,16.637312511936006,1540,7.15400619471929,0
-20.382647156332705,0.07704552373847218,0.0009975070226626713,3.9767962904306793,1552,118.68465310040992,2
-19.339770234783156,0.08967598906632977,5.135492843153554e-06,3.071851029633745,1552,98.40508866667177,2
-24.883561413331627,0.11184399034855877,5.805015857551139e-05,3.225733311323821,1552,95.46169000691202,2
-13.57581142957404,0.019799593677517633,5.60456088550645e-11,15.482568588267563,1555,13.283981778872755,0
-24.55418931859749,0.06400504005711523,7.617954476654985e-05,4.521821973335138,1555,101.96211759430676,2
-13.222929176269517,0.032409342645361945,8.032327166514835e-07,12.118988077175171,1552,55.268392763741666,1
-9.795456447985465,0.00831858044669096,5.780728163647766e-11,17.233622955574763,1550,31.665926415185538,0
-13.493383129186142,0.036224368474473065,2.739230214320211e-07,9.126444459312722,1552,77.95526499597855,1
-14.340289724611193,0.022310967444612834,3.9168708850868215e-07,12.5971065799735,1552,41.51928883840781,1
-19.412933148826863,0.10461592948466023,0.00010233008609743439,3.4896272499278886,1540,83.80375199210917,2
-13.393140377256902,0.019789012529373765,3.642203013609412e-10,15.560954198335981,1552,22.264828956849602,0
-11.931672382083965,0.016252412494319014,2.436698000117109e-10,17.962570948688715,1555,24.650343227659352,0
-13.897991946558967,0.01406733473387689,3.5813840716652303e-11,17.449339665758927,1552,20.067275420102852,0
-10.386465211508858,0.015387986473056621,1.8572495372661328e-11,15.197582353486725,1555,33.69292317446546,0
-18.520733861501437,0.11784721539477631,5.102338438116399e-06,7.046266138253275,1555,101.95095595731053,2
-14.456576405949523,0.030445969466409813,1.5946705294800658e-08,9.93332278401002,1540,50.742164248387176,1
-15.191919201042726,0.04144567922601228,2.858965961525288e-07,11.332692276488444,1555,69.28393479290767,1
-10.186732550442578,0.008021922436897406,2.940281092796975e-11,16.085071015296265,1552,12.41297510035417,0
-16.968540924638184,0.024078439441166048,7.067646391905478e-08,8.677705065454184,1552,46.54567365311695,1
-23.70868752813433,0.08658122097201187,0.000104559479896145,3.37707526133264,1552,87.18315042442131,2
-16.9042751588371,0.04587854305278292,6.130769900811958e-07,9.280655454810576,1550,74.45994491416089,1
-17.922924169617303,0.04450581441623068,3.990740738932434e-08,8.748367322918005,1550,43.43369110482329,1
-23.97849714285367,0.09403328955109352,2.245959823127991e-05,3.844785205506593,1552,92.62552508802615,2
-15.743923433608018,0.024472692463047434,9.333997710267329e-07,12.446427310371316,1555,57.07546782836664,1
-14.575316258793453,0.04891325546621686,7.272560442431596e-07,10.850634874144573,1552,63.54574678864246,1
-10.66481571437323,0.018673653308945787,4.911796188909164e-11,16.486029244552338,1552,28.14725489569484,0
-21.042203374107295,0.09227009937065127,0.0006414704355092402,6.307465102071587,1540,104.91941528972337,2
-15.950360333244637,0.029377407765792823,6.639685577279665e-07,12.845009370710766,1552,64.47655567234769,1
-15.200794522080042,0.027407494853263714,9.000998008266569e-07,11.982904700075736,1555,40.04514490107931,1
-20.82152404989242,0.06115983448218114,8.0112520926336e-05,5.150822262572499,1540,114.68905435197487,2
-14.300343742647959,0.03985464793967321,4.5139205395922315e-07,11.427033115201606,1555,48.967627953575956,1
-14.021361425150808,0.032911778540482266,8.084920662345548e-08,12.396632495079118,1552,61.16494156083133,1
-13.072635452116387,0.010759458348795886,7.331280206460391e-10,14.280118822989884,1550,17.274913540809855,0
-13.234087015445574,0.04956426197013297,6.981339550072441e-08,12.751921471895589,1550,44.87401001033692,1
-19.633035164640287,0.10502302468137752,2.3943105097138733e-05,3.0972462124601563,1540,99.47317711749685,2
-11.225921957288872,0.006365031365769954,2.8365736568411696e-10,16.189785227596445,1540,32.42785544594001,0
-13.242972421449208,0.024534019995466817,9.895887580264428e-08,10.902835117953938,1550,50.47125930768351,1
-17.58048729085901,0.03549960467783729,2.8191403072076264e-08,10.053885447621454,1555,45.066338636730464,1
-19.925138278008156,0.10526950192056747,1.8523736670872411e-06,5.890460603966126,1550,102.18985215327703,2
-22.013393714076756,0.0812607243966853,0.00028440848556301774,5.202704438612189,1555,107.02954658614168,2
-10.574969566684107,0.015616298114080971,5.247891380650734e-11,14.306893597824091,1552,7.851586419952966,0
-9.128475184447613,0.019794922603401894,1.0597663023838491e-10,17.73707916585551,1540,38.76416675899613,0
-10.655058726428857,0.013710299321546819,5.553484104252286e-11,17.760533769831113,1540,5.177155434617654,0
-21.390520181861085,0.06055117589931564,1.3598258114652513e-06,6.4913461597385425,1550,88.20780738016933,2
-14.95547569484981,0.04063319106636445,8.759380146031609e-08,12.38176056513596,1550,50.176819647821375,1
-16.777802770141534,0.03850189806126217,4.339156478496566e-08,11.385814382362366,1552,57.811790895008414,1
-13.225803951617202,0.022291766513961184,1.5545715360223635e-08,10.474712709509845,1552,40.5463134570432,1
-15.49788378183733,0.020428134036909337,6.423977520883723e-07,8.221721062811696,1540,71.29766540800773,1
-10.807724646739281,0.009302236208105469,3.8660261164136125e-11,15.598394046483472,1550,37.3476452194931,0
-18.670527804752453,0.05933943872508093,0.000567589931512239,4.726926174358606,1540,84.63408153205471,2
-24.12036215271946,0.059732391117286426,3.5368997013105532e-06,7.016887857189606,1550,111.72700826736866,2
-18.81392393632612,0.08894127030284146,7.599476001673447e-05,3.349184765547848,1540,84.41471474756909,2
-13.718779791541898,0.04881802430037564,2.3813250084483436e-07,9.8218414705004,1550,75.44203360760304,1
-24.232021817979547,0.08612862101218662,1.5290074447960354e-05,5.592737155220064,1540,102.9589884187324,2
-10.690804050753107,0.013366751260550373,2.8926841801636787e-10,15.860822449134872,1555,25.316625235083613,0
-21.629464347756574,0.07132282702596551,0.00021865728414694694,7.629669261865493,1540,93.64176540760836,2
-15.431626038916573,0.037643108956655916,5.528044276936615e-08,11.349176147769558,1550,63.11286025086456,1
-14.922457223674785,0.023026460841603792,1.4952589563322828e-07,10.260913426808472,1550,47.00699454816724,1
-10.124590998304404,0.014329051006350638,1.6352561519080318e-10,17.397879606334648,1552,33.94037465106767,0
-20.137223077952868,0.11915666577445953,3.395765957621021e-05,5.135873948365047,1540,105.75871064569392,2
-17.780764906445185,0.027031147592114172,6.21000534456879e-08,10.248889707828516,1540,57.74361865520607,1
-19.224119068668806,0.11441257775670431,1.3182970088019218e-06,6.7204326808156045,1555,97.24653972539207,2
-11.393829337573328,0.017335901282255872,7.273177441916589e-11,17.58685715936049,1540,36.43106921324954,0
-15.984822555326573,0.048395072642096304,3.112021521093189e-08,12.015472879403177,1555,64.56124793794602,1
-13.217255456353968,0.026043394449373813,5.34458583402342e-07,9.606761529076127,1550,50.81736479928752,1
-19.267873806927412,0.0958394252943186,6.9271469997874095e-06,6.986498290909968,1555,95.61913762104427,2
-20.00259680808246,0.09560838991435548,3.196970641631265e-06,4.594996377949293,1555,87.59726668790289,2
-23.66934137218343,0.08328386643283008,1.6110286001285594e-06,6.506395030648534,1550,111.72257974635804,2
-13.37137865503887,0.016056448256480768,8.89577157649155e-10,14.208794516179886,1555,29.96224091489162,0
-13.61576112922944,0.03630631743948326,2.995882848802648e-08,12.255459411160722,1555,48.35361665691168,1
-14.244634302817914,0.022052314549394877,5.128873858691296e-07,11.985128716712037,1555,70.48803091704329,1
-11.326695384622381,0.017881421447580557,4.4850024563152006e-11,17.816169060312344,1555,33.660424468216505,0
-10.675027418811132,0.012470605895853033,3.059496423236758e-10,15.308178576607272,1555,31.193452238668097,0
-9.040186263806785,0.009411011932651668,2.6341294422768444e-11,17.06145345543216,1550,26.08644407462093,0
-24.45539920674531,0.055691565131232294,0.00021613360178542035,4.751284474017263,1555,107.14814059356587,2
-17.304704371030354,0.026569406896746726,1.4306260705181006e-07,8.325672507219805,1540,57.322980205782606,1
-20.203524775630715,0.11402828748011343,4.2026332326615845e-05,5.515970362894828,1540,101.72096917187983,2
-13.547244256152672,0.03288699898421386,1.1682957248217238e-07,12.776430980009112,1552,76.6396800544831,1
-13.58797014069026,0.013999517873915991,9.360385402812671e-11,16.183694133236,1540,35.05443424356009,0
-10.008534013954066,0.009893808770617202,3.969782815456039e-11,14.930023968831325,1555,33.931642092587104,0
-14.92794995341417,0.047397368584649484,2.9102942705376994e-08,8.605692869244507,1550,63.06693271036805,1
-11.177707287386793,0.01068158938926934,4.7303542722888366e-11,17.598589588580047,1555,24.977240663411916,0
-14.858318173506731,0.03747111689475046,9.414718363966609e-07,12.43466198158586,1555,73.8315386687475,1
-10.02169884669279,0.006162244606885789,3.669675550863496e-11,16.341187313337244,1552,5.257356559404944,0
-17.69107827885615,0.034092558358983234,3.4097687434266667e-08,12.739847827722487,1552,51.805041760243085,1
-24.06037561827973,0.0516478198995713,2.239264036831345e-06,7.598732167835531,1552,89.03303334476739,2
-9.311692696917039,0.010278946560976651,7.803663120893912e-11,16.686640923991597,1550,8.565756744884478,0
-10.19055052811258,0.01839956740682184,7.339725908462959e-11,16.142169892391195,1550,13.780571510063869,0
-11.43704537366352,0.009959012149550028,5.260450922249739e-10,15.895040614954882,1550,38.90420075745651,0
-11.317371958032759,0.01789911071275114,2.667292474734647e-11,16.43111375442755,1540,38.68183201184224,0
-21.121985428200826,0.10374400991354306,0.00011467956751478064,5.835124563613053,1555,89.40938319882586,2
-10.599207266205607,0.005872006865402429,7.214939693733762e-10,14.890084176709786,1552,17.25249592962335,0
-20.62315880719666,0.05614142650666243,1.0381172005419108e-05,3.7496534477000534,1540,106.75994708452016,2
-16.26818248445753,0.03798137666783305,7.486691428779506e-07,8.835208906690763,1555,44.32603024094663,1
-13.54111196764412,0.015214299371053643,5.736525477207659e-10,16.05690804506391,1552,27.756550825597866,0
-11.113751346156935,0.01607103685007776,4.096300061560775e-10,17.3749493056269,1552,27.19497484035079,0
-13.173488569310194,0.017813911834960037,9.583629450092867e-11,15.626227135232417,1555,14.999764868131162,0
-20.09594233899525,0.09252032232192459,1.1464273231525223e-06,3.9891349480233673,1550,85.09662075206214,2
-15.816467071552538,0.04565691090032206,2.2662708657354214e-08,10.660402853414485,1550,69.91569016104333,1
-10.21634916465716,0.01163440708176703,2.5989265157580196e-10,15.556921886767153,1555,24.931956946028883,0
-12.627466632464609,0.014369959614255752,1.4532102382721781e-11,15.808809916414155,1540,20.54641924074283,0
-23.634811104846868,0.1055336055349569,0.00012930263844092142,6.958366802888373,1540,114.17681637525578,2
-13.423740579846207,0.032127881451954596,6.128474279843853e-08,9.513776853089766,1552,47.48170740954858,1
-21.411369882428918,0.05761896259792823,1.6322745343694025e-06,5.147727243593014,1555,108.84965099971437,2
-17.343565644586803,0.04821744610205894,6.306466705729916e-07,9.740380389505178,1540,61.53010985379062,1
-13.025016312394902,0.009702160397696755,1.7422629210838096e-10,16.553400260522924,1550,37.66175209671564,0
-21.747477992014478,0.11760086363882517,7.840552373663119e-06,4.115766255208704,1555,116.63498269283797,2
-15.928084153218617,0.03887339430441292,3.6682421847650246e-07,11.425225878543099,1555,61.8213710633046,1
-16.538865725481962,0.03591815216098246,1.74940568667847e-08,8.017212494722049,1540,73.34788867976104,1
-17.65746597204497,0.046913998977381965,2.516136451729032e-08,9.53877022032197,1540,50.599230916675324,1
-11.20191572177638,0.009190177863968398,4.98586865165581e-11,17.69267484701672,1555,32.39970162953301,0
-9.689235208534392,0.018336958035572875,8.623793856685535e-11,16.62977730870986,1540,38.63164539451358,0
-18.33920497271151,0.05413975884109146,0.0008938947852146987,7.288835464332043,1555,110.50304792374239,2
-19.739054577561635,0.06111964533117592,1.0593076773578226e-05,3.8028118890408815,1550,91.22232468691358,2
-12.653783845253095,0.01065926244656934,1.0968377660375012e-11,15.288316662332713,1552,8.122151504921966,0
-12.313346955771173,0.017412855409307256,1.0027574047615343e-11,15.231276600104476,1540,9.795731851271224,0
-18.330226981447048,0.09375092743812322,0.0001417804791362323,5.156184956953036,1552,87.39700306836676,2
-13.344857018612187,0.03658840680733677,2.472168365467379e-07,10.98369431389954,1555,50.92093407008488,1
-13.724811455536418,0.007810256264936405,6.590549042298868e-10,16.07999249614769,1555,10.983071274865502,0
-21.09197877493808,0.07872195393500565,0.0005765776900656822,7.4003134909907695,1550,114.6939475414943,2
-20.65377206780454,0.07871048039220478,2.730539417349582e-06,6.447986451638665,1540,86.75474768598932,2
-15.86346978382755,0.0491812992068416,1.319426214589552e-07,9.26983199156111,1555,53.65338403324873,1
-13.229346984712123,0.047070381692827595,3.8061767478692877e-07,10.036657949237963,1550,54.27185022619739,1
-20.33998625462023,0.06024680335999119,0.00010566547514293616,3.178507144285817,1555,84.5153527396739,2
-15.853394165311474,0.021630985353205512,2.172907226595569e-08,10.279622121597086,1540,51.95212256333099,1
-16.224526168184052,0.03486984032105265,5.503742024226881e-07,11.87930719329326,1540,42.092230883332846,1
-23.609375553800774,0.059843144981759876,2.342819427792485e-06,7.315039407496005,1540,118.86866956264205,2
-11.074607788968985,0.008394128762248997,6.185800742988247e-10,17.134000323381027,1555,6.135520611651543,0
-23.539097087007335,0.07839173473050645,1.0080451908216502e-05,4.720068541355946,1550,101.35404157169549,2
-15.546951558441304,0.026500599311161784,2.1849770489738333e-08,8.000788722890285,1552,73.9865351054362,1
-17.39327921529819,0.021757929076288256,8.026901233440652e-07,11.062708867105478,1555,70.87272848410564,1
-15.591472600779955,0.04253690566724247,3.662583555897249e-08,9.095334109297998,1555,57.853349617633114,1
-24.779027525130832,0.09255328870080035,5.086289161024897e-05,3.485178892549625,1555,99.05221074779448,2
-20.30358251162556,0.09211811446995473,1.778334000955182e-06,7.650680397559798,1555,95.747928522306,2
-16.48056216014589,0.029711726929607253,9.536428030090895e-07,8.669637465828274,1552,77.49762115949773,1
-15.436317648573874,0.0342695295335491,1.9507197962289584e-07,10.787372744878269,1550,47.41072702790939,1
-12.776052404852877,0.005741711550190209,4.983166532781996e-10,14.039838964817214,1550,33.50938254569989,0
-18.120027272665567,0.08726767766409227,4.0256872556587395e-06,5.2219656351456525,1552,90.40093492579877,2
-23.73690600947822,0.06372380460182916,0.0005291590907273168,7.6556895459631145,1555,112.05345260906319,2
-12.65013181572269,0.016526316066758633,5.888852127836524e-10,14.886108607609469,1540,33.16245940671371,0
-14.401680372016443,0.038434430246089474,2.2874429022531224e-07,9.756098153337849,1550,55.002175475421446,1
-15.394989135258214,0.03863906267516297,1.5231507235547133e-08,10.163074664360227,1555,66.73941709227115,1
-22.574854356179333,0.10917182469310732,0.0001356191598097584,7.521404183310031,1552,96.29375008680749,2
-13.331917403848163,0.03534545408249675,2.5203668613445485e-07,12.278122830879386,1550,52.913295577458754,1
-9.936534783121088,0.006989059861202166,2.9294935012826336e-11,15.81348242241663,1540,29.636969914483775,0
-17.053261381850707,0.030837283821230313,5.297066586669878e-07,10.121690698981379,1540,62.127339690309185,1
-15.269966242332062,0.041009167769434286,9.919815172124706e-07,9.793055261405854,1540,79.28959023414029,1
-15.535037854477341,0.026254834248627817,2.1168649422758534e-08,8.211748737382072,1550,65.51917509572866,1
-24.9037931571633,0.08082547518251586,8.776330412275882e-05,6.508878852437765,1540,113.74022155171134,2
-16.54759197195528,0.03019143631508253,7.445781842308007e-07,8.823705191816359,1552,47.960707680599484,1
-12.789774920687362,0.019799938899007195,1.9274853498045135e-11,15.995552613805424,1550,12.362235297160401,0
-21.393691287891688,0.08637124948339799,0.0007098415756711758,6.247002336887467,1552,98.86269853458904,2
-22.128000025427887,0.09792118783571586,6.416611817170832e-05,7.8781935954881686,1550,90.17963630786524,2
-11.815020571671896,0.01390341403068179,1.4001131161289415e-11,16.489373058468985,1550,5.496651728851852,0
-13.155703553164823,0.011910091874824898,4.113158892193942e-11,14.140637001084777,1555,35.705840766756246,0
-15.613611837333824,0.04349833043847109,7.301210862925802e-08,9.260028356056914,1555,42.008524858302906,1
-10.18503531855153,0.010792338778907317,8.105761181658671e-10,17.642572063338182,1550,11.949000060387059,0
-17.573011539324593,0.038795099217982895,3.6433752308681644e-08,10.53501495248086,1552,50.113177807821614,1
-16.442787378338505,0.04400702641799488,1.1129177158441683e-07,8.940741742732778,1550,54.290836879841805,1
-13.589461214058733,0.02264540183722559,4.717574468245819e-08,9.98842363040302,1540,57.127027498486015,1
-17.89875310104954,0.041578634004568404,7.557607465768059e-08,11.93398354532288,1555,66.33702176788461,1
-14.525584472613557,0.03348598537955921,4.198613147208557e-07,10.667944696901506,1540,74.86388603806245,1
-17.56483217454223,0.02859977745341758,3.655783652763263e-07,8.757939559511597,1540,77.91749385518605,1
-18.30246038953843,0.050537356265377475,1.840319566440565e-06,6.371694106137543,1552,105.37589037988337,2
-19.275741269320672,0.11548885834394287,9.907958018365683e-05,4.1732593465153744,1550,83.61478994049912,2
-20.97446369855252,0.05908115269078836,3.393074730272466e-06,3.6609196516904827,1552,98.74722074851299,2
-12.808551647234541,0.008365744696996932,1.0209532315366689e-10,15.043396983848355,1552,11.4893097630919,0
-14.424040646731754,0.02224349767877252,6.828901841895514e-07,11.707700684738166,1540,65.86389135209882,1
-9.048955532061893,0.008587381666733646,1.1520589722619215e-10,16.60382934047229,1552,38.69689225886221,0
-16.678700610751722,0.04504597265999946,1.8969897972645483e-07,10.02939834418612,1540,78.36773945834086,1
-10.066248324227814,0.019561493097121744,3.3523649026944165e-11,15.086275059004159,1552,31.025787066179593,0
-9.988984955820717,0.010231418710941326,2.442041671955543e-10,14.63853102709376,1555,25.29079902289202,0
-9.361271334622963,0.018015531468788586,2.6016038791923124e-10,14.424855310353825,1550,15.563001955140429,0
-11.856847265147621,0.007114394412826539,2.1299814883752076e-10,14.86436181274123,1550,21.180344635021253,0
-10.102341590880336,0.008788790100270862,4.5633902556803185e-10,16.81574666813806,1552,25.043898554984132,0
-9.248282617430474,0.006086334692910272,3.8951237517452095e-11,14.77417349295829,1540,29.422896157188333,0
-10.586736974779004,0.008534342767874726,7.711667358365668e-10,17.485006509594612,1555,15.952184181008791,0
-13.23125343948541,0.01882590004177492,3.272940434186143e-10,16.926821090892606,1552,33.165409430950085,0
-21.006601119499717,0.11152105318496307,7.0601381458599775e-06,6.117073262411373,1540,117.11809019862528,2
-14.459263327007214,0.04498276005358143,1.749936698891861e-08,12.050346541146137,1552,58.49020971376402,1
-12.157187654861431,0.019400178212286883,4.374441170528003e-10,17.415793852058176,1552,17.19782024237299,0
-13.060123395113148,0.02024254029590033,7.498577453965473e-08,9.28022243188064,1540,40.992373201702634,1
-12.246111884948439,0.0174904061952413,9.700930670415441e-11,17.6465316548339,1540,19.191508671564648,0
-24.969990290081466,0.10527024637626628,8.44548366514513e-06,6.827953309576443,1552,110.11924295904787,2
-12.150556871759376,0.014728012385500137,2.82344416209582e-10,14.838643688446801,1550,22.460548740385835,0
-15.509397417870687,0.04693005038301701,8.566040672232413e-07,9.811232260269247,1552,44.41339095300812,1
-12.509803339527744,0.01118144853062172,2.8025719600422027e-11,17.730144343208895,1552,37.08250859428706,0
-18.142169276262734,0.07165979101000083,0.00018717284289408004,5.791034789501041,1555,116.10867739244797,2
-10.14387592354798,0.008421505668535776,6.989508482928419e-10,16.37027273105931,1540,10.07263844883252,0
-13.564805187061706,0.017236229652564213,5.584950986171756e-11,16.105996776615125,1552,38.299116977233,0
-20.55678836893729,0.09657706366495224,5.218242764326226e-06,5.990664148765698,1550,99.9090284886037,2
-14.885853815194103,0.02458666536934389,4.893062020707375e-07,8.978875557065681,1552,49.285955205729984,1
-13.048810579563408,0.038981851580226996,3.049139770392603e-08,10.18388941510629,1555,71.07325477793154,1
-22.07324594049505,0.07361103484880155,1.6056001398330397e-06,5.081431518758452,1540,89.80592079589805,2
-12.115665598264057,0.01813857387499842,6.465438693774871e-10,15.97182788662344,1540,23.7964460159691,0
-15.240858878882076,0.023148175409838486,1.1083924959459866e-08,8.85756498824011,1550,55.76985499362378,1
-17.140147990782285,0.032620467111227854,4.6311216134342244e-07,8.0961585172838,1555,61.031172272731425,1
-13.895781682106556,0.025343977909900995,2.5076639349523767e-07,8.13685346066851,1552,45.641987609993606,1
-24.80940111364206,0.09156775692812139,7.0847857013366795e-06,6.34742180404036,1555,95.23754410022843,2
-15.487351866491721,0.028135333571336102,7.856063826530859e-07,10.319326107144239,1550,70.24286440887046,1
-19.283741540516985,0.06978583825145736,7.893437084600122e-06,5.9775970493921715,1540,107.18693420814645,2
-9.849113785002064,0.019259176621143355,1.855689485070673e-10,15.415622668847268,1555,28.279650106430392,0
-24.369027104141736,0.06445072191340034,0.00020566941497490954,7.823739074712133,1540,104.94198197670542,2
-14.62241340067375,0.028873594170418092,5.031256548670772e-08,10.17729942394574,1552,55.782111135745815,1
-21.510096518027567,0.07590434440089829,0.00025800559942063916,4.602448186326812,1550,114.72494444885419,2
-22.706076558084167,0.11461926235384008,0.000447260228176886,6.579126593970187,1555,117.26334625241051,2
-24.905065330768707,0.08841226658243923,2.992491569525945e-06,4.413822176085397,1552,101.30710906364999,2
-9.738680628044094,0.015017070248396096,1.5361836560973315e-10,17.56920999255861,1552,26.916166005759838,0
-13.25595642740912,0.0166380843431619,7.826495736872343e-11,15.790000991241714,1540,21.037168183827557,0
-9.400721917936197,0.010195189915489419,4.9420416797148686e-11,16.950004992438995,1540,25.547387844779852,0
-12.968986420491106,0.01814840736183076,2.0728721284542803e-11,15.822643286212369,1540,36.70475672345785,0
-11.363724250246614,0.018948057234408185,9.280979067687778e-11,15.9617963869438,1550,36.0743272907508,0
-11.991547157191928,0.01698610129229294,1.1101828887771136e-10,16.200154963994414,1550,34.93600625270284,0
-21.86198055810248,0.07257113822588661,0.00018709721033647843,6.966491379272438,1540,105.60876817468021,2
-13.255299343578699,0.02219694512831702,1.58392986063338e-07,10.632492636641206,1552,60.93393977676608,1
-11.100828808594548,0.00743773467135673,2.2304641421041816e-10,14.533875517128514,1552,15.543095317786786,0
-13.102513382880833,0.016305482510757786,3.7810634362882246e-10,14.695013901230267,1555,7.374297068681017,0
-22.09060933023685,0.0741091242178974,1.0821203447600104e-06,4.566403646945307,1552,119.73919737334509,2
-13.36483212013384,0.005878049001200752,4.081567630926032e-11,14.630644107187631,1555,39.33452059795391,0
-22.97295465848987,0.111033115396153,0.00034769555169578863,7.501697417202687,1555,85.57564694921403,2
-14.50589709377859,0.04864332657275647,2.5849749562301784e-07,12.96955994115891,1540,44.71948833297581,1
-10.49784100421748,0.016556708316109846,4.727218460224567e-11,17.766307410935735,1540,5.732694123935664,0
-15.887333225575116,0.028526775519126274,6.430071629866407e-07,8.923824942106785,1552,59.67340020079753,1
-13.021221967971877,0.012697626234230538,1.823934000712963e-11,15.762156639491979,1555,14.146655625988432,0
-15.334847192558723,0.02413696465191002,1.5222493998364694e-07,9.57392811858479,1552,61.7914661612082,1
-24.461974544351275,0.057438914989504944,0.0006349825141121496,6.513455966379918,1552,92.92934308271417,2
-13.285972560051889,0.0287272042198966,7.014580099240023e-07,9.629177197520727,1555,44.73296292012553,1
-10.436141032415478,0.013325085085017292,6.432538809224138e-10,16.408675077555532,1552,33.17561926321197,0
-10.429836777665718,0.014118578211360557,4.156668934694072e-11,17.29516153688518,1552,38.39115946547642,0
-22.060312030965502,0.07690223448208602,0.00035998553824761586,6.8568538943611195,1555,108.06013830749961,2
-18.394585403564907,0.08505212257417702,8.049657754163272e-05,6.1208122795393765,1555,81.57447766968515,2
-15.122623610568176,0.02369704004029412,2.401162506790081e-07,11.65983919176356,1555,76.9437452184531,1
-15.728854711463992,0.04664582677544478,2.448834775100711e-07,9.743586074285076,1550,62.07160254317983,1
-15.93156868130498,0.036507922935775344,3.909550788922479e-08,9.438732562756991,1540,74.45899249370777,1
-12.232612624358106,0.014633144555040462,3.099296658973611e-11,14.43711778147264,1552,34.78513183790372,0
-20.768749941185852,0.0932050571804992,1.2266877656594318e-05,7.204588737008455,1552,96.85288793549778,2
-13.343471771815562,0.02657599410168214,2.927665478692806e-07,10.590669566721688,1552,42.33584896236616,1
-9.969941447557577,0.008798112224635361,3.1467190942269646e-11,16.361523860815442,1540,32.71863550633505,0
-18.75191356527266,0.1038390231135246,0.0009738249307234172,4.269937246025108,1550,115.1032651175438,2
-13.221623936178812,0.008410699312915186,2.8274136399429148e-11,14.083728117968294,1552,27.198508184213992,0
-16.269073461431805,0.03577678905737,2.9124414559264018e-08,8.238061892137441,1550,54.13746217961737,1
-15.349534682626167,0.020777039224369184,9.173069072317729e-08,9.125982641126233,1552,72.23779554856613,1
-10.55890540296132,0.01677510254312393,3.895612028127817e-10,14.54197807571538,1552,35.73883637063213,0
-15.940386860529188,0.025108867527561012,1.1067059155407659e-08,9.059432697249788,1540,55.48057063864498,1
-21.334543281038798,0.11089939582402163,1.0617877848937511e-06,6.55243034144782,1540,111.72050899517461,2
-13.467924336797804,0.047553550157813665,1.3267244913952433e-07,10.41041599443573,1550,78.13544290124003,1
-10.550519983433196,0.0182599666530678,2.5940157341876516e-11,17.67277263384681,1555,27.592901991754477,0
-12.502711380328726,0.009032853693562576,9.907290810781778e-10,17.43255570010662,1555,10.13129051260011,0
-13.376933071608363,0.01478713933260848,1.2747925967159288e-11,15.784681751250787,1555,9.66494903287606,0
-17.60975235800054,0.03876069204900924,7.044894792306054e-08,10.783119591199679,1555,76.75408205035639,1
-21.875661819955535,0.109379222046706,1.0319922450534281e-05,7.461399429282409,1555,96.92349479415617,2
-9.67518697442399,0.008741873064398484,2.717947958854312e-10,17.424529996054975,1550,36.344699684614355,0
-20.607244570382367,0.053689146621119184,0.0001816306507154887,3.022397384598538,1552,86.95198491333682,2
-9.167953519382856,0.013624302398444622,6.023683041593154e-10,16.60351534998311,1555,6.3448975973670505,0
-13.070140280248282,0.021471607177633818,5.930090775307067e-07,10.811412513837613,1552,52.73189543333343,1
-15.025158213292649,0.04921821750719772,4.519543199265922e-08,12.61571943858429,1550,63.170713183007976,1
-13.25410989942117,0.03795458319278018,1.887757769061472e-08,9.292980193153387,1540,57.73582663333763,1
-20.223573426243398,0.07231588856308485,0.0001499041338823887,4.26126025453601,1555,82.19039724758512,2
-9.906071783214532,0.008787631245325733,1.0047521858812297e-11,14.635753133107027,1550,39.89935750551989,0
-16.15812746207633,0.0413908460686729,1.2038055062465799e-08,9.932077809152906,1552,46.735411932122176,1
-15.48397664962518,0.04306204380136408,5.689722495847391e-07,8.51890964088336,1540,46.33557044747966,1
-18.407761464381565,0.07717910935573853,0.0001534357524851711,5.053817199453778,1540,95.29028589620482,2
-20.78748984915019,0.05222318521183359,7.931528075445547e-05,7.75698478130459,1552,117.45512115432504,2
-20.98691840939335,0.07866929522054107,7.027699802362831e-06,4.375945362137708,1540,91.7033418935472,2
-23.404748316030513,0.10328849968574913,6.141269037642436e-06,4.702238765208296,1552,103.43748918750026,2
-13.663077226072387,0.01081088878502989,5.054549729656082e-10,15.615591456680495,1540,14.638341098939648,0
-23.16381710567817,0.11193048909289349,0.0001186963998622184,6.33091666425295,1550,110.47751100641577,2
-15.438586350569416,0.02338211864590089,1.8012182866391844e-07,11.664224683939707,1552,65.83736739203752,1
-23.958385250100804,0.0872694234873313,5.042107521053443e-05,7.612382668904899,1555,101.133468492481,2
-14.545961878469658,0.037249118821901656,2.2569423102129718e-08,10.960321538774583,1550,63.42056169924319,1
-11.724378844836153,0.013338680256114805,6.426175271668595e-11,15.840468732813303,1552,23.20806711860815,0
-16.206772007992377,0.04249629363793879,7.812026268705327e-07,9.889091419224524,1552,50.17438155225527,1
-15.537886553007027,0.04569060046440526,1.1127164465876423e-07,9.812299243072802,1552,43.209142508708226,1
-15.467006519082702,0.04671398772873173,7.378340651947051e-08,9.555014065765455,1550,42.31990289890834,1
-13.808986081213044,0.01422822344895371,4.529878687618345e-10,14.630002192303216,1540,5.207487536790735,0
-17.4463168774479,0.029150559465784046,1.1795729287294329e-08,8.744436013118834,1540,69.35320477685823,1
-16.912698281980525,0.02611458481149534,4.4578819997559546e-08,8.03565010110503,1552,73.42376120944851,1
-14.016246413348828,0.04254638922314319,1.4419128318130417e-08,12.751255967667788,1555,66.45399360332252,1
-24.15951062378379,0.06731367099359761,0.00024804347977367645,3.662720525625379,1540,96.88486228200728,2
-9.406247388696269,0.016851269556861302,1.1118474633488203e-11,16.605468843952984,1540,25.170092605838462,0
-13.765273214260935,0.010761359172368742,1.1843058508890863e-11,17.8290810519333,1555,17.254384070835552,0
-9.335661549366835,0.01883967709405358,1.0109825043754974e-10,15.311535976073035,1550,34.27454588029498,0
-14.495089969890866,0.021324681473351936,2.066657285696309e-08,8.354945955756932,1552,54.281221719383126,1
-16.432947068901875,0.04707360617616562,2.8689075383244825e-08,8.954844488796248,1555,40.185926757011224,1
-11.233099060671261,0.008823233733723235,3.055354913720011e-10,14.306543225900995,1555,32.625249691189,0
-12.52649315057236,0.013568193766272756,3.095960979116464e-10,15.51582363925003,1540,19.22422003803484,0
-16.282047891333477,0.04792422961558951,1.7336557196366853e-08,8.15138550665563,1540,71.14327394882574,1
-14.958423169883927,0.04020900064515383,3.83131181786247e-08,10.286471396978417,1540,61.79118461480399,1
-10.328450055084463,0.014539093651121503,5.623094421211273e-10,14.330953213948286,1540,37.6895596479416,0
-9.465072407808782,0.007531241575973444,8.642789192653309e-10,15.811533441662046,1555,11.657977578704815,0
-15.946979664255437,0.04826439809198586,7.445073366069816e-08,12.927023917403158,1555,65.59146515066318,1
-18.46502224154414,0.07258784176904541,3.032124631625775e-05,3.6408749934921456,1552,96.42752686703088,2
-14.047231602217265,0.027047847898722548,9.118902646862879e-07,9.815882504080479,1552,73.16605612620613,1
-13.294451758336754,0.014131969402705905,2.2834550690094445e-11,14.903052299500112,1552,35.574445167948106,0
-15.657309773921554,0.049675376998034995,5.992023851642761e-07,9.63974784160743,1555,46.89584573193811,1
-13.74755527793796,0.014412298576764189,5.905096861180759e-11,17.74506855765288,1540,20.75889861500116,0
-11.341694881177585,0.013066744021120649,3.599142402378712e-11,14.867824983455519,1550,11.362260352607667,0
-18.106235252704355,0.1056100966135188,7.72085653372305e-06,7.814418396796571,1555,111.23051050993612,2
-10.042951247465123,0.018736823591811908,5.2431005569804953e-11,15.227889128836072,1552,37.93080593457215,0
-23.888288726785024,0.11993959533515568,7.679419701749458e-06,5.027567486121408,1550,93.95126212891563,2
-21.225895936418055,0.06198300063826025,1.6483358394290734e-05,5.175985458175974,1555,96.14660646000083,2
-23.457273467936815,0.0821900073421819,9.588030061194023e-06,7.91992994322197,1552,103.2561908085463,2
-15.536255519353311,0.046676420402725724,4.929451971058027e-08,9.846650844098225,1555,57.750375111213415,1
-15.094468776510517,0.0351794998747119,6.270218432447108e-08,8.598152197580351,1555,43.979637346494904,1
-21.253324641596866,0.1138884661411091,1.1136859848437816e-06,6.213168867429273,1540,119.95766282273811,2
-13.622364569870566,0.017413718262210533,7.167012660476999e-11,16.38425572440238,1550,32.53042147910273,0
-13.995062956502284,0.04185801439989917,8.498168959703947e-07,11.913413802782332,1552,53.57768822949538,1
-21.460725500208138,0.05372703009447902,5.25033277938543e-06,7.160532425721758,1552,100.81274432975353,2
-11.791267541811465,0.01976351748851651,6.186085626865722e-11,16.860745819120964,1540,19.65125462214155,0
-13.502267435956124,0.014047882484220012,1.1148106123830427e-10,15.014336467985476,1540,36.146968172700184,0
-15.59158838772404,0.02167514662629423,9.024996117468228e-07,11.952960643252064,1550,74.43480494218687,1
-15.83831027906157,0.047781283037781425,1.0149300271499755e-07,9.738674278818078,1550,54.16522545390781,1
-24.073931326734403,0.11315784785636797,0.0001776268728946923,7.620777933040171,1555,117.78702532788925,2
-9.071747729446997,0.008630829072672506,2.2093834415066295e-10,17.04647846131487,1552,13.475597839709906,0
-15.264424458356823,0.04644943863724432,7.904118061137806e-08,8.305514782433018,1550,76.64002170383372,1
-13.33263604026221,0.026603882625072926,4.7069391729284614e-07,11.44995598177153,1552,55.35840505269514,1
-15.030640971084715,0.02564440781628227,5.970596087132498e-07,12.041912156197247,1552,57.74582586413915,1
-14.110549288039124,0.026019923500653273,3.8604358732699635e-07,10.146085259201323,1552,76.20336151043816,1
-17.074174772918987,0.038807488379416874,2.2263719119336285e-08,8.319130173548569,1552,56.18076987002502,1
-17.98196781946769,0.03845682496897013,7.093005896469836e-08,8.63510384893144,1540,73.71889608194252,1
-18.993786182289064,0.06331586874914892,0.0009798906204208555,4.411515600056998,1550,95.43443253366408,2
-13.265390382081145,0.010139677197837822,5.361889303628015e-10,14.61970124457377,1552,8.450402445784432,0
-10.771297449521938,0.005671676757570024,3.340516646412219e-10,17.786577735974184,1552,5.890671596701281,0
-11.458222562177038,0.019877476886954452,3.4057746793154455e-11,17.332766639141816,1550,8.084978518677724,0
-13.004532900320372,0.01021733521149569,1.7396813108236768e-10,16.179204341104395,1555,8.134810851070874,0
-10.212590576052914,0.00914662535875094,4.214035634751618e-11,16.570698630689694,1552,37.02815239424651,0
-13.540624165328895,0.038969679378327494,4.9509676186787415e-08,10.416188826465072,1552,75.67472817525304,1
-15.969937319058904,0.04954056661745718,3.4751913053377597e-07,12.829751025562867,1540,57.98084690382812,1
-13.917679703040807,0.029011694118799135,7.377568513716991e-08,8.414587603563973,1550,42.49270900196743,1
-22.121903534312853,0.06640322543762056,3.489324363646839e-05,6.9873224518631165,1552,99.4508364339231,2
-13.717993211196047,0.018024455272419918,3.8853459447054396e-11,14.007248135477006,1540,39.85308287229715,0
-10.218676710542738,0.01762955557245063,8.722442359929337e-11,16.008200853953788,1550,17.89083356773969,0
-13.195959742912507,0.013231006840498792,2.4198608614538644e-10,16.607845038010403,1540,11.157383843707088,0
-13.83979630390612,0.029295193145830352,7.693033458538016e-07,8.898169131860703,1540,78.36523731711657,1
-13.32784458582133,0.017211003589269,1.6301185882339713e-10,17.798149748454605,1540,9.06060854930511,0
-20.42255041051974,0.10324687467172888,3.4237799794639145e-06,5.935516775315187,1550,101.2953885229779,2
-10.30503968421878,0.010953319673373783,3.3562051174839214e-11,15.50199448808288,1550,7.254179060526511,0
-21.982405519806708,0.07557737086334732,2.1770856689674265e-05,5.1388744790209655,1550,87.44390271131617,2
-10.09247176128909,0.00913636106661922,2.5614950315398323e-11,14.06702521796953,1540,37.68122980505145,0
-13.398645184356965,0.015552925102722957,1.9485523893732684e-10,15.495754854415098,1540,29.80382934791668,0
-12.353109664828912,0.013816931075995582,4.949866557966939e-10,15.765097347000275,1550,28.5297590315928,0
-19.883244778898483,0.10836242516444781,4.354534066802104e-05,5.3737449377336555,1550,112.52867227582604,2
-14.727075999042698,0.023104925107807033,3.213752132654782e-08,12.594896627501992,1555,58.24268579883696,1
-14.825819220103913,0.046607201731765274,7.119720036475848e-08,9.661395351959984,1550,71.43201860751898,1
-12.295167182687576,0.0170819942456088,4.7557876879660405e-11,14.221731955764936,1555,19.12319973540739,0
-12.088738740112708,0.014290151812053672,8.105994578902758e-11,17.12075707393198,1540,26.123508227539233,0
-11.406260764426452,0.005767482596682139,2.922248293909877e-11,15.968006917728331,1550,37.53773626954649,0
-16.257471000842045,0.044989932267182536,2.4846753168824163e-07,11.456932226075093,1552,49.664970870495374,1
-14.998906944690154,0.049309131638787834,1.9242358149949154e-07,8.153932844303734,1552,47.977613480528795,1
-20.41066083688508,0.0819620646944071,7.254617109773263e-05,4.198024114597729,1540,108.44078785485065,2
-19.020466538518278,0.09240743921427547,0.00014982249597130583,4.144166021097821,1540,93.28619665810658,2
-13.760211337815061,0.01663114271888742,1.3847339820820115e-10,17.04281922417558,1552,18.239586278900553,0
-14.977186676978812,0.03211661351970814,3.535447416849476e-07,11.029544716066482,1555,43.753092263038575,1
-13.999067359146684,0.014209691844100907,1.709449811773518e-10,15.829772223479553,1550,7.150620154577563,0
-22.081405886102583,0.07629905420954586,1.1208672013535866e-05,4.538461218265366,1550,96.40249793914282,2
-12.738999746915436,0.008907761681539535,1.9569544429567368e-10,14.470398466394807,1550,21.885801463339114,0
-22.273167402707433,0.07725267452085646,4.8963466009767566e-06,4.077576991764214,1552,95.49433958831843,2
-16.992429372879457,0.04422666652997903,1.2815165786432209e-08,8.34836432211794,1540,64.4859928645356,1
-22.651890691892763,0.09269935101705387,1.377214775505073e-06,6.638325022273424,1540,103.1339931379272,2
-14.922971612861147,0.029647518210873955,1.3819624726918072e-07,9.183276897398569,1540,72.85017799555368,1
-18.342985913136886,0.09521864747370379,0.00010781909379585722,3.514431226610256,1540,115.2247532864676,2
-10.202856475217567,0.009710660045264663,8.302312940295873e-11,14.947251709815077,1555,39.748139236510504,0
-13.481218282320718,0.009431330544706474,1.5174658813736596e-11,16.672013002972058,1550,17.984079940725916,0
-17.89919308941053,0.027305187822157843,1.513616596001098e-08,10.210415085946746,1550,61.3524685703338,1
-14.62619583141743,0.031867337440883714,8.979233727604479e-08,8.514558713114125,1555,69.26102461074326,1
-13.790891881067672,0.014358334147444557,1.3335958589789874e-10,15.608524620115507,1552,37.82175957613785,0
-14.454214171492678,0.045803613241922406,9.41289913672938e-07,9.24741793265391,1555,74.24598290383766,1
-24.63659170501474,0.10299657349505226,1.481294525269061e-05,7.123063080833575,1552,87.76415068668432,2
-18.649055750509483,0.056052618256975786,8.166567396815426e-06,7.736462195236333,1550,103.39749994712948,2
-14.493849237957496,0.023667588196203432,5.605239246257818e-07,8.298197923143858,1552,43.328708109602815,1
-21.24626737152432,0.06384843020553177,5.422724404291329e-06,7.5247159159710595,1555,95.31162351671533,2
-14.03343576800049,0.04012947023808555,2.186083154287369e-07,11.33680898745904,1550,53.01561694244958,1
-13.667756096828679,0.04728654772325304,2.7199289374423877e-08,12.155033944948872,1550,48.43666224562719,1
-18.831479923076525,0.061275579104699995,1.750660541528465e-05,5.026239955859854,1552,99.35172932218055,2
-13.91002309700109,0.022807934183799627,3.560717530513891e-08,9.025670904430637,1550,55.57654170196416,1
-23.66344250954464,0.0962510279104422,5.35220708999227e-06,7.693858055071949,1540,85.23444265298642,2
-9.66614822747,0.0092371811596554,7.960096654743404e-10,16.326489171956773,1552,24.716362471156632,0
-9.786440489197226,0.009700218763777146,3.7832491533152413e-10,17.56748857924294,1540,19.783458276450705,0
-12.42495862405113,0.013633242617466547,7.965039462930278e-10,17.436521439004935,1550,29.889533130108145,0
-9.134276442865456,0.007905755761644468,4.916512420149552e-11,15.431364634566133,1552,25.989654469283508,0
-14.21991708767409,0.03563306042883486,3.72647096230224e-08,9.241983043669691,1550,68.19296661562865,1
-11.916254696879735,0.016359433581067895,2.844478127828388e-11,14.885106364264736,1555,17.181055344788852,0
-13.661937182038926,0.017005347617335423,2.933757168732603e-11,16.160047658418044,1550,25.748419707869793,0
-13.804657122911586,0.041584624110728365,6.221129489106581e-07,8.751991363066402,1552,79.33122410300696,1
-13.078875803809868,0.018409845650118054,2.0350969557990718e-10,14.608417132889091,1555,32.950764533396296,0
-15.85619246148248,0.04613761717460582,3.4588520749230557e-07,12.112210623244634,1555,72.39505660154278,1
-11.4843376372423,0.00790794601905339,5.219555770393846e-10,16.70776313198735,1540,17.067349702542643,0
-14.911903092230222,0.049840974773745494,2.953710229638751e-07,9.079183840651245,1552,69.57671654663463,1
-12.455988623251923,0.009403021886879907,3.4040457332541403e-11,15.331123475843182,1540,36.015995291959754,0
-15.391055914313279,0.03561799450408944,1.4041698293501243e-08,10.56097238379803,1550,62.86729304397085,1
-10.524062668949671,0.01444442517407889,5.332970934741469e-10,14.529151790604153,1555,18.75926293724777,0
-13.85739987580676,0.01863956219609074,1.0385950844004076e-11,16.94432857734834,1552,29.58184519356516,0
-14.602459886317224,0.029464676194466716,3.8459476081957377e-07,8.652267435886804,1555,79.01753159414282,1
-17.34081691098243,0.03993032874394144,2.6798156093009008e-08,10.164255533978356,1555,41.55583248987305,1
-19.43011113598361,0.08354177482236934,4.0649801740645e-05,5.729150048271245,1555,94.37886305157366,2
-18.408762641658036,0.0934676499437011,0.00034770698329276024,4.233033818401178,1552,82.75638782412729,2
-9.50869186353647,0.017439986077119256,4.3158157516472154e-11,17.811190110405178,1550,10.12308972567872,0
-13.00571861112352,0.0059692501976612924,1.2169323005822726e-11,15.485634270600563,1540,24.178582114079255,0
-10.423388447354322,0.009022148444178812,4.2789475426836423e-11,14.501004924384832,1552,8.588521937973049,0
-15.059442147721988,0.027695978528329356,1.3410203214983259e-07,8.384335516908774,1555,60.236693598427784,1
-12.69645612933574,0.012774195810330666,2.7824809351847484e-10,14.696626769581584,1550,27.110284641430443,0
-11.606775647247375,0.005669918245683482,4.16024208514017e-11,15.169212186219351,1552,18.8171360870089,0
-11.202125790220633,0.0149826411313582,9.050049463918782e-10,16.91354474440293,1540,19.973820982338747,0
-13.07183189956148,0.046471896042990915,8.187057811993828e-07,9.712993856090597,1555,73.23349004636611,1
-17.143178173522568,0.049873411834044035,1.1393237827154533e-07,12.200295091381236,1550,44.996157785086695,1
-16.169796465984675,0.020042650160929702,1.4416626445560176e-07,12.078980378355693,1552,41.37140542372815,1
-14.850457238198521,0.03654597467991781,4.204682817958891e-07,10.658312364322397,1552,74.81310374818767,1
-10.975295934011225,0.014211361069635525,1.1583008999249887e-10,14.367401348916804,1555,27.650872021784494,0
-17.64280808495586,0.04178859392054361,1.0522170519742021e-07,11.511066842041624,1540,70.18730083472565,1
-14.376452562678113,0.03335958854671256,1.3204795720923556e-08,11.987996747448943,1555,78.28339269776876,1
-13.40562804411464,0.016470787122144188,2.198419500645272e-10,15.741296885820944,1555,22.369056350882655,0
-15.661260832999181,0.03727248917611545,5.8888533972403166e-08,8.632781714971191,1540,58.04656014750384,1
-15.428964127613568,0.04507419108853508,2.999984398957664e-07,9.325745011085054,1552,69.43985953322057,1
-19.491027168633597,0.10272639159209918,0.00014325888885556167,3.2526498771898353,1552,104.13362518008907,2
-23.809063412982603,0.08604159439805825,1.7953763111287115e-06,6.082885895001887,1555,83.11708531524481,2
-15.76028994358807,0.021455778547300793,2.3799108984329962e-08,8.332859736512175,1550,50.908969465056934,1
-19.33008487488037,0.09157608369648011,0.0008442158079263057,5.388067848555482,1550,107.64178179744992,2
-23.974244144476486,0.11311643902737305,0.0002612748192737501,3.3580595604475914,1552,94.32219648929592,2
-17.423537139721105,0.029540935522593865,1.1543159759058877e-08,9.356615238230459,1555,57.35232146073307,1
-19.56970946565857,0.09540214858460952,6.847076242733839e-05,6.3398630483463805,1540,119.16216029067171,2
-23.932020312871312,0.09412845629927313,1.104338155519659e-06,7.239812956445999,1555,114.92349580858759,2
-11.799396145075319,0.0063670600863456085,2.7365757954503126e-10,14.854946751927642,1552,31.878836523343182,0
-12.408725013602895,0.00860104479660768,1.2997212057614453e-10,14.432906587062195,1550,31.92094543332556,0
-19.34056682066206,0.1048075963960443,1.752328557051203e-05,5.504900817164515,1555,101.87772334550274,2
-11.186729401643454,0.012185610885119205,1.618485885293108e-11,16.449958028388334,1555,10.980106978526269,0
-21.3278483842895,0.09179290127842787,0.00016052051724188955,4.697307443414765,1555,87.56687454406837,2
-16.848279221839427,0.03243430182222708,1.1633903351732386e-08,8.679536911463495,1552,48.085704249735414,1
-16.222323173847958,0.04699324503677979,1.7231024498128094e-08,9.553342529559734,1552,76.34771065211623,1
-18.960540620882497,0.08631828730937814,1.1025769891696756e-05,6.197869366660405,1552,111.93957450432804,2
-11.456580246579605,0.0058207126225045995,1.1774464081071746e-10,17.742997046098203,1552,29.842476757839037,0
-13.786404382302656,0.02775518756443436,3.710188182327625e-08,12.799682858994421,1540,67.30328679370452,1
-12.292652966957789,0.008234146478645671,4.2405339203624146e-10,14.868412917879562,1550,33.17917230641327,0
-13.92603999182052,0.030775802071675448,1.4482259715130922e-07,8.36981593635478,1550,70.4843386678975,1
-9.079552680167428,0.009383734351090817,3.887178434808382e-11,15.418192835314429,1552,34.15619923793744,0
-24.47728948861356,0.05402709991404561,2.3680669465014155e-06,5.242845489153812,1552,105.75495788065342,2
-12.304345922576486,0.00605757433352386,1.4456959880155033e-10,16.87877828584335,1540,30.44429549710354,0
-12.75709871142529,0.007007056044192331,6.873235796024358e-11,17.161350943440592,1540,31.610143809274724,0
-16.009253580328348,0.02360979972192605,3.868063572975869e-08,12.891701163982916,1550,64.28347124810202,1
-23.69003953981525,0.08054139416700151,2.1194892604357558e-05,4.371935451028526,1550,83.49361656455777,2
-13.984903088503167,0.034298215444624525,3.972144215586753e-07,10.527705748866454,1540,63.125626950484815,1
-15.28982307246941,0.028474965105420212,4.435419172901205e-08,9.757640207984402,1540,58.69183212100317,1
-20.40680511899501,0.08129193326275405,0.00011265444441944577,4.197315504082965,1552,103.41568844146578,2
-16.255666391024114,0.04414211194300822,6.877767627856403e-07,12.483756823065324,1552,71.92808535925309,1
-17.94251013801351,0.03863403352015846,6.490043612994356e-08,9.573782464303846,1550,60.891578932446876,1
-11.927958011407524,0.019037392001042343,8.205769595565751e-11,15.161020421490118,1550,5.367962858957872,0
-16.146684660433895,0.02793548655755876,1.3582308984618505e-08,10.596640582755478,1555,61.41590109701907,1
-20.996342288665616,0.1164329033631646,2.149802443984908e-05,5.17920551826006,1555,110.02629449886842,2
-14.71620802121016,0.027343383939822857,2.7695777469335855e-07,9.797947869599646,1552,48.331423442569346,1
-14.177181409714489,0.02070507268454972,5.636304953152749e-08,8.553742539152545,1552,77.87085925744084,1
-11.648754573356229,0.01931671542279483,1.703532593518571e-11,17.78505797201233,1550,15.849304775241448,0
-12.13379421810383,0.014479830205942835,1.55146936511499e-11,14.414714322937106,1555,7.326216402169524,0
-9.534993188017514,0.015787670360779694,1.4790588936192149e-10,16.75704654186382,1552,38.270720457657845,0
-17.62940412807021,0.02104226437766981,8.658986322475841e-08,9.993296437592061,1540,60.678031053424306,1
-10.080237409510795,0.011798926587887894,3.840430203134765e-10,17.354487184792227,1540,29.040327280721847,0
-13.35995629112723,0.027833814332992313,4.674271152188963e-08,10.321332101429698,1555,47.18772378605212,1
-12.814277670111444,0.006614212771397883,3.437608042701862e-10,16.00190926346687,1550,34.54743138501501,0
-16.797439787972316,0.029200058909393492,8.378339260428549e-07,10.892366255009428,1540,41.50291543378441,1
-13.722444123067461,0.04493118581321384,3.9621398908990184e-07,9.811141819693301,1550,71.43128601575017,1
-10.395533904739512,0.01592706418337888,1.000243306607884e-11,17.81568321538689,1540,34.11153492807864,0
-13.217996102832917,0.027994008236276083,3.4300174123996325e-08,12.4447612784532,1540,53.5002231378989,1
-17.481252877123243,0.030302303414000538,3.1034463281913886e-07,11.130386455280659,1550,47.39781348846928,1
-17.623711993458972,0.03635633236452201,2.1852021284155627e-07,12.706108175476452,1540,57.65296683940378,1
-13.670850783184232,0.015388592001163728,1.3924994904217965e-10,17.6298527053857,1540,22.21537376710224,0
-9.08977688606808,0.006443697367110745,1.5080767583977413e-10,16.505855421016225,1550,30.474195690278005,0
-9.302157054874172,0.01632700426167794,1.4902112461882777e-10,17.313754683755963,1550,16.025363033185606,0
-12.88454990777322,0.00584773536195136,1.609866537424687e-11,15.72603247939057,1555,17.687840596274327,0
-9.054072125676083,0.011935426762216,1.4081959881847502e-11,17.909476243110543,1552,12.280859695663711,0
-15.35205898680855,0.042868555856951734,1.1975704976631112e-08,12.679865541047338,1555,74.22410508216112,1
-16.770510332367596,0.03430135795570442,6.933373579936858e-07,11.619921326240757,1550,61.91483242548879,1
-21.54149195796755,0.0932411851448241,0.000434413326628761,6.701642423776793,1552,81.67452811728596,2
-21.45911396278659,0.09512877028457827,0.0005356902808237294,6.537764155701099,1550,119.01523495869648,2
-13.981161527247334,0.014470661545931438,1.559667424153546e-10,15.27260874321664,1552,36.87782256784821,0
-15.88211035498269,0.024833686901475013,3.272638051437996e-08,12.628317881604456,1555,78.15623997709142,1
-22.861727832303995,0.06969897030198235,0.0004172782617466071,7.32336889292377,1555,101.99534237951008,2
-9.966532401526305,0.019772876041437137,3.2247534745544476e-10,15.572780804111689,1540,10.236050733443339,0
-10.726746565670227,0.0072739261220014905,5.646328831479055e-10,16.156378210944034,1555,15.151021777711707,0
-19.229970871328835,0.1190427296052057,0.00014893000443613172,4.391671877316468,1550,89.92245844178402,2
-13.078493015249505,0.005590428197295942,1.1058428746644081e-11,17.097942412479163,1540,11.607790972070557,0
-13.385145957351867,0.008466963686414699,1.26880147393551e-11,16.560011867347654,1552,20.826965989920232,0
-11.331987266365608,0.014118576391901668,3.386620423196695e-10,17.251942954864376,1550,30.042181748474604,0
-18.36613302675556,0.09945382883370926,0.0004108202671140115,6.740388508161878,1555,105.71764848099934,2
-21.790896197660654,0.11299645024905978,8.990712698600348e-05,3.280901798590556,1552,100.52774218779848,2
-19.879505291956505,0.08028427144392083,0.000286622953168441,6.458932710713439,1550,86.81019530888585,2
-11.760124039307367,0.00783304074223323,3.445072159934433e-11,16.137542256941053,1552,6.481707238140617,0
-12.040009780554257,0.01053054386005942,2.3991182139295994e-10,15.548733096623737,1552,23.67440517437528,0
-13.161892180797079,0.00894321052983989,1.1789538063125004e-11,16.817694485909946,1552,26.875680895883644,0
-14.9322454483212,0.0215633398582951,1.6004060257841056e-08,11.372971178677934,1540,58.21470934014254,1
-13.825442236718882,0.01326739942874558,7.522413915611502e-11,17.356721579921196,1540,32.86025908495492,0
-12.421134243752519,0.005853220966664699,3.4123583497379963e-10,16.80842981645517,1540,38.82916307932288,0
-21.470460937304182,0.08589002368828078,1.2199345829323974e-05,7.323081824110117,1555,99.3556055707156,2
-19.59047463209087,0.06630262784386745,0.00016194075552369532,5.824493429703683,1552,118.56903823507002,2
-19.96042248956778,0.06346682268569749,0.00029215549868076324,4.630661635080829,1540,110.78354083667426,2
-10.231329647859978,0.008232511383013265,4.699093841010724e-11,15.862730167049119,1540,8.905754998503662,0
-22.993691090851907,0.056678240394361104,0.00047371307514979303,3.0568668300232433,1555,88.15849269235066,2
-17.222994356304923,0.03949372182537875,1.4730591925173214e-08,8.906629280521566,1552,59.92846746848975,1
-24.79390239678618,0.10273697968109266,0.0008251753268967988,6.10143504744255,1540,103.16786453630797,2
-17.323107019944494,0.024670283766259262,1.8232385562063077e-07,11.677070127535016,1550,62.60490683932201,1
-11.918686096560464,0.010348569889262287,6.659655344635702e-10,14.161155782938168,1552,15.940930871790504,0
-23.010525891566555,0.05434549388224253,8.164147227187022e-06,4.603520466817846,1550,91.78668486765886,2
-10.564804247087597,0.014871238771237853,1.7140498550739222e-11,17.19887165447488,1555,16.488158698741877,0
-21.35458032953035,0.10716264439207526,0.0003582049770778663,4.177199898630401,1555,80.36066110607425,2
-24.802997032678597,0.05658920501656974,0.00034418875365609743,3.2827396059265395,1555,105.66845929137152,2
-17.161277969301985,0.02136717564841461,6.37247847683147e-07,10.703841164136682,1552,42.66662205103293,1
-12.661657814028512,0.011158980458573999,6.268935783748101e-10,17.585026865886316,1552,36.22832704383372,0
-16.24461880628381,0.0465525235812034,8.123928220925099e-07,12.750538213430696,1555,74.1162835090166,1
-11.83990536202747,0.019705531114132775,1.364599140394272e-11,16.07480397752238,1540,8.609247684282654,0
-13.19104626186888,0.02712813490949078,3.223726197192056e-08,8.002115642800762,1552,62.17456163313639,1
-15.917327469396927,0.029796963648765454,3.738340752518177e-08,12.409798382427205,1552,63.96788364084433,1
-16.091953910086374,0.04472448215599674,4.64125713986551e-08,10.200663523088348,1540,50.17931016394127,1
-14.541271436945497,0.02195515987691621,8.44055062533414e-07,9.744950540070787,1552,79.58192477179509,1
-14.022725446889591,0.03163959440285967,5.850089428887167e-08,8.078582915096439,1555,69.55309749404718,1
-12.698833160242364,0.012728718864720889,9.602242766824857e-11,17.985343103226896,1552,33.55415937467163,0
-10.960685879595097,0.011050464575395299,2.2539500479714489e-10,14.759731064921436,1550,29.395455487699202,0
-11.819647598903437,0.007353539362191802,7.854711760784184e-10,17.067395591271094,1555,22.251369995461097,0
-20.995763636876205,0.07942017894629454,1.4927162329925199e-06,7.736139007304948,1540,100.15927702745451,2
-17.6331962024154,0.025875177256827014,9.343433720494339e-08,11.923871605813947,1552,58.62474779351849,1
-18.465907191680657,0.07464523410619528,1.2474920611927372e-05,4.046979128724956,1550,116.22338338389616,2
-14.375843132378456,0.04651387952229432,6.886401281902614e-07,10.557780982596562,1540,58.083740895615364,1
-12.178068449301076,0.005181871251316172,3.1502788282002383e-11,16.875232939796657,1540,39.843075700661366,0
-23.64179036232277,0.07739734650675886,0.0007679975647500822,6.821217577038242,1550,117.77047453868511,2
-23.370638249946527,0.07202702758979158,0.0002987783418695894,3.3970412214888244,1552,101.60639209996167,2
-23.746711330844665,0.06693274128416135,4.523791528967674e-05,7.651499077166499,1552,90.14154650076702,2
-15.107199724004401,0.0338881200073155,2.173718904963399e-08,8.092777695349302,1540,49.67257676148611,1
-24.210574800709356,0.10247803103867115,5.604024415094537e-06,3.008369020418386,1550,115.80523879261851,2
-13.661658190499992,0.01561752645844653,1.222014712611767e-10,14.326901382987113,1550,34.64215548309959,0
-11.69261267687633,0.014558022152124206,2.0830890903226885e-10,17.580470962826144,1555,12.943764302787745,0
-14.386189835801517,0.028025355720616,4.366351873406943e-07,12.97804355757213,1540,53.81680800707194,1
-13.639447956034864,0.03549981487405821,5.8922541726408984e-08,8.285032973248462,1555,68.65231928324897,1
-22.861142200437506,0.05317123968428181,5.7298918548996995e-05,4.114331549462203,1552,114.6471168658021,2
-14.553295676618937,0.031788203834522015,2.5313362236578816e-07,8.082613648932632,1552,55.65627331426313,1
-9.070386705149911,0.014599345776718557,5.254199669815836e-10,17.783138584963822,1555,15.45352550856424,0
-12.297275822600515,0.017074455955988818,1.2728657220085475e-11,14.638499605728668,1555,10.705668983521017,0
-15.283609850409473,0.037319348995050725,2.5705995359580037e-07,9.32347448218075,1540,67.53138681472032,1
-15.884738028539926,0.03575263536415938,1.2790563080428586e-07,9.945156770338555,1555,44.14174287811136,1
-16.547945389288767,0.02910436094041457,3.68102951041161e-07,9.483531445849497,1540,51.57522894422779,1
-12.00479773975848,0.019698716491735706,2.8298461561996026e-11,16.448634635772915,1555,6.21506532643631,0
-9.03936764323862,0.0063442058599298395,1.791118307762766e-11,17.30656721485393,1552,25.389384296469792,0
-14.016997717508115,0.021669984381685974,9.951439887589844e-07,11.474633482200511,1550,71.90058238421906,1
-13.082710576205674,0.01637605509551305,1.1065550998492721e-11,17.26751194357513,1552,25.883026219898156,0
-11.19372160962538,0.008693662414559001,7.032274778520947e-11,17.174282618155207,1552,38.940327147929196,0
-14.795416126779623,0.03569549202554648,6.284787194649147e-07,11.633040105906375,1550,60.394962252256114,1
-24.3819098692463,0.11794050586383752,1.5317056118928246e-05,7.50594383949093,1550,93.47171154903252,2
-9.274914528757531,0.015104147479950425,1.3483373316600242e-11,15.862902310669991,1540,23.95589229794704,0
-11.108065414967955,0.009112409998397089,1.4415799653390651e-11,14.342632998385723,1540,25.851275486613485,0
-24.367317300375845,0.08723350403856384,0.0008465915991592146,6.37305472328882,1552,87.73255988980858,2
-9.772445945797198,0.01698623218657932,1.0398197705697704e-10,14.931607354597926,1540,31.15326483138426,0
-24.76288674132524,0.07649791373957988,0.00012008766860480744,4.118412634529971,1552,107.14020907306977,2
-10.531411962983308,0.0075009613999007475,5.71818537921941e-10,15.981694505615863,1550,36.28624040678352,0
-10.023917067348087,0.0195355643945383,8.601510352208072e-11,16.294612811955027,1555,38.20467213837133,0
-12.737930935117198,0.015976641425565086,2.1353448296342006e-11,15.405423738619707,1555,17.165993506052786,0
-13.334951005463356,0.007381051450614642,7.916736907096862e-10,17.51840598684705,1555,9.464956109997981,0
-9.807087206486877,0.008076163402241886,8.629549674093315e-10,16.843809915346995,1555,22.766363253955927,0
-9.100982323095309,0.018028292461787564,2.2280338023175107e-11,14.184785932806516,1550,36.83475495831054,0
-15.683355492268635,0.03980517924940871,3.8837707093938167e-07,11.756536478260882,1550,76.44262117095482,1
-24.718313991071337,0.05482584285954541,0.0001382232493413749,3.1221005132196566,1540,90.74104542744311,2
-15.335548358042006,0.04277319194897278,3.3583132854628263e-07,11.321769763296935,1552,45.55103536450523,1
-12.658619897732216,0.005614673333748357,2.571144994038499e-10,15.803946010593375,1550,33.202750308538214,0
-15.682238883486571,0.042124684533797585,1.8041393562672584e-08,10.560519277318996,1540,55.125653493751194,1
-13.622081930729665,0.019271348312683487,3.9317109370919294e-11,14.3682679443299,1555,21.030777408389056,0
-13.887478362856568,0.011661695077631096,3.6535279725701e-10,16.72018422549708,1555,38.90235328550964,0
-10.022690393892663,0.005744369416152882,5.130708343996421e-10,16.632649906105335,1550,35.1729430044081,0
-14.72431761375082,0.0249542029424917,9.600316423438017e-07,10.318021611454434,1550,76.95386496770783,1
-18.40078322549557,0.08520128343613981,0.0007985080454017214,3.444612294433688,1555,111.3910332508094,2
-23.565789399157573,0.08293254878323217,0.0008715215725877698,3.9764357550800478,1550,105.39027678239279,2
-17.687874081587434,0.03957038742749415,6.655170749528846e-07,9.897226934404756,1555,53.98613521848951,1
-9.55904325169348,0.007988295287556148,3.701421910413927e-11,15.155874099684233,1550,38.33808763896095,0
-24.009462893698142,0.08553621455133048,8.530806708389561e-05,5.312334365502094,1552,80.27963141596696,2
-11.358149393513955,0.01154503747409834,4.019930068279188e-10,17.911602675017082,1540,6.5105969182701635,0
-9.153796962315502,0.007994729629340346,1.317495842557723e-11,17.846667088729987,1550,22.734192035220456,0
-17.91961427227389,0.024548263009559385,3.090418705490746e-08,11.864677434932531,1550,75.28569256903444,1
-10.882473443763313,0.006969319580072363,4.162779644156276e-11,14.807179793009828,1552,28.441405792638676,0
-17.08130537078786,0.03534460307626501,1.5364563984516687e-08,12.604430789150975,1540,43.0668952787316,1
-14.142575625915372,0.020606525604433924,2.1954322697050856e-07,10.346411390601206,1555,40.56912894916664,1
-13.855818365391473,0.010072099827257127,1.6432609280798365e-11,15.049219725537759,1540,35.35741236903752,0
-19.80756162094546,0.11177158085280597,3.619359208405984e-06,7.962635901310019,1555,90.20142678545841,2
-13.376319433891604,0.007825523481006047,5.033200023176644e-11,17.722117070696076,1540,33.39306954404752,0
-15.867675998864726,0.04756052533829893,1.4217046597981587e-07,11.531896049515208,1552,53.205107517150864,1
-11.328362632347183,0.012448417860246166,6.015007489592576e-11,15.190540698037243,1552,18.62205875569571,0
-9.33992828871533,0.009809632882392713,1.5408706931868934e-10,15.476921926039584,1555,9.704513692864099,0
-13.43663236682605,0.013653249124654186,1.2075442778815213e-11,16.109278718399437,1550,39.4259054908571,0
-13.398963854397119,0.008983742494379091,1.084188326075445e-11,15.173234443122258,1540,30.865929522578554,0
-11.72335625095699,0.018626563218083973,1.617933373914223e-11,16.881071695789583,1550,17.087039227421556,0
-16.20118269151637,0.045409957992718054,4.526655431164294e-08,11.50972412287294,1550,53.4382216291317,1
-14.496314503328488,0.036814641184343064,1.3250343965284657e-08,11.277448117665005,1555,73.01657750295243,1
-13.67880712071437,0.013890440999643167,4.467562514424447e-10,17.433321727123698,1550,21.41587289012592,0
-9.707467727242229,0.006975303551543105,2.570880041388121e-10,16.967910918055942,1555,27.639303012423333,0
-11.215597049260172,0.00917073122500009,6.26804236565841e-11,14.680521309534436,1550,24.768670701023865,0
-20.373939691187775,0.09734637849584385,1.2544371630670302e-05,7.214006917645399,1552,118.8720721619264,2
-20.232233509490182,0.06566407983596446,4.030793977114501e-05,5.812614218022901,1555,87.1388837685649,2
-16.332909992769917,0.020533846700384755,3.1549393214054214e-07,11.203456338083503,1540,61.14431290767716,1
-16.542430708278232,0.02703217233224777,1.1615281499622723e-07,8.571242266290282,1555,65.52620261947322,1
-12.908700636531353,0.019841476486694473,1.4088784028658875e-10,14.55154107742404,1550,17.57230614439416,0
-12.041287747188608,0.007439912226582277,2.9426008289869866e-10,14.83532374197836,1550,12.52207859853517,0
-13.164339942643894,0.014829236145374871,9.626872818208644e-10,14.290683486440065,1555,27.500866852054767,0
-9.858109271991768,0.00984468100045712,2.9820074719079937e-11,15.050534449464294,1540,36.70907822282412,0
-13.852978225222467,0.04680069723978953,2.356026240737706e-08,8.622490779632002,1550,76.69627704370994,1
-13.623989856185988,0.015616759675437238,9.247486608942662e-11,17.58601700383598,1550,22.165904298192466,0
-14.842315451286698,0.02727193628755667,3.5911950951802884e-08,12.491192991000737,1552,47.90426325563435,1
-14.54201442948995,0.02733096473878151,3.0167239798530355e-07,12.753218924723043,1555,50.56441560716303,1
-10.422470226894356,0.006644422916051596,3.1568322473986006e-10,14.543544600510376,1552,24.87398389103106,0
-13.979062781860211,0.015056515006953763,1.9214940040501644e-10,15.643155239998446,1552,19.47875376448411,0
-16.58969874557721,0.040686295509727945,6.506782310227747e-07,12.793991310953732,1555,77.29801684322572,1
-14.274241732366072,0.03013988093935769,5.043337460025999e-08,8.59327922354695,1550,73.24184989504786,1
-10.920684059088478,0.008494392121304506,1.1189265091892567e-11,17.48039549560372,1550,5.00831332515596,0
-22.658719793796475,0.1049122499238298,2.2313490986079606e-06,7.234064809814428,1552,102.28307367897722,2
-13.054489927303402,0.03300135829804766,1.547570984624553e-07,11.886142600008288,1540,61.71656041377401,1
-23.71215051672364,0.0893806737635264,2.5105537130586963e-06,3.0877635877915606,1555,88.8332964922438,2
-10.47202105111754,0.007862142371694606,1.275509189810853e-10,15.012981452161004,1550,19.786756269649352,0
-18.054130767715506,0.08364090224277931,8.249423600209575e-05,7.380859493407269,1552,119.44999425887536,2
-16.615178595788965,0.03000259086546043,1.789039186233706e-08,9.72470052210871,1552,56.64750643734783,1
-20.148792317711415,0.08528430378787949,2.6709055221375542e-05,6.457791834127716,1555,96.17244392081757,2
-17.542039829277655,0.030090219155623005,3.5145285912313655e-07,11.581471652434193,1552,60.12201036587364,1
-17.852869667496552,0.030195281454494204,1.475649056558585e-07,9.642837092585603,1550,50.51292104849555,1
-11.806276623058306,0.013662294063591884,5.1371814258548005e-11,15.565928440806008,1550,24.0243501389896,0
-13.945897310809244,0.03311234248272425,1.7691356357471767e-08,10.822209208269067,1550,48.496589300928605,1
-16.305371415151452,0.027683211813813682,2.785430556334788e-08,8.999520728624196,1555,52.28482779488243,1
-13.339665946154796,0.00898842863040893,7.531468949235914e-11,14.121172905918502,1550,7.663499614327101,0
-10.132634371566997,0.006963104910775247,8.702461089834712e-10,15.815158165534557,1552,35.92983843812634,0
-22.80268212782955,0.09908667945329593,0.0006248327616944997,5.294922534673344,1540,93.14140466384823,2
-10.851582023703985,0.011242414196092367,2.1531635885584122e-11,17.94470718913478,1552,6.902183442202997,0
-14.337677604112741,0.03084425376019816,2.4330454734542696e-07,8.07164227726151,1540,43.498006260110145,1
-20.436468583669747,0.05182583006793053,4.4276212694508464e-05,5.974674217486865,1552,90.66554612169648,2
-14.781297708113767,0.035764676906279526,4.6003002233111764e-08,12.900002077996657,1550,68.6297615600187,1
-24.223444342390255,0.08631935125812693,1.5019610160329378e-05,5.259247834168538,1540,88.8977182317641,2
-22.79122510489102,0.07486516298920917,1.3784290960117474e-06,3.07870305558359,1552,100.87261292205443,2
-17.370806547431656,0.03341660855607093,1.3797722091189259e-07,11.02837611086586,1552,65.57873757968414,1
-14.107323144982972,0.029849368206273912,8.79052805324938e-08,11.99339052953816,1552,68.97528206066535,1
-9.611435196515302,0.01719724982545721,8.234939918746055e-10,17.53504806183213,1552,8.82745660883176,0
-13.524734772336537,0.017401201520393705,1.2453244499927557e-11,16.906996896672787,1540,31.98929855481603,0
-12.313272266154536,0.005289914463764016,1.773114567983166e-11,15.65457069967454,1540,30.76701487712667,0
-12.883683072474017,0.01462789938283033,1.3845200448237846e-10,16.27237004935147,1540,27.626055957327566,0
-13.972631326600876,0.02990637010178438,4.36934128455417e-08,9.915314060672337,1550,62.51926018061063,1
-12.7261620683569,0.01871789230703084,1.6830845589057572e-11,17.0297004134933,1540,11.174416864976017,0
-17.221251201005277,0.024926620623787123,1.3860248334660553e-08,9.599568175701506,1540,73.40377360519702,1
-21.07221330004345,0.082260914366367,0.0005002916712942163,4.098552313575258,1555,89.82559238644356,2
-9.70838530560571,0.017672961281157626,5.2402393311473043e-11,16.748937373842733,1555,13.13414161750446,0
-17.188595878429883,0.020372482675082706,2.2007224438581145e-08,12.190879603428693,1552,41.18374414239743,1
-24.24688088780088,0.11899042041424533,0.0003354902150500169,5.115758087568695,1540,101.55495365605212,2
-21.166744097407264,0.1119935276421263,0.00013753612278004344,5.764200043820264,1540,113.94877315710457,2
-20.9953047176482,0.10619596020541477,0.000189772963962293,6.633745661417383,1540,80.77730689633992,2
-12.977277034152683,0.015710961233354213,9.726642958320799e-11,17.018541167440468,1550,33.744005663520454,0
-14.678705114299312,0.04697836377608999,2.838687428567975e-07,11.55511358801122,1550,77.41369125587622,1
-15.11770071770383,0.048016803144495905,4.4276929360327313e-08,9.828210813521057,1552,51.93563687479523,1
-18.980005468527395,0.05162586994227824,5.67472413274887e-06,3.6070174992137316,1555,108.50656189789683,2
-11.521730395583765,0.011316783566511224,6.622859909541559e-11,14.925394852800602,1540,35.86661496672108,0
-10.075221923567462,0.007880504785422442,1.890965046279371e-10,16.61826476489439,1540,24.488425009925905,0
-10.35548932104625,0.019287369506514867,4.676695554705286e-10,17.611604044653483,1550,15.140816018511126,0
-21.13673402350598,0.07718695312527185,0.0003417538714272681,3.0218532239300613,1540,99.00873369489716,2
-10.940844899483892,0.010601869176990578,3.240953108557509e-11,14.423497272852517,1555,31.250994424976692,0
-14.457608734315823,0.022037786126684788,1.6455864568711078e-08,10.544381257046673,1555,42.34250842081914,1
-13.636018374602786,0.043909629642769565,1.071419684932445e-07,8.65367369728925,1552,50.30624707228779,1
-17.638447126136043,0.04231302042120633,2.653164455778408e-07,8.292154954272876,1540,64.52055844207888,1
-11.95457425682562,0.010315657744792029,4.033293049473993e-11,16.92351849328883,1552,19.643633668241673,0
-13.734396879004995,0.016933727548134242,6.825122842492719e-11,14.916466455645596,1555,20.196530718721434,0
-23.18373960607347,0.08178737262648976,1.3036136332766403e-05,7.453249457022984,1552,88.71761616353523,2
-22.26723938851417,0.05078886123325788,1.1403528058474887e-05,5.494620491796436,1552,93.1337737861378,2
-12.046358171931933,0.016975162823364923,5.5445376366074874e-11,15.80678727692673,1552,18.31470026276468,0
-18.176841369197447,0.09537256907857614,1.983582027237013e-05,6.140272655752126,1555,118.65177318872584,2
-16.164625246274827,0.03635717524182856,1.0782826991692096e-07,8.473854457960098,1552,47.02462137324665,1
-10.598861103958233,0.005625093509035764,1.4776923741663386e-11,16.86529355225073,1540,33.07456953446557,0
-15.231220818310508,0.023670944862980728,4.0200633257107964e-07,11.92047350289924,1555,72.85167139277311,1
-13.238858930415667,0.01500063283094685,3.703194972661485e-11,16.34311308372419,1540,20.89750469178366,0
-10.60790374143144,0.014115636677478907,6.13699342275385e-11,15.061252427983366,1540,24.40129093292794,0
-19.990931583125136,0.06158576415921743,0.00012944928752552413,3.6999001560554547,1552,113.60931918190511,2
-13.747204060202305,0.014396855295153908,3.7553760568779795e-11,15.118983871076285,1550,31.336391815527303,0
-9.657214858752695,0.013469597868443029,1.0795808784133018e-10,15.138401529218724,1540,14.982203093814492,0
-19.153252071886364,0.11185226211941604,1.7719496135103213e-05,4.730131420133736,1555,94.77300075605262,2
-11.331974494388453,0.007117490497955445,1.1250141021230187e-11,17.18683467017029,1555,9.820490553099939,0
-10.251918839957064,0.005457082291003912,5.425377502357106e-10,15.416586683172502,1552,13.486467627215537,0
-17.655063458706596,0.049052938276774094,5.947540068962236e-07,9.296127435725792,1540,68.49576113891686,1
-14.248234387958286,0.0383447400314703,1.58917349544569e-08,9.983030626754863,1540,40.10110199327636,1
-15.748602585677297,0.03383061482041995,8.68488558011573e-08,12.407359819111587,1540,49.11241162704526,1
-11.712839511131463,0.010867546491205696,3.514946747491243e-11,15.906707313321473,1552,38.44780243804137,0
-15.335571816795651,0.021065101061558972,7.974107175209654e-07,9.376878407374724,1540,59.69882490528941,1
-14.476065065798673,0.02963040331785901,1.4168464701787595e-07,10.970677919868976,1540,75.78856419022452,1
-11.914178605121489,0.018166241072939373,2.5585223035175233e-11,17.30585843796873,1540,7.177178203399184,0
-14.709505575962485,0.030925035886481385,2.540904400210214e-07,11.412859601533821,1552,58.70632496752164,1
-10.179522067105603,0.008717186643603603,1.1821742534708727e-11,14.407389060569532,1550,28.197500646028224,0
-23.571144008093317,0.0640452486222576,1.5693556039069105e-06,6.630036923275979,1540,82.31116768252437,2
-9.669081455654853,0.012487796763999956,3.918096960814184e-11,15.060453001660594,1552,29.207519069066137,0
-20.668355848687035,0.11296519320920824,9.795893068065118e-06,7.249922677496042,1540,95.30654074009499,2
-20.925246217738444,0.11165404761086822,4.494157516822753e-06,3.916279323445311,1555,83.56884844752742,2
-18.10983566396225,0.08602289538664332,0.00016813050017509457,6.414688988496731,1555,112.77144945136413,2
-17.45596304884967,0.047963902199034916,8.028387933463355e-08,11.67223638899344,1550,74.28790348898217,1
-13.227697862306833,0.04548433849139708,7.997004851558824e-07,10.83968263435365,1555,76.47017328005907,1
-13.820743394100228,0.0363557248727089,1.285021682624586e-07,11.159664814257223,1555,62.12706824547026,1
-17.576009918768268,0.045759364014874515,2.0590216418165092e-08,12.322706264487696,1555,67.2914848705479,1
-21.82806305895881,0.11563458792216064,0.0005534655079127252,4.268813061724973,1550,115.40662129023744,2
-11.317046770063337,0.018860626386611498,2.966422907642993e-11,17.039821635750343,1550,21.188715064660176,0
-13.383581103505266,0.012778425329986009,3.102379235600123e-11,15.432558866116578,1552,29.17542102896421,0
-12.109844688834023,0.005121622953293199,1.0435302545630053e-11,15.842264030249023,1555,23.42818067066326,0
-13.047641638263716,0.03122793403552203,3.323558622828035e-07,10.2636271331497,1555,52.642051806754836,1
-13.64791934575228,0.008133780764230403,2.1993129611459562e-10,15.434587125184656,1552,23.141537832730787,0
-11.953054344082908,0.009348210193007894,1.0691291948768322e-11,16.2993561514395,1540,16.0731392585689,0
-13.201668253164247,0.016851248749571567,1.7083682705941577e-10,14.179442230510869,1552,27.157979427368343,0
-12.600536738767865,0.009165786310262658,1.1799411965220613e-11,17.707665385324432,1552,6.378714179248679,0
-9.69078088352585,0.012156647265408892,9.752781924861248e-10,16.716686798151972,1555,31.165899483480487,0
-10.14338428391575,0.017621596399343673,1.7194484991287118e-10,16.577692678519266,1550,12.271972030390492,0
-13.344393952417501,0.011830462018422506,4.1777190851097773e-10,17.312238170931504,1552,18.70832900075831,0
-18.467085496795843,0.09174335959238336,2.747409445000818e-05,3.709332930809028,1552,92.35275654355381,2
-13.766001995926192,0.021735574729972743,1.0298820863712525e-08,8.792135747030898,1552,52.14793876515787,1
-15.714988453115296,0.03200436401853678,1.5335714321959443e-07,10.456338142450004,1555,78.22674648733772,1
-18.861888695543243,0.07759897243489965,0.00012498554651639058,3.4392850679067277,1552,103.27143340493969,2
-13.336426730903613,0.0071531354305908925,7.579483011108237e-10,16.93159567336537,1555,38.94692161375446,0
-16.04361572296527,0.032604036625493014,8.665695694372056e-07,11.473038058133643,1552,61.01045386871755,1
-16.83372839088726,0.03544947211087418,4.4020504584202755e-08,8.770780248126707,1540,69.37620338019944,1
-11.790831475990228,0.007450501375976302,2.3383962297112355e-11,14.809175796632815,1552,25.930319106506236,0
-22.507910909957026,0.11135424987616624,2.0601816682473264e-05,5.836386856989286,1540,114.94850739623556,2
-12.687647074393677,0.01287887628172375,1.6688507362941572e-11,17.472677181306018,1540,9.438840789264658,0
-22.201162016501453,0.06517397086689902,8.201186885575052e-06,7.9874558043808825,1552,107.26426360673237,2
-10.54531130948767,0.010801030194508062,7.472397689332947e-10,14.550083776583973,1555,30.732564173427026,0
-13.651770661258672,0.013834040338438217,1.0997923829279281e-10,16.96880403648453,1552,6.177740318965931,0
-22.680140504201187,0.0948473053972526,0.00010513269316482118,5.282271427761777,1555,91.90484008203896,2
-12.619152210895503,0.015604647311835744,1.334686424789853e-11,17.35735396942401,1540,16.912976120701693,0
-21.486748823878937,0.10221767655202593,3.0447150333158863e-05,3.6397908205415144,1540,84.01467218760669,2
-21.694137672407148,0.07164466726228498,1.038387654587062e-05,5.56377392039956,1540,83.39054640898254,2
-15.901525382502015,0.03963729542522416,1.0189245064594457e-07,11.636767585379797,1550,69.5641142986357,1
-24.1200261884127,0.09474419298160841,0.0007250248113993004,3.8097874921970387,1552,91.44892404102856,2
-16.7050077273595,0.03465014431985956,2.020124234399685e-07,8.606523522825817,1550,55.51595605825625,1
-11.459181047709126,0.005944571131005507,4.658761489442961e-10,17.13802240918487,1550,22.400383555900508,0
-18.112156958144976,0.0627642764114406,3.829269004844414e-05,3.0426069816078933,1552,108.46668707942715,2
-24.342574294516456,0.1199656156964642,6.532415364406846e-05,7.2686431898219155,1540,87.75605660362577,2
-21.60607669105257,0.07449381957539773,0.00023335960778168616,3.497648919034235,1540,102.34612047720037,2
-13.27948018483517,0.01962017616210674,1.613421439523079e-10,16.93993188651958,1555,23.44748284797104,0
-14.233702307020906,0.04282383527460194,1.3178115100837978e-08,8.09392163043591,1540,56.41972458165367,1
-16.075602695578425,0.04348204524071084,2.095212386725159e-08,12.880475895557442,1550,77.9140515413653,1
-16.293989638039232,0.03985753190473779,8.590112252379227e-08,12.06016646512997,1555,44.80362826286205,1
-13.973255056528886,0.0162235820927135,6.398840813758921e-10,14.558882267915816,1555,19.7543986876312,0
-20.45657824600032,0.09333135524476158,6.228067069445046e-06,5.3270834521303705,1550,82.44110845729679,2
-15.69000246317896,0.020371649657112675,6.29202871698297e-08,10.302134111833007,1552,78.80229440152277,1
-12.018219140162625,0.006167587296657711,5.588166071539706e-11,16.755070063836605,1552,15.192816150239663,0
-23.139256214941625,0.05654609777285614,4.009954511244578e-05,5.491118701341133,1550,98.39913254045064,2
-17.475048124374325,0.049721973091273304,3.936036406425709e-08,8.420508355658031,1555,63.813536288894085,1
-24.76669843516621,0.07898470166037855,0.0002829934821414721,4.937880002003576,1552,101.25663137729639,2
-16.553587877790186,0.045490259222033744,7.502936268473329e-08,12.841140254808717,1555,44.442097775124374,1
-15.38869797735492,0.04781786977380913,1.3473348153059086e-08,8.566128961256087,1540,53.187182949204995,1
-24.557221783879953,0.07554073265242879,0.0007342768591220886,4.960135280394885,1540,81.75135682679499,2
-12.165192964963998,0.007208406116157754,2.5891787407006202e-11,15.25306590632244,1540,13.12786418154701,0
-9.722570226520212,0.006378441381156594,4.665609963890017e-10,15.443153604314906,1555,23.59871275984532,0
-24.39790455099575,0.08002614984672307,2.1322367483730164e-06,7.777399034727075,1552,113.31464049614011,2
-12.897561802926253,0.014384761841409147,1.3906418629810124e-10,14.739353591788099,1555,33.86988186204863,0
-17.359876185694617,0.04989466598530462,3.5130949552260827e-07,12.386016720470025,1555,79.41681400004867,1
-19.563922772685917,0.11782670920573049,1.0642765788781106e-05,3.6152509658312892,1540,102.85281006224139,2
-11.51638086950911,0.014000217162209533,2.2995187653295966e-11,16.163769440019706,1555,20.61400074938157,0
-22.087338222735415,0.07756210917329939,8.359015729474556e-06,7.278780964561802,1550,95.30825140760011,2
-16.981986421326727,0.028428123150266563,1.3463033213802928e-07,8.370282422485182,1555,71.62992474309905,1
-16.7031000238941,0.03160074483916364,4.0339707494571816e-07,9.932789368657463,1550,71.05242611914582,1
-16.667700891767527,0.03212576402560042,2.533442321961414e-07,8.194022620154726,1550,78.3497318763375,1
-16.541734073026504,0.04374597856000676,4.1325745158860203e-07,10.318937278776765,1550,65.31954456769674,1
-12.913879504244592,0.01571197990403229,5.49399505400343e-11,15.115864777680775,1552,11.441436218750635,0
-23.045623161903944,0.061628766656811176,2.307848929903047e-05,4.087230062070536,1550,89.95933064926056,2
-15.379550162227712,0.03684990010828938,2.906961193666073e-07,12.156664918041564,1552,67.34690086958027,1
-12.339996489411604,0.016166632517563305,2.0135404795716078e-11,14.521271952365163,1540,27.62277892432796,0
-11.994060429805087,0.01050434118807201,4.865426873257514e-11,16.468623133582586,1540,23.167092681789462,0
-13.31106184770605,0.020227742485217425,1.3974657296157485e-07,11.585934448626357,1540,70.04976120739485,1
-20.134082656871072,0.08442227950729121,0.00021416223857904877,6.6873823594949435,1550,102.40838176151185,2
-13.713800422003363,0.026152447524382248,1.413548318307726e-07,8.744913792049962,1550,44.19215958158356,1
-17.656096711511704,0.030861675505174744,7.426163751639062e-07,12.312946206706819,1540,54.691757904606725,1
-16.797324567420265,0.03546640982225427,1.37850791508441e-07,9.107967152197237,1555,62.81831661151443,1
-10.13176302472333,0.011834245609502608,1.674203207128961e-10,15.494078656926964,1552,18.161462688820478,0
-24.36150004873145,0.0730604316836782,1.467889932609756e-05,4.531288382029522,1555,119.17851902569528,2
-15.052783896978756,0.02166137402443874,1.2626722991101703e-08,12.41576493185916,1555,54.87819830950799,1
-13.00377022795843,0.005674421623873267,1.789422783545599e-11,16.25022080509219,1555,36.13317588653171,0
-14.038914834223242,0.04274387619490535,6.625596973009009e-07,8.074150812158539,1550,59.17922524764003,1
-18.998174239921664,0.10601753182151082,0.0004619853946651512,4.673831709395637,1555,101.75262027370664,2
-14.856650366508536,0.04655848131327753,3.9332045921953315e-07,9.908055369335802,1540,47.21932032272531,1
-11.11438865042779,0.015536262922255469,1.854316617034605e-10,17.938577477493464,1550,16.070232205396856,0
-13.237128878488106,0.01788783558082354,8.61167634774235e-11,15.616880175572865,1552,8.653001032899015,0
-24.36738523419261,0.055664358852297556,2.5643221901085426e-06,5.8123766772492615,1540,112.84771033454456,2
-11.43241066629115,0.019254188354171104,1.178631220691927e-10,15.576761978399631,1552,32.89015495966669,0
-18.848690641400005,0.07406191080216258,1.884570304731463e-06,3.8379124166200973,1552,80.03396438486872,2
-9.759920573752993,0.01586476204514992,3.8387273550428567e-10,15.6191937163408,1555,11.811787913726778,0
-9.211841768637061,0.01348617425919934,1.0688645056909545e-10,14.340225541956965,1540,18.441492343688516,0
-16.16992306204062,0.02912210854340771,1.0401824935182243e-08,12.1680377934412,1552,40.42031992398351,1
-21.59684873976122,0.09318847966070809,7.394997493692978e-06,6.9641537605021195,1552,119.37045177663138,2
-16.469707735374275,0.04002752065395682,2.5752402284343345e-07,12.685048497560718,1550,66.61619170553016,1
-13.735866568176391,0.015891272772257756,1.7482598991164133e-11,15.21110051308787,1552,21.879590002854023,0
-24.75057118232189,0.11822801009418743,1.1040724114239992e-06,7.803394189790293,1552,88.52553901436173,2
-24.903066551455325,0.08271305077500832,0.00016932099373065507,5.495207288605645,1540,102.64108522262683,2
-13.34648003403763,0.04686242174201059,1.891218570169783e-08,12.25042010665318,1540,51.812248337641265,1
-24.99966313273982,0.1152258358126199,4.478676623150982e-05,6.101694320309997,1540,95.16121046583922,2
-14.07186597856001,0.04825731634554439,5.675154143517545e-07,9.043338122557959,1540,57.07163880698078,1
-22.520233875484326,0.0880982015266638,2.510089007722179e-06,3.0267965231279805,1540,110.27755934149198,2
-11.690827827196959,0.005317883693417792,2.8508986723670685e-11,15.902482457233036,1550,11.451597214586695,0
-15.26485926787776,0.021600204890155506,6.269015237475691e-08,9.353668662108662,1555,67.87972936283202,1
-13.654815315443125,0.010021835628360187,4.240394372849405e-11,16.542581287810453,1552,26.670881548507044,0
-12.748785509177024,0.013238399970591806,2.6865309327169067e-10,16.640789506870924,1540,27.339470784517264,0
-19.17615645875814,0.05634221112037506,1.1548060103489534e-05,7.7601213858478655,1552,101.37616925088739,2
-20.475248639443453,0.07050858043531029,3.042216435866741e-05,3.209678327994344,1540,116.60681439176093,2
-13.01256859173984,0.018661968665733015,2.2344362546267257e-11,15.144240206637143,1550,29.926586778594007,0
-22.267175614119648,0.054987411653727496,5.337563373309339e-05,7.885259297271177,1555,97.16610018207591,2
-15.605835920841592,0.026849605213908282,5.803837582799092e-08,11.269191949083131,1540,61.899537325978855,1
-13.069492910768613,0.017039649646935655,8.248477108647763e-11,15.93187548834142,1550,27.090972608484723,0
-20.821802424972898,0.05139209125681023,2.0802495778345788e-06,7.169952628847214,1540,89.6987697321223,2
-9.339191403931839,0.010618042286765616,1.4506359222828755e-11,15.54916469470132,1555,12.370271667673016,0
-19.13637365956761,0.05663425849739597,4.885485230753922e-05,6.808742484644426,1540,92.41583441138074,2
-12.610889636091327,0.01725023263176077,3.70787089128604e-11,17.27282667499299,1540,17.082809998059222,0
-12.28516740149961,0.007073683484510857,7.56712222360398e-11,15.985291085137515,1555,13.736864654370418,0
-12.745604500546499,0.0068067100999484815,1.4759995548898158e-10,17.877287249136714,1550,33.55192916222875,0
-13.446841315223963,0.017696784376017773,1.7987769951290177e-11,15.589149162241469,1540,23.895122298949286,0
-16.83075815457261,0.022397453280398202,1.002555373745532e-08,11.041597007000336,1552,76.66725300321309,1
-15.082352255670434,0.030479811079277337,4.863679913870346e-07,9.806113676171432,1540,41.33191134260688,1
-18.860916287400023,0.10234826526544216,0.0004856297703721856,3.381467716569566,1555,96.42894279849713,2
-21.785521049549548,0.05765427763087324,0.0009570638308046078,3.8268478052700057,1552,113.8158201664206,2
-17.37142546107662,0.034260810723669474,3.1772231501137104e-07,9.888299554436607,1552,63.27774566023132,1
-11.607358150402387,0.018932893247683484,4.6125704188392215e-11,15.861347735757944,1540,26.795629880249166,0
-10.954855276465421,0.016534702928429443,7.825996853195852e-11,15.89130249958521,1540,19.383621281256616,0
-9.579005109342486,0.014011976696632969,6.418712657808757e-10,17.956739639253435,1552,39.69090191479418,0
-22.514895826187324,0.08674949297189927,0.00022840307672224828,5.701819028919383,1540,100.3289080675307,2
-20.33464916234835,0.11563556896341716,1.682289058836098e-06,5.582803995453352,1555,101.74242358777879,2
-9.35722233552932,0.01461629155373239,4.200546854030588e-11,16.101273057802885,1540,16.83808385610497,0
-10.745986549283103,0.019517935267448196,5.320372679552553e-10,15.795326772722595,1552,10.471600343749351,0
-9.519543500382534,0.009770052124577957,1.659983797444923e-11,14.911740650167767,1550,5.018213194836053,0
-15.364380391111514,0.033968957646774114,9.98479807025185e-07,9.94382326058455,1550,58.85002866494112,1
-9.429217691732493,0.013196315185401541,5.1573028437135414e-11,14.029091230776038,1550,29.434092342923325,0
-13.673128439535878,0.046358647904227175,3.692726865685839e-07,10.040070834991344,1550,45.65436523544599,1
-15.641735993358058,0.02806712913684444,1.2943694870316675e-08,10.043288411049181,1540,71.28404901936426,1
-14.197338989477817,0.041770755467442376,2.4213712988853315e-07,12.10769930462826,1555,60.40393334699228,1
-24.157037416734617,0.11282228963989853,1.7311593307931728e-06,4.744546134779365,1555,88.56317685825073,2
-21.38787719607659,0.06666739392304552,3.7979718212456244e-06,7.770436765178571,1550,80.46228879933605,2
-15.193277760595613,0.03983070630274619,5.794747471160205e-07,8.350428212095716,1555,71.971352306706,1
-17.892800666884433,0.04215957951764426,8.271290761314801e-07,12.311358646764695,1555,65.67492435181745,1
-19.56006162853961,0.07768740772440744,0.0002715117000164771,5.5670109266281065,1555,80.190810247125,2
-13.19799947334964,0.010010133181178568,3.001788314315329e-11,17.720361402038954,1555,26.65139823753145,0
-12.7115217590541,0.0182739012026745,1.4257415403712264e-10,14.884590440442773,1552,31.564851687175466,0
-12.653343508489876,0.013093343307432576,2.856895490028667e-10,14.431774858585857,1540,30.409296849485344,0
-14.385147377785126,0.03258961528013032,1.5601026028095633e-08,8.199930643989203,1550,76.58660429694999,1
-15.666828150249064,0.032595163470652305,6.017657144926076e-07,10.186806457813073,1555,51.15332691271267,1
-14.62472584633267,0.043003116354239965,2.630699057513365e-07,11.6850931822893,1552,65.77721974058474,1
-13.477681207238357,0.03705812640709803,3.6364405776865486e-07,11.972206004606969,1550,61.014851191393866,1
-9.891815511447643,0.011888977957598208,5.195131328786041e-11,15.9768497890012,1552,35.793766988309336,0
-10.976936432473892,0.015295499098680193,1.0882068334640594e-11,15.247110587220089,1550,31.887236873262175,0
-22.69455340145506,0.0728365356899359,6.428281840781108e-06,5.264139023507127,1552,97.00654978621264,2
-9.831040245405863,0.01463866415485451,1.4358717855998488e-11,16.96225889303804,1555,17.422363130695352,0
-21.91389339953446,0.10066247568440054,0.000276879639545223,5.525562105348449,1540,101.70978573425154,2
-16.909917507340307,0.04884412653574248,1.171463759359912e-07,9.89176801630956,1550,48.187713183319254,1
-15.01107845191208,0.03102595843784351,2.5713622375935074e-07,11.70725884019679,1540,64.87424341938303,1
-12.87280622268153,0.015544151614680153,1.2752869657367564e-11,15.946390648975012,1550,33.174614988826946,0
-13.761034549934848,0.038642928771823654,2.2846226693645065e-08,9.055066144936802,1555,45.557099196514514,1
-11.035057556087452,0.016338768719377065,1.94839583281005e-10,14.937795395232158,1540,7.796279072697629,0
-15.484689083735075,0.03152987665291104,1.8726065940057258e-08,9.783832907810964,1550,71.26724831838479,1
-15.430167437386771,0.041261128676409395,6.048770382168038e-08,12.20654175749851,1550,73.50682517820736,1
-24.348016436685864,0.11177451891934026,0.00010294139841103703,7.37630803828999,1550,81.07442364633216,2
-13.264925225501107,0.015663414956908123,8.845718861266574e-10,17.16227021076462,1540,21.5820652380048,0
-14.911809747282275,0.04460192358630112,1.589848882369676e-07,12.81418316621403,1552,78.33142512577895,1
-9.305525199793625,0.01840977807570441,4.7310839168878676e-11,16.917855079326657,1540,32.85742355002259,0
-9.105342821920194,0.017596832891848557,5.419853155745998e-10,15.631937981459378,1540,12.769025667653231,0
-22.56660538992704,0.06775733061165912,5.371103976618255e-06,3.4988401692540316,1552,89.29002585609479,2
-23.469280474588416,0.09691207791537651,8.081426229559861e-05,7.618479398300811,1555,108.36104762800002,2
-16.46310764497863,0.04320696125585496,5.7151014443104e-07,11.120099970570319,1555,51.8083600351345,1
-14.17783568814904,0.04272751498157172,1.1252883668770912e-07,11.12369729953229,1540,42.04718942672838,1
-17.260444318272356,0.035250412880409095,1.967575327393624e-07,10.58424228153963,1552,42.60157197402813,1
-13.507265742935289,0.008481178667992476,2.6169776433118116e-10,17.2949778476492,1552,5.440223437016838,0
-22.439671184250837,0.11433484510575563,5.4162431640072366e-05,6.637510028125084,1555,92.7441772538597,2
-20.412420072217696,0.09220211723032708,1.2086103423934976e-06,3.6133876460129635,1550,93.62189141268351,2
-16.259522262460628,0.0397217911848399,1.074718279956146e-08,8.321874417575199,1540,59.57796794742158,1
-14.930024379825914,0.026404921817329875,3.8271736387985105e-08,12.272732508676448,1552,47.82794157212158,1
-14.88757230646885,0.026316174405135288,4.758636439509867e-08,10.808406946823052,1550,62.1805022276386,1
-13.751864725277876,0.042829629695978276,2.765835875871489e-08,10.065283116067516,1540,59.78673128909374,1
-24.374763351713664,0.11016453029222847,8.579661432056255e-06,3.007251582955636,1550,97.59547355458159,2
-12.385051584115658,0.01833518285166439,2.0954013782744893e-11,14.692095479004657,1552,14.571608038124293,0
-22.107242977367065,0.08438910426731303,3.177741418790147e-06,5.2623502520717125,1550,99.52132985940844,2
-18.59684058064033,0.08467427925928214,2.5376224395148154e-06,7.074789837464513,1540,113.4870233455795,2
-12.53927675732391,0.010495427649405375,8.16845589476017e-11,17.140703845572055,1552,18.386169694350695,0
-17.440800975791937,0.02939983496453947,6.847331332325078e-08,8.797300488933836,1540,74.09218105233136,1
-20.93293336314876,0.08606349675680204,3.7443962592803684e-05,7.146794314382255,1552,101.54526590129215,2
-9.34587962504943,0.014911977945363655,3.1097520918220464e-10,15.246286958328916,1540,20.234179787979386,0
-19.67499760491235,0.09251161200448926,7.02821968734694e-05,6.946097957137972,1540,83.76122992536907,2
-20.039419166824302,0.08524154858014249,5.210304221722804e-05,5.361960869628689,1552,82.39721732475567,2
-16.429162936040182,0.03122638387217174,1.742905756267026e-07,11.812628385469878,1552,47.331734542376864,1
-11.286377783262019,0.008776985883604291,4.913511614935343e-11,14.726390867205703,1550,16.98834900124902,0
-13.784370131554258,0.02856831607235611,3.8169138288801966e-07,9.572603838341017,1552,43.514247373060584,1
-11.387827119644156,0.01466819975938733,1.9968006109749818e-10,15.458788997829224,1555,9.219841002204758,0
-19.322448535866435,0.09790388839772987,4.1956064273674534e-05,7.771929159656358,1552,111.49634513723608,2
-12.22967718822453,0.01483731150991089,1.1872750661889533e-10,16.708497053930255,1555,6.9142611101693685,0
-16.687321522520378,0.025170078364044217,1.0865089177649339e-08,8.469323298632537,1552,61.3866701957153,1
-13.945811742598508,0.018580729646288954,1.522556275245792e-11,15.27725455036166,1550,28.686946654850615,0
-13.832910026474703,0.017237312765379428,7.957312720711797e-11,15.300531713601057,1550,21.977519494711082,0
-9.018877534776806,0.012118003439336611,4.286605474086294e-10,15.728269140266471,1552,18.660344152446967,0
-14.37496587776344,0.02069966994688025,2.234143119921667e-08,12.937928707692873,1550,40.978588110357336,1
-13.584806210949068,0.007865778030630242,7.612194682654491e-11,16.33902723334922,1552,33.257096742012905,0
-16.594860368648988,0.02786947550496604,2.7865033210385864e-08,11.545619204076145,1540,77.17961691069866,1
-14.438186682785904,0.0345361544337694,2.8127895411657538e-08,10.68638923274224,1540,58.883113387200524,1
-13.513305172156157,0.028653750512543853,3.1480376964391e-08,12.69598716412881,1552,64.10045350212621,1
-22.47708902936399,0.08106850773617613,0.0003017365832290234,4.694635966784339,1550,96.41879913547103,2
-13.724696351413897,0.039544363006557004,1.2230702171859648e-08,10.203268434637206,1550,42.771705978665686,1
-12.909884462529568,0.014675812516539943,6.972810605291593e-11,14.529104844501322,1540,11.008775004690623,0
-20.92888586927517,0.0626722429663201,7.0908197806679356e-06,6.0889602110454994,1550,105.02692849555035,2
-21.72725624055329,0.11701993156908329,0.0004341086844681298,4.546292372663807,1550,104.12965285579247,2
-17.60608964498043,0.02830705069222813,3.1462756589213803e-08,9.172720503740265,1550,45.834365360366014,1
-9.422615593908343,0.006884190552804531,6.869000997322932e-11,15.378247631951501,1555,35.57854545129177,0
-14.022745209112063,0.03865278158286192,4.2646226714383785e-08,8.819068317971578,1552,59.10096143685149,1
-17.59492553584368,0.029495211466250802,8.563217674752836e-07,8.765512523994,1552,47.43606846225068,1
-16.297746522281972,0.029359146272972626,6.485006556442013e-07,10.925499492724931,1550,70.66895451816805,1
-18.329786709805983,0.059466476284636555,3.7438575359190444e-06,5.102742995600258,1552,102.6701166045121,2
-14.244231481772108,0.0428116214654151,5.999587881636912e-08,11.758102754224069,1552,66.27100166639889,1
-13.580490925199458,0.04811163900697327,4.8069738617428086e-08,9.485384788982364,1555,78.5216313094249,1
-13.149061378468637,0.03654965746371369,8.634253213733446e-08,12.92233686546308,1550,53.8232349339479,1
-23.160973876217717,0.05593387583590256,0.0008432385474276079,6.531801044188077,1550,103.94052317867101,2
-10.19787844158764,0.012693832471621485,2.5595672380074104e-10,17.740688346905973,1550,18.92529960560995,0
-18.37469019491787,0.0739991574817518,7.95694838229568e-06,6.425892890901099,1552,110.72241138770335,2
-22.027004263262963,0.09087428649796205,7.229964589575797e-05,6.200173119710654,1540,80.34724836905235,2
-23.633990111071796,0.052381158419222265,1.912537753718892e-05,5.888477938450775,1540,97.42479251079797,2
-13.472967675707864,0.030595628022889627,2.639574142254651e-08,11.86074758010381,1550,54.006461278721304,1
-10.317634126904636,0.005774860356719615,1.254841824533336e-11,15.545150820582181,1540,31.155414514594987,0
-15.425131075089475,0.037470851472200487,8.534754036479773e-08,11.507817702447587,1540,60.94777328978753,1
-23.400779684306013,0.06426140387698448,1.8175080169058506e-05,4.611683922786305,1555,104.73773887734708,2
-19.0017843205625,0.10710261112199804,1.528301565180644e-06,4.235333227121044,1540,87.90175554126235,2
-13.66412300042145,0.011078721320415331,9.883932889899555e-11,16.880810326529183,1540,5.384854003046817,0
-13.516797079175642,0.009112460565084503,4.366298812058125e-11,17.052600230982243,1550,9.4380629694366,0
-23.28212585538777,0.09584834261434182,1.5251804697494258e-06,5.183683388973205,1552,111.88712233045244,2
-10.060490058538676,0.017970292880503103,1.648059265911638e-10,16.02735372728193,1555,29.806064421004177,0
-13.124384299348234,0.015091469216187002,2.760632057514949e-11,14.87283013820869,1550,23.268355121749735,0
-17.04823885819843,0.030452679433672792,2.728104799778899e-07,9.087114855671066,1552,79.58348296562679,1
-14.77810476791053,0.02481061954063319,2.999541525286971e-08,10.310108919801205,1552,75.83995806723654,1
-14.725943499848212,0.04054563437536748,7.326421680689066e-07,8.733984486885245,1552,42.656656179257396,1
-12.576561192278643,0.018314124942409325,5.44128394162711e-11,14.571296441947531,1550,35.40803835362371,0
-15.118597033581528,0.02197042506972852,3.148862263919903e-08,10.859196449282708,1540,77.43199326117166,1
-17.77503268190029,0.022428234029270556,2.061064174353908e-07,8.677553012474196,1555,69.54199497480438,1
-13.3133021843765,0.024963249200566334,1.9878269271698566e-07,9.221197340440881,1552,53.865749865621154,1
-15.592054724460612,0.03218516038734458,1.6306269340950502e-07,10.19423904855682,1555,59.464683692079696,1
-23.247700893385776,0.10308871332989437,7.903485816182353e-06,7.032001800656649,1550,110.75447821436146,2
-16.733107025710243,0.04674650148238613,7.621740626353128e-07,10.848150521349986,1555,77.64079290788936,1
-23.451062712394368,0.07658982401337165,0.0001951347816256936,6.568540511371621,1555,119.8950541038172,2
-15.832935780374417,0.023783482122338998,7.491901077232495e-08,11.660491279005658,1555,67.26140000833882,1
-19.975904929217783,0.11262341883476469,0.0006461244999432404,6.089993642484947,1540,102.90495805170018,2
-11.101100787152921,0.007577853046256973,3.3361810608207706e-11,15.985214413945906,1555,18.0285853315125,0
-19.734446547649366,0.10674541582892563,2.1552591797382788e-06,3.20497880919017,1550,96.58437836944773,2
-14.33342669367047,0.03216414418660936,1.7997552233191207e-07,11.849290028394467,1552,79.2621775089215,1
-15.596896331916781,0.03682135217453955,4.322681881871043e-07,11.459405230918748,1552,78.99490133724973,1
-15.048923821856965,0.040450447703372513,7.390265082284474e-07,11.901017484283807,1555,69.62084147835145,1
-13.482117169484924,0.017565936479339843,2.0206954489344822e-11,14.331708610038904,1540,28.462377388162967,0
-21.59808053803866,0.10617514237058082,7.738303963209377e-06,3.4840602829757157,1540,101.84503809475737,2
-12.821564428346452,0.018623878320155992,4.1587532990136065e-11,17.905652889536224,1540,36.94453536249887,0
-20.538000665373115,0.0931090349108295,1.1867210597964081e-05,5.118858733897609,1540,104.58074718699399,2
-18.4309772921108,0.11876089054242935,0.000692877299815398,7.120895926719718,1550,115.22732188204701,2
-17.7899070436682,0.02208250875770413,1.0347623435816605e-08,12.56622112891817,1540,66.12336887972396,1
-23.738695764679267,0.11277332923793877,0.0009392830577232731,4.918923852061489,1550,110.80517076822855,2
-12.899083990250944,0.015248881454893937,1.4199129463667352e-11,17.404827656195074,1555,35.901719419811144,0
-13.503302954907985,0.04909776720697831,1.857403585259512e-07,11.820277949262191,1555,61.19545255920755,1
-14.630277754634882,0.03612004474529233,7.731938739587163e-08,11.172199705841763,1540,61.889841684011486,1
-14.693258968440402,0.038242113430972446,1.645504961183423e-08,11.280072897957531,1555,70.84587936434446,1
-9.113460460042482,0.01635965310701658,2.1054400140319993e-11,15.90760042587188,1555,15.849997801012625,0
-15.866323316639527,0.032417285703080584,3.6022075517709703e-07,9.41161198745004,1550,57.5776912518195,1
-20.91217743398213,0.08261816784430773,4.2506180905163316e-05,7.042699083484866,1555,84.95933343382123,2
-16.945548475495045,0.04253575368671943,1.9986087326582737e-08,11.994511574102185,1550,40.50909126759682,1
-10.979641614643903,0.018610702470692703,3.004092636694807e-11,15.878567098722836,1540,16.59714524860678,0
-12.332963389204448,0.0159957678478999,1.1406600189521861e-10,17.17357605722139,1552,39.92372994886924,0
-11.516282859970078,0.017644182236842956,7.794230403342747e-11,16.834334183071302,1555,39.43072617865152,0
-11.075041256490406,0.019955327068425455,8.160804994700793e-11,16.99530985441595,1540,8.814999645204164,0
-17.49779791069017,0.024667709731550237,8.318122550301697e-07,8.188921109061232,1555,41.24542951722278,1
-22.158269805622876,0.08740715750000368,0.0007276050421575018,3.566073383049477,1555,95.84890960530302,2
-11.265422431034379,0.013193714001962766,1.509893257021137e-11,15.671936342027655,1540,5.021963081995966,0
-14.821744644205307,0.04139759093753813,3.467996347177101e-07,11.175255351012446,1552,76.14524241508421,1
-11.519812728532969,0.01539335538037909,4.973626964660359e-11,17.74659260742283,1555,30.727486533136002,0
-10.181923505191715,0.008873965368307452,9.153187026387121e-11,17.968063877587344,1550,31.34859591310834,0
-10.898605914495786,0.013163000031704418,3.017121112568512e-10,16.82374647084648,1555,25.969153968703786,0
-9.459924553125129,0.008638673991107376,1.5227114207990365e-11,15.274758415962093,1550,37.95159831271229,0
-13.543775793478723,0.015184181364210049,2.819629448886535e-10,17.860126491639676,1540,35.37875563387554,0
-19.979019196475253,0.051332257751491694,2.066601715277273e-06,4.797417259136063,1540,81.01729365447761,2
-16.448449342282554,0.02149540622343363,4.6104234836596466e-07,9.551650035672814,1540,76.21843757474069,1
-12.898794762172258,0.015667242986570268,4.1591261421119476e-10,15.394663949166917,1552,11.102825015174702,0
-9.021844452505583,0.019716768618019034,1.9907552027767939e-10,17.217656238709893,1555,37.89761271894378,0
-23.43624178962755,0.10841842299403709,4.851564124486761e-06,7.077468616204709,1555,98.81358458503928,2
-13.040014954925745,0.02548681316987598,8.719628281574415e-08,12.360148674214333,1552,42.7170325746522,1
-12.877797140816696,0.008357264222339346,1.1856290883333825e-10,16.371759739366812,1550,35.10443857462733,0
-9.016583610326602,0.016261853467696815,1.947331794664432e-10,15.421158572877275,1555,32.85253559117757,0
-16.731515850020948,0.04609305704041778,7.312225891123166e-08,12.041823450884083,1540,53.748283685424724,1
-11.728113327200195,0.01766535624109424,1.5709601246282415e-11,15.952964548087113,1555,35.26311372491462,0
-20.41567527400402,0.055424721516321954,1.4930999512464068e-06,5.425934681044247,1540,88.29842341744778,2
-18.769664630882414,0.07489317811438992,4.212617977617828e-06,5.2814005513681455,1552,99.87370565485966,2
-21.896142509036984,0.08437235339067611,0.00010230904875125142,4.106219722060244,1540,104.60023719812668,2
-12.294528417062992,0.013153094698626137,2.6507216101605066e-10,14.843709344426047,1540,9.40792243666252,0
-15.05441828086169,0.04694352750810684,3.8560625196077976e-07,10.73258022508615,1555,44.00126684268615,1
-12.613671771516131,0.018655086530863015,1.2308392996248176e-11,14.43787039471646,1540,28.787654894257443,0
-13.101541267820858,0.03942978756920884,6.81783653042783e-07,11.213709502007125,1550,77.70638972424345,1
-15.842971481651073,0.03136254345322022,1.8478944610060015e-07,12.065756004937553,1552,41.814856890952925,1
-12.237155718329156,0.009571718872370436,2.1345764135358556e-11,16.136357677501767,1550,12.77377336647556,0
-15.453773747485624,0.04082824239307589,1.6734037676803496e-08,10.82644479976991,1552,65.57698560706284,1
-10.66324418474802,0.005657702787449448,4.500324307178366e-11,16.49325773503623,1552,24.4952382209595,0
-12.251483851270752,0.01661980296771773,2.1025252598625572e-10,14.740782271469872,1552,19.424582559197006,0
-22.88797489701335,0.07154556931680407,1.028624738427747e-06,4.770843698331964,1540,95.90264035156709,2
-13.89460711276575,0.04657648212715233,2.9469113114578147e-08,8.567302507623845,1550,53.77485561618137,1
-10.996952287268819,0.01911313034507097,4.50482337066253e-10,16.66788606796363,1540,8.730756060779676,0
-21.87827218816672,0.08739893406213384,0.0008482897105255524,7.9111086190207605,1540,80.60889885965963,2
-15.597108736556608,0.03862124679005177,1.4403003816297158e-08,10.486756615634249,1555,70.64705597879646,1
-18.018322543222414,0.07745096586688602,0.00014777481631129,5.8620718898649855,1552,82.55314758362631,2
-16.510749943569486,0.04849398060386009,2.010638159638372e-08,8.409843887967453,1552,44.450449892378735,1
-13.152367196800567,0.049437338020471726,3.6602028654824424e-08,10.206995455401778,1552,68.96635796825329,1
-9.55304541935578,0.011759294850946369,5.819945005885402e-10,14.422773919625097,1555,22.927767228443606,0
-11.490898122297445,0.01156469453986403,4.779530495700581e-11,16.876077772651563,1540,11.687174877122537,0
-10.024069026156482,0.009062483768931113,7.549928546183031e-11,14.313825525369063,1540,11.451678601597951,0
-9.242789856371594,0.01664733953976527,1.669833634050718e-10,17.429235609443364,1552,21.598925734193376,0
-13.368676292177486,0.01514266343113151,4.468976087605835e-11,16.74530878674439,1555,28.858431884056703,0
-9.392711318917348,0.019677589503990348,1.0503650293660425e-11,16.49096510550991,1540,39.863105454257926,0
-9.739261260999942,0.013387788199697725,1.1594859198193593e-10,15.609238135165864,1540,22.434538596439314,0
-11.472456198050681,0.007161181790197993,1.7700966129182585e-10,15.094561671443087,1550,35.639196879264205,0
-9.45556279806766,0.00822533854034277,2.5655898489240826e-11,14.726031846485983,1552,31.19976514587694,0
-10.411619211032502,0.019649264559725137,5.680722371203942e-11,17.207360673811223,1552,27.413326132548438,0
-16.5276795057942,0.020409796503058762,1.4298676174677661e-08,9.958473877554198,1550,63.349290006405,1
-13.058074953325635,0.005843700414727588,1.4501632945335012e-11,17.971083946050936,1555,6.742335053306531,0
-13.61514165309563,0.015442342177068878,5.829046621415153e-11,17.28732378634144,1550,38.54742424837091,0
-11.838220039266176,0.01987549191527844,7.16345764887576e-10,15.230896757457483,1552,6.427475470243134,0
-24.638813205162823,0.07443284287168718,1.7930249256601708e-06,7.268022030066841,1555,108.57370132217925,2
-11.991034324452878,0.013667419572671535,4.128081382553028e-11,15.908800317671846,1555,34.00481443363022,0
-16.344171228889827,0.020845521570353506,7.939473655289645e-08,11.256857762066163,1540,49.19478364809017,1
-15.054699232373544,0.03649052767559709,1.432875998458343e-08,12.715815262302197,1540,71.72442700112883,1
-19.81330859456341,0.09727801549936899,7.001205427651187e-06,3.07730387352305,1555,114.61668141184481,2
-12.914297979811641,0.010604612277000477,4.632593489158461e-11,14.70461565001144,1550,31.290153538300434,0
-11.741302620092782,0.01032092835095319,6.330067391761822e-11,14.460584713580804,1555,39.503186229757205,0
-17.664211088085892,0.04193107274984932,1.0053869809595229e-07,9.844489717602968,1540,74.12413499720104,1
-12.123393271134931,0.014401300228134968,1.9597159669231793e-11,17.292014297787738,1555,37.739868855698695,0
-9.999645156504203,0.008060534519433483,1.2887536212308786e-10,16.932285184118697,1552,26.52423841193963,0
-17.894596697857317,0.045759487367078924,6.900160633933657e-07,9.767741112817276,1555,57.31003476443998,1
-13.038450519831862,0.00943481812418728,1.734729859215894e-10,16.398510273839687,1555,30.86734415787804,0
-9.661263049591348,0.011766141077372894,1.0733281049953127e-11,15.705775222857213,1555,16.247288506640245,0
-10.051191131326828,0.014952531041078857,4.9142868665349685e-11,14.68559324929901,1550,26.105485217760585,0
-16.975992375304166,0.031131942044105944,1.8554788042673083e-07,8.090789828035394,1550,65.6638931737946,1
-22.542475660369035,0.09392422136480932,3.4679028337464057e-06,3.9962618663729,1550,111.19854099726678,2
-13.807586547170878,0.025555278165351775,1.2873136690747337e-07,11.61116628093597,1550,78.21646776316118,1
-18.416284983226245,0.10677893228447816,4.590288639650828e-06,5.66316372014391,1540,118.27519782175882,2
-14.894332965758343,0.02492790991161872,4.919971475781415e-07,12.062012420156577,1540,63.53944654844104,1
-14.696760554307161,0.030936259102666598,3.7342319738526994e-07,8.607753803654553,1555,48.647542954819016,1
-24.366152173613735,0.11505453671414193,2.5609762152429748e-05,7.261420340287155,1540,86.47154340094521,2
-16.455780954287704,0.02945841539311768,1.3216136407691828e-08,11.43410607996148,1555,75.47090034169707,1
-23.956353054607806,0.08390976367743573,2.504698676008744e-06,5.366701110476127,1552,109.80146136406368,2
-17.56121972115002,0.024671780357700367,3.449336189885041e-07,11.593895902923578,1552,79.16612959005954,1
-24.811934344629236,0.11997188675400139,1.2613270821577327e-06,4.975740041168269,1552,100.73846998719229,2
-16.96693959659512,0.03526522544391521,1.7716375895788652e-08,12.69059165298351,1540,50.29367952758129,1
-11.374488009288779,0.01052930978747433,1.3542047382278395e-11,16.48866769669443,1540,39.659297390512485,0
-9.5669142552467,0.0054142515781055705,1.4379036661621088e-10,15.753896492072348,1552,6.257979582885973,0
-17.497215228134753,0.02815537801952607,9.083805675379071e-07,9.35209205201122,1552,73.57483454151561,1
-18.58945490417109,0.0632635734066862,1.397235718419644e-06,4.637435044365654,1540,83.44104615547481,2
-16.671268119066692,0.02284491316532304,4.9398529597827235e-08,8.18284906181479,1555,41.37614510857178,1
-16.208161838338007,0.03321609944370135,1.0937184367028796e-07,11.159956720657345,1555,62.59999884727662,1
-13.240440249776649,0.03225646197426994,2.11809059080754e-08,10.671095489834267,1552,67.09738737785202,1
-22.40066649100858,0.10963049221599049,0.0002385866964775159,5.213771428753091,1552,80.67976998348523,2
-13.89144885687233,0.021335565542348,8.172056635079845e-07,10.120798415029945,1552,52.023084322160884,1
-9.283213506450592,0.01047625509926601,6.686031769264393e-10,17.122087211028088,1555,17.72453543719042,0
-14.010343162443423,0.03706910101283723,6.115235367145038e-07,11.182722442883621,1540,45.57861854660726,1
-9.333122504290156,0.009756098281455364,7.562580864756938e-10,15.474070631353523,1555,31.582029921590745,0
-9.288327525324815,0.017346312935103206,1.213236458043618e-11,15.884331402818052,1540,6.889975226336363,0
-10.15003859390648,0.018001460034370156,1.0925806088555985e-10,17.972904269122196,1540,12.871388200564255,0
-13.75228120222939,0.03499466773245767,5.9584414561317225e-08,11.065361549413575,1550,77.67841950251494,1
-9.949299546272695,0.0063136184447935735,1.8522501450778454e-10,17.658465818060765,1552,30.444227183495084,0
-14.030306467340218,0.04844488415060918,6.056284778178274e-07,9.607178726535086,1555,57.79213333380291,1
-16.91257823068511,0.030027391224713942,8.311642469020269e-07,10.600449688029173,1552,45.588097131676086,1
-12.059171469365022,0.015111954433040944,3.3098625458691284e-11,15.380768833976841,1555,16.806904935595824,0
-17.955436079141254,0.025658945303479633,2.390830375583273e-07,8.329435696576164,1550,57.81621714311339,1
-13.637951615615219,0.029976888572210546,1.842315869671098e-08,12.057793453645296,1555,55.53572721535548,1
-11.039915786054685,0.007488515365561794,1.1203876538348805e-11,15.451014401596609,1550,8.145689810765624,0
-13.893438278353273,0.039099636780373634,2.8750306739484033e-08,10.092169800386474,1550,65.98323778471357,1
-23.32352217249294,0.050017170335839516,0.0002561812385363055,7.1131677765808226,1540,88.78896447318223,2
-11.573721979263794,0.013151087782973962,4.069319837797359e-11,14.727233862667799,1555,9.066320098893119,0
-9.875965260100847,0.015332157553849805,1.2702017949686927e-10,14.967352781661413,1540,11.884086905948806,0
-23.088479946420172,0.06411067603680248,7.80257424795985e-06,3.5504127959668708,1555,114.14263348845517,2
-24.10975961265686,0.08765717421508692,5.5295043068159014e-06,3.4617822911963105,1552,86.90412916964519,2
-17.994181678360107,0.0313923360364687,2.9890351775239026e-07,8.75012089723257,1552,79.47507387766882,1
-21.818562438141818,0.06295810848954246,3.769567377094624e-06,3.4984501828701897,1540,104.60373463497606,2
-21.547742458809356,0.07622618138721289,1.804085294328598e-06,6.67979682334284,1552,119.9366785459702,2
-18.569985640807733,0.07518186086517661,0.0006470698202284617,5.2971465919626555,1550,111.0904755405649,2
-10.941734197558596,0.005105994578295761,1.112051371571063e-11,16.099098641033557,1552,9.882285122821465,0
-23.19895202691869,0.08561271648383029,4.546835641968964e-05,4.645546405313661,1550,108.21165569999178,2
-13.20774821773771,0.048762638486447116,7.65470076186167e-08,11.222574122173983,1552,66.98695968092647,1
-13.796996887479274,0.020887485336357127,5.31967602909449e-08,12.078466886222328,1555,71.06393928786753,1
-9.682849927391164,0.018754416696537327,9.854065061011567e-10,14.614736543228988,1552,28.226865226855487,0
-9.083845570966059,0.012001443398719698,5.246634533625293e-10,16.72123015435112,1540,7.2768057544847835,0
-24.438193160099377,0.09238133241770488,0.00038138731854622446,7.608713751757667,1555,97.50776152898847,2
-22.691728353985642,0.08517359108506638,7.0638490365552475e-06,5.221918050437599,1540,118.29038224676134,2
-11.886565322459198,0.014772337302944194,3.2966923493903066e-11,14.27902804924804,1550,8.471808553950751,0
-16.65926634517112,0.02991343092855943,8.893912508887746e-08,8.346758355092984,1540,54.099389103922476,1
-18.698484483335754,0.0847753880900787,0.00018864042347456483,3.3219205296434042,1552,93.07906886167535,2
-12.1662396178703,0.00855605586761267,7.844150838601178e-11,14.28950557277649,1540,10.060289858385465,0
-16.76068601722348,0.027377797835947515,2.3575689850556937e-08,11.619933749868752,1540,44.056325849501235,1
-13.205476975773973,0.045126882040289716,5.341338253249251e-08,8.363419555013115,1555,72.86161528786464,1
-17.70923486005075,0.04556398158858159,2.889831952550242e-07,11.493076530055603,1550,56.598340088100784,1
-11.789878131085713,0.00996334044483758,7.898691423426222e-11,16.677561605837447,1540,20.081063328163207,0
-14.864308029694413,0.030091061356511295,2.2088630035151334e-07,8.160598780339072,1552,50.49841245602734,1
-11.056202682174952,0.016848021610696144,2.0534294508267197e-10,16.435033300518214,1540,10.613098230833522,0
-13.462644865807476,0.02289380311369309,5.172635103196124e-07,8.889016190550405,1540,45.08477167428194,1
-11.175794333686918,0.005985629591425286,3.5567655048712076e-10,15.813155338992111,1550,23.70595619400364,0
-23.418592592208885,0.07562329876492246,8.523740369203747e-06,4.528073236987478,1555,108.85962510276079,2
-10.376954032058414,0.009273068102532148,3.1984987245458245e-10,14.122421985347618,1540,31.268339324386215,0
-11.632641146097171,0.007598028048650228,7.374002805074007e-11,15.594018937589494,1550,38.220100605698505,0
-21.733290266636153,0.10565368248148546,0.0003162753480178379,4.417214113708627,1552,99.48767101153773,2
-16.447486237252583,0.04983293007628291,1.1929299265204634e-08,8.811362862795374,1552,41.71133072989071,1
-22.500180582844756,0.06895229036273799,0.00010057254573651727,3.238609918501247,1552,105.74955978399682,2
-17.111233981922318,0.036392642726418165,1.7356215267329583e-08,12.671182205360694,1555,74.31203749130363,1
-11.875023797900685,0.00711167510018348,1.062862646062936e-10,16.348716512542786,1555,16.512192237375352,0
-20.615436923039567,0.11732260442865355,2.260318796096243e-05,5.803639490963451,1540,86.47314645073162,2
-17.75436553054074,0.03004230595398087,1.0437055223286332e-07,10.661738639773144,1555,54.29505613791849,1
-13.921453649989635,0.03209781263667462,7.43174978131855e-07,12.749494919154914,1555,69.84328626291571,1
-16.499847597022516,0.028449590290533917,1.6161401538141754e-07,12.083726397363407,1550,42.76533343269958,1
-9.364381090677753,0.019548897880177864,1.388420252166941e-10,14.572004490662906,1550,13.847945540552056,0
-21.899016122718812,0.10555354737097042,4.691482467144787e-05,7.681371988347329,1552,100.43967399919671,2
-11.726300721830704,0.012733940428688754,9.499334057333764e-11,16.667457030184416,1555,9.40095291323271,0
-15.817563253461465,0.027516381767933848,4.6654374777619446e-08,9.707740584615882,1540,75.167256235663,1
-16.025667384278538,0.03825152650449577,1.2033650185036787e-08,11.809478960939531,1552,44.52882599733797,1
-20.107985386290743,0.07034159123497252,3.1638344600845164e-05,7.081263557652077,1540,89.55790280617815,2
-17.016049332041003,0.03927739747413622,8.244520065925664e-08,11.96144976665451,1550,69.05765432429666,1
-12.305696753306242,0.01703878519369719,1.3934689203431564e-10,16.050670903825665,1552,6.553572025979905,0
-11.869542624765295,0.008338646263565458,6.213026470310402e-11,17.567587635107106,1550,7.847207322466492,0
-16.733206088925964,0.026753658112014272,1.3203559011434182e-08,8.469599285840378,1552,75.93078598535376,1
-15.219422292563934,0.03213966253714,7.212668762675943e-08,9.133847766753833,1555,50.12168823279585,1
-13.862404074297924,0.017597242432182966,3.1881911072415667e-10,14.914777637601459,1540,11.132762023703958,0
-16.98655898710821,0.023355378313928987,1.9077499189183462e-07,12.952007672910998,1555,54.19767857956967,1
-15.085653194039786,0.02154986527486969,4.719040992707208e-08,11.765998509571148,1550,46.026389528306744,1
-12.217976320751676,0.016214777368474667,1.2629352625167225e-10,17.26717347829739,1552,35.05632089632144,0
-23.000020999175653,0.1109526647098987,0.00046558490808447264,6.2032658291005625,1550,109.61137361051341,2
-24.36934015782275,0.10307285267173796,7.785324308259049e-05,6.164022003354856,1555,95.35805863156556,2
-9.441074438091142,0.007199218357397634,1.9581943179304878e-10,14.93151658460726,1555,25.08751976430438,0
-14.808745073015055,0.04657285082337858,7.023878279420585e-08,11.869625284027743,1550,51.81508015362464,1
-14.350421852437112,0.04613414450486465,8.712224822550379e-07,12.632999403857841,1552,79.60439134939668,1
-13.756237666655784,0.03534558672388621,2.5904512097908095e-07,8.963760052063561,1540,67.91904189359681,1
-22.74463903216599,0.10910220689844263,4.022390540948098e-05,7.718039109118275,1550,111.96208551951551,2
-12.35624194856246,0.014501012814750885,3.021977576971471e-11,14.303453312434655,1540,21.104170564425022,0
-16.79980790617925,0.04187309850784629,3.190189863212441e-08,9.97646248975336,1555,72.28746272468916,1
-10.577823194653462,0.012548306222879516,3.390765062997631e-10,15.94116253624686,1540,33.67319742358471,0
-13.349865810559187,0.023537189354608527,2.910515858525658e-08,12.518624601869039,1540,71.37455781764665,1
-19.87136861085838,0.07585631589060786,0.0005958443335876077,3.1168886084603526,1550,106.37837587909246,2
-22.30192757973128,0.059375986396234606,3.5765706354801145e-06,6.830752374015617,1552,113.09475645464752,2
-11.988134746387662,0.00947010285790633,1.7821986930540124e-10,14.619430296315285,1550,21.595528105767787,0
-20.63640467845372,0.11285652403674312,3.1848718973995507e-06,6.133562879783938,1552,86.20827116717133,2
-15.558226898593999,0.02080543803246999,2.6057264036897317e-07,9.943490489133012,1540,72.56843593531471,1
-13.914575265401751,0.044748407883816725,2.979576738677842e-08,9.618313905179,1550,58.916561781365544,1
-12.269917161775801,0.01663707103689434,7.629129879663347e-10,14.289665088585366,1540,8.075327470069167,0
-14.86871959433851,0.046345725322279804,1.8118170783658788e-07,9.138572692578713,1550,64.54058730870051,1
-21.634787616655974,0.05437247438711905,0.0007152441304741284,7.259623473622059,1540,110.14234338956504,2
-11.315383692899415,0.01591646060769416,1.749562823580155e-11,16.434138573108953,1552,10.18468727057341,0
-24.222461248144537,0.10667060843198019,0.00019131785895965298,7.101502976413126,1555,116.81732096422226,2
-17.059079154160273,0.026359445623977844,4.7912682118963486e-08,9.590662656667455,1552,50.00817948254167,1
-15.465597779838985,0.041982206430073776,2.489741395415923e-08,9.09046064203233,1550,72.39526342822843,1
-11.678980255239367,0.014288064759382324,9.132475537717363e-11,16.646815381925386,1550,24.099358908455905,0
-14.453110348450554,0.028678150811734342,1.3306068372239872e-08,12.290390361124718,1550,50.42834555975002,1
-13.904355167813565,0.007486222654478311,6.04938283885536e-10,14.966147366806727,1550,27.212373977058316,0
-12.406513713573013,0.011728138240526891,1.7885028870110724e-10,14.585492266355871,1552,17.424826436342375,0
-14.064716730048168,0.029429446361740767,1.47686102202716e-08,10.322692317622096,1555,74.48074556042667,1
-11.449258097718383,0.016043597152007497,1.0611923511959588e-10,17.47842432989911,1550,13.043935402916645,0
-13.55837092648689,0.04300093471500448,4.206147541347909e-07,12.066311506753271,1555,50.26292903960187,1
-19.76676732480935,0.05032202120248563,7.747196480849225e-06,6.118318238926628,1552,101.59374090170809,2
-17.146227245019016,0.02110123948413885,2.350440195475671e-08,11.82521594985245,1555,44.673389456427245,1
-14.210709389639499,0.03590742579098728,2.559595495967884e-07,9.300579915076996,1550,57.85049007239594,1
-11.462454527653342,0.011018788748055921,5.130465504872159e-10,15.727674124583315,1552,36.794353754399935,0
-10.044014189576508,0.008879747932389508,4.800761761471946e-11,14.256338350416264,1550,9.863596683712068,0
-12.992968453933239,0.0051431502960084,1.4144997244700663e-11,15.503409860727917,1550,17.005934940650853,0
-12.982444458340568,0.018100416767621568,1.3168143431278503e-11,17.55439712174861,1555,5.8257188723278555,0
-11.814831372751145,0.010953340896335595,3.0696477312737964e-10,16.322948559189406,1550,15.281665555958522,0
-21.592097839158072,0.10631792607086069,0.0001315926396248531,6.978176460867336,1550,86.68499446075198,2
-18.099390544760347,0.11598131499938381,0.00013719942591006013,5.60894705622233,1552,114.74621545796887,2
-22.898111149037383,0.11769828481464877,7.344216281687107e-06,4.067130669842055,1540,106.94220235078276,2
-18.322832327312685,0.08260870472434721,0.0007615319079851886,7.690426297580769,1552,106.19540450270503,2
-22.71593314041936,0.08774595598678966,5.9559080263754285e-05,5.826429331222332,1555,101.71579925426485,2
-14.580884862732484,0.045873144301339895,9.095425685529975e-08,10.149459301153794,1552,52.23035292622795,1
-18.83026300954172,0.05920122116537487,0.0002468009120127084,3.59574096736297,1555,90.89413652533844,2
-14.75956443945772,0.045892039887604735,3.8572787127229496e-08,10.251033080575597,1550,64.24497555531912,1
-13.981240128479591,0.036589267580523194,9.486856276324159e-08,8.569690915639926,1550,50.733042758573546,1
-17.435483944696923,0.04726729113421142,2.499766359963917e-08,11.717545760719283,1540,55.126192742429666,1
-15.872754417240916,0.0423224133231518,8.543756235688508e-07,9.146031055813456,1540,78.92665830638461,1
-10.619868559737263,0.015599448048180642,1.6596435947718253e-10,15.251629576854594,1555,13.733352839338702,0
-11.47055660557767,0.014171813531519716,1.0869770324276958e-11,17.488495635776605,1555,8.577443247881986,0
-19.51654019913029,0.0656907803096589,8.10910253747734e-06,3.488141198042622,1550,84.89679997585425,2
-12.922685463621349,0.006807227336577019,5.047476943506959e-10,14.626451259570599,1540,21.171376999384446,0
-16.12479352752549,0.031061720158273794,2.449401332683845e-08,10.237057271434976,1550,60.60550693844402,1
-14.943472414723066,0.025355987136191444,5.653203511136171e-08,10.339190065623574,1550,47.93621455975616,1
-10.766894331712223,0.01745049025442112,1.254721405678979e-11,17.409755542567492,1555,31.68998894770435,0
-15.986237207546555,0.025701134435604824,3.5102453258769026e-07,10.444974403393813,1540,76.37996171762865,1
-17.24631503484416,0.03861677586256996,6.914156122506657e-08,11.066416734209493,1555,51.064891083748044,1
-14.832848299440892,0.024966905452560622,6.453975893815227e-08,12.496785978246821,1555,57.16843118166799,1
-13.629148391620038,0.02342977236803607,1.595806652960386e-07,10.006277674895045,1555,79.33660461065712,1
-13.675828906069043,0.016439788381342114,7.159518930016425e-11,16.506574733247035,1555,20.620033396602295,0
-12.021315683166407,0.0077053395242247785,4.819826976839948e-10,14.044113793996544,1552,10.849701020425751,0
-16.32227201971064,0.03399472881010748,6.169627774253664e-07,9.92291896430109,1550,79.94777012121773,1
-17.737065698928113,0.02765941403513813,1.891074375032256e-07,12.295909450553381,1540,47.33637854469403,1
-20.470564550656654,0.05389064441388539,0.00014157826121031816,3.4993367646099496,1540,109.55374037018106,2
-12.83980085549447,0.011873519755892507,3.653403842645699e-10,17.84067113891498,1550,32.00694188425127,0
-13.52546045116961,0.01085024091121341,6.504466871603413e-11,16.307869241873483,1550,16.33634434031327,0
-10.669035198667844,0.018362854467914577,3.256950709417832e-11,17.721910367854672,1540,18.634220756853285,0
-13.38411985771835,0.0424426809710938,2.1520543157321687e-07,10.913607379918894,1540,70.51333701210137,1
-21.756542343967915,0.05517184502937148,6.668009881359509e-06,7.258132185460425,1555,102.98017310005591,2
-13.126132785863113,0.010411587786658998,6.483092372604178e-10,17.079778801006714,1540,13.290469564106871,0
-15.29065028473424,0.026592779421881492,1.996186459215115e-07,12.521771701251572,1555,67.00575417775394,1
-12.156464145676024,0.01054719883980765,1.2726531019178315e-11,17.070270514071673,1550,24.322427762868227,0
-13.781304638455262,0.006845049426856185,1.3100407135401406e-10,15.372669412690634,1552,33.58531208954906,0
-9.4257704946595,0.010435908486749496,1.449361432479712e-10,16.52905715167812,1555,12.44382745194292,0
-12.706100091999915,0.01493783426530973,4.201672054372531e-11,16.080272084711243,1550,24.869511473699703,0
-14.588996970334026,0.03322119327229209,3.9190596418150073e-07,12.30722467282894,1555,41.447391901317005,1
-20.09829455972107,0.0705200551300267,2.775040497025697e-06,3.6488165364899805,1550,81.09266290901748,2
-22.64045757010614,0.11481233876081649,0.0004941316844097345,7.326227853538011,1540,93.65558887923831,2
-10.260381743442913,0.007954002311613053,3.5858420164320717e-10,17.32837894433246,1550,34.911611210314234,0
-14.62601785199222,0.04260349130726317,3.1017565825125655e-08,11.36932696959844,1555,71.30651707584433,1
-21.87226743500324,0.0698506021272349,3.7171065143529826e-05,4.898250719104828,1555,109.39659528638268,2
-14.462307551926632,0.038656494843648,9.81896653533951e-08,9.493419919070671,1550,42.91330915959955,1
-15.34681371667174,0.023073263486979603,2.6274506513742415e-07,9.814143623634369,1555,50.9452557094295,1
-17.007237982314535,0.0358040875656781,1.186906091594626e-07,10.199103689166222,1550,45.63276872535181,1
-19.0541173773562,0.06490467176601976,0.00017321521925861853,4.722918973298162,1555,82.63923612464853,2
-20.80810337099272,0.06910431931830338,2.6691257708068277e-05,5.0414669689460805,1555,98.37586316549348,2
-12.68263277153076,0.005567302048280529,1.7623990383902166e-11,17.945399691776647,1540,16.14232077476038,0
-13.025124000498554,0.018356142758289926,3.1619543593989135e-10,17.632913954801293,1552,26.189411512765552,0
-20.745666118871153,0.07562100470087758,3.835865952134164e-06,6.375354238790158,1550,112.1743404534533,2
-14.807717756414853,0.04828910568292868,2.6528812224109256e-08,8.295052351115004,1550,59.618381006299515,1
-13.232215966399508,0.04534448157716431,3.319632656207288e-08,11.08229467583148,1540,59.36470124006599,1
-11.992511947175618,0.016896928069445847,2.7606895687411084e-11,14.74384603022967,1552,14.589583481449013,0
-14.050117099690997,0.048578055852294855,6.816085120397391e-07,8.407572975225081,1552,48.271854654304256,1
-9.47121604681776,0.01962630754561522,2.9146023329663e-11,17.525190182456367,1550,15.053447179119427,0
-23.47830427005908,0.05103623959729249,6.390342359578456e-06,3.9552624322974337,1555,84.52353155723313,2
-17.263493271440534,0.03517296327004417,8.155579045760955e-08,12.985814071397284,1550,68.59371715380097,1
-9.685138005065188,0.012978336185112713,3.791965596022762e-10,15.187146728079401,1550,7.924401812874141,0
-15.40796227632712,0.022248320380954905,1.6617032013387974e-08,9.917545122463695,1550,46.21252080586825,1
-17.037350422809304,0.042353982454952005,1.795198723293551e-08,8.519368951394053,1550,59.867090943109105,1
-13.815875527985009,0.032768646872564464,2.772918888378916e-08,8.431330705315482,1555,73.0341373735586,1
-20.311364711331763,0.06780721657981342,0.00018016456395674227,3.765567654528667,1555,83.84440262794736,2
-16.884425207306666,0.03815722272716546,1.561065062007271e-08,10.331561079729948,1552,50.83544220105499,1
-15.633229103335994,0.04045715499382315,1.852276435764185e-07,10.13623598115852,1555,46.04052469708425,1
-13.897445403398045,0.00874063681993838,6.04412380696288e-10,16.874125272488985,1552,35.14316941603582,0
-20.993066552241523,0.11249243031642461,6.775936780207465e-06,4.210723498696253,1540,100.14965821069427,2
-13.211717628056512,0.04467751196484297,2.1045732340904878e-07,8.814291458189139,1552,58.732277073565854,1
-14.162520832453463,0.04248340363801596,1.198661095114059e-07,12.329211443747909,1555,79.52813970907897,1
-11.009087772289988,0.008966064468944681,1.1356615278173025e-10,16.069844037537166,1540,12.457007275655215,0
-11.32516663295278,0.005565465873722792,4.1317652073732276e-10,15.28289809783983,1552,31.40992764220078,0
-11.342570363477476,0.01807799368776417,2.3700026706401193e-10,14.446329252532966,1550,39.524490646901114,0
-14.202221982465836,0.03749278230392107,1.285737124360185e-08,8.421927740047241,1552,50.93277279828567,1
-13.900589343702762,0.04896532473703799,2.29766900867156e-08,10.97276281180474,1550,53.40612570489283,1
-13.546034741548382,0.029144898409447194,2.0090309278391335e-07,11.701564921654914,1555,62.898929117548356,1
-13.628795635058069,0.00839527241512229,2.887302548442936e-10,16.395233185533964,1552,36.60132483171955,0
-11.638595178355995,0.013307541237533308,1.1469641153859461e-10,15.286948119433111,1540,16.235753419606333,0
-11.651003896607335,0.013318953283189845,4.856862866076944e-10,15.923920984185312,1550,8.265058465268897,0
-17.297075843755515,0.046090706037786366,2.2479351456974544e-07,12.968177242464709,1552,60.507522893152455,1
-10.159972823433952,0.011515422472118265,7.814187783614485e-11,16.47508830816402,1555,24.748113583958762,0
-17.640623731456877,0.037383452577460695,6.37365541717729e-07,8.059522344239252,1550,53.163835212590385,1
-14.904342245649588,0.02100828986945019,6.221055876522497e-08,10.920808656380245,1550,64.0430719602557,1
-23.88669027030531,0.11737258736294982,9.080650863072896e-06,4.956570217284001,1540,81.04955155129316,2
-20.222242572415105,0.10911774700015656,2.5565433364819653e-05,7.145404950550188,1550,108.99929036838387,2
-12.814576457413299,0.01922754414827292,7.750531119185551e-10,16.43976623438421,1552,13.33513287829937,0
-24.483790844011875,0.11156651148102611,5.699288441690961e-06,3.1112506274761262,1540,86.2301256236776,2
-16.167413982226897,0.026832812092798648,1.598360296946041e-08,11.644665058590185,1550,51.777231117978175,1
-24.893789110797158,0.11679672043228055,0.00021590896301433392,6.8398374825395,1552,86.44184715526359,2
-24.555854874379733,0.09851614311387011,1.5325286782725708e-06,6.694371135231865,1555,103.75833083721369,2
-9.562697587432485,0.013350823771750491,2.7645610989145864e-10,17.22125986943162,1555,30.27934261494807,0
-22.602374781609587,0.0655932467361053,0.00011261778817863507,3.382936137085299,1550,110.6519351204904,2
-13.049173938722973,0.04999450158088034,1.1667008023592778e-07,12.13277898393049,1555,56.987339667878416,1
-12.969069177407867,0.014569411899739551,3.2641318661031656e-11,16.528061944081674,1540,22.386840060070927,0
-13.960792046140416,0.014463826853437452,7.858630163181412e-11,14.537099403609101,1550,15.567084502712564,0
-20.338240671850766,0.10472804926003185,3.5350868722035306e-06,4.524065673072178,1555,85.21396826649936,2
-13.41237636384826,0.03350372817905717,3.0804022694089613e-07,10.33483704581899,1555,74.73850315789882,1
-24.684356196620353,0.09014149903585643,3.4973114894601583e-06,7.970062680466093,1555,83.49391953925716,2
-9.95483650246334,0.008679570755886218,1.70002929645157e-10,15.772720300578637,1552,11.712071040278484,0
-16.43458415324324,0.03152480549277445,6.591044088861345e-07,12.184517226583274,1540,66.18703522288911,1
-13.722374835954247,0.013526973477619098,2.009237923369117e-10,14.843125797418754,1550,28.70875954611055,0
-23.234084594235277,0.09433434951324135,1.6486179688318862e-06,3.5382121091673193,1540,117.35274516217929,2
-13.73974158077496,0.03925229762675525,2.2493943614401527e-08,8.793513561791682,1540,63.95866545295502,1
-18.91869797876461,0.09020485492127145,4.627287986561671e-06,5.016784858689375,1550,95.8013452910701,2
-19.22967363585326,0.1005532028732972,0.000366972187264276,4.9361478981148466,1555,80.54278279616064,2
-9.01663695723604,0.018398999544006162,1.0635582789093468e-10,17.301285139367334,1550,8.084429932519521,0
-16.831546422784523,0.034689326354570484,6.049948783093762e-08,8.448539757198155,1550,43.012857286696196,1
-16.473854776750823,0.023106019615551643,5.676252693867878e-07,9.85883025413303,1550,78.0619245470696,1
-17.325768187406382,0.027689381397828377,8.851448913369927e-07,9.90058429437282,1540,50.08873573073488,1
-15.215924410153034,0.046488573675424916,4.11856039027756e-08,11.459962610283721,1552,53.90257124646965,1
-13.714336403283351,0.018406612816429174,1.1471444654245873e-10,16.677393403051184,1555,39.99094452903324,0
-10.714674087335272,0.01598456288329199,5.138197737028099e-11,17.28198577863142,1555,31.631201553643404,0
-13.053333565858622,0.028176429436790874,5.623141213494303e-07,11.83311332587243,1540,78.77268813077347,1
-12.74420799320857,0.014063082197949564,5.750479983486907e-10,15.298645068740775,1550,34.96997948163668,0
-14.583481736979893,0.046753751344494734,4.276563719703449e-08,9.077428109714923,1552,55.97601207113179,1
-10.539631764878155,0.00809378170754229,6.077412942243119e-11,17.582699110475115,1552,32.05453524569553,0
-17.14751239106053,0.04556443951556027,5.442798588378523e-07,11.369492689303602,1550,45.4415433399922,1
-17.258073108912612,0.039081210653956575,7.92484658315101e-07,12.983668851471908,1552,50.235315441791,1
-9.74712735992442,0.008022925670094692,7.393772396671242e-10,16.75635061499292,1540,9.521105583508863,0
-22.758389713220346,0.0804112165853915,3.2195431651043676e-06,5.4810293997500406,1550,87.48188659470198,2
-17.963447556725296,0.027904501314287095,2.5102709169773397e-08,8.069967050852313,1540,64.71614262265736,1
-12.838322270379908,0.014359183621420826,8.329957394542792e-11,14.157807811690766,1555,26.882597052849828,0
-14.371205622733623,0.04022709684884597,4.7006376577987905e-08,8.848884698790611,1540,50.90522035470022,1
-16.155995575488515,0.02615244073299125,2.6353578921419246e-07,8.456746135852905,1555,61.968803995474545,1
-23.386228454803607,0.06224759479235226,0.0005776730490576929,3.2199951527915527,1555,115.65492124748867,2
-21.99874481091182,0.10407513759792945,2.7760870447726717e-05,6.9447916750517305,1550,116.06600707518874,2
-17.08169230609057,0.020298608771400932,8.775789433174429e-08,10.143227846575915,1550,48.13980402161245,1
-13.517327649022796,0.008628407423882585,1.0587857133685303e-11,15.875071861858023,1540,33.85871828304613,0
-23.65845542057604,0.09217111964992208,3.890981876609119e-06,3.9053200505954666,1540,104.16767802974655,2
-11.322933322442662,0.016825992964173687,4.32721363251359e-10,17.831648302862593,1555,16.679647265147047,0
-17.78327190036337,0.030932804340057535,5.7520028114494466e-08,12.026352986036255,1540,66.13578928611355,1
-14.18184042226433,0.040639520645710095,4.42210444021177e-08,10.727440740284809,1540,78.82210059540407,1
-10.83546834660783,0.006035443113317745,1.0264354173966146e-11,17.74836411383518,1555,28.04891804845192,0
-13.823913696956156,0.026292169818156977,4.535419058681626e-08,12.350239983031958,1555,49.42068911166142,1
-10.685468738277171,0.017788081112839506,3.280039045508055e-11,15.966056903327306,1555,29.60828663158015,0
-9.545879342446863,0.006416936387016303,9.500608547528896e-10,17.796277574581687,1552,38.73803069941302,0
-13.59525148988822,0.013657574399359943,7.455568686382501e-10,17.46676539359758,1552,26.86452342923128,0
-12.954641896311431,0.013121719607413488,2.4635920768652597e-10,14.914200087189199,1555,33.602777007042555,0
-13.253752651292631,0.009022615516173699,5.2741132694822206e-11,15.63382232563393,1555,10.995323523758463,0
-17.082185459400456,0.028546659167091832,6.811828420840927e-08,9.768189315700551,1540,67.1867989300609,1
-15.856419120760686,0.02234616970733284,1.7508057841546432e-08,11.86659771601539,1552,61.99989941949431,1
-13.375587783661539,0.04543274894392329,5.666040880015048e-08,10.869571544731313,1550,56.47838719583196,1
-11.940267256938682,0.01901616191856822,1.2500531100910464e-11,14.841104711607446,1555,35.72465588557975,0
-16.862425184626776,0.023056719380101877,6.753497105932286e-08,12.282859511796678,1552,48.126157487598725,1
-10.262645309331218,0.005550248043358968,3.197966342900493e-11,16.85339834353821,1552,34.55542354217701,0
-17.516508072268312,0.04933734687772083,1.056505733608349e-07,11.147392569811732,1552,52.77688394856818,1
-14.593721849065625,0.03936812338533882,2.6498143959771675e-07,12.590556693802807,1550,57.14255351222789,1
-17.68168333379496,0.021975132264929077,1.2175567509508685e-08,10.045727109370187,1550,54.9444378029473,1
-12.01728608839365,0.0143313005034181,5.305513421197473e-10,17.79808249463057,1555,21.077138278116035,0
-21.879458442803955,0.11989465050030888,6.826483746160658e-05,3.5209480191188423,1550,114.23358501979678,2
-16.79731053347475,0.02583668483567816,4.813405491951305e-07,8.851658171849348,1540,45.458044730818344,1
-17.054914663327228,0.02575662649154286,2.0255507630528445e-07,8.268485939696872,1555,56.14717130346057,1
-9.812637401906127,0.008597299283098853,2.4542372473249854e-11,16.019645805000557,1555,18.22979135191536,0
-18.574266135090504,0.0620128783564283,2.9897939603911834e-06,7.203214723866063,1540,116.69860902219216,2
-17.1594872509741,0.030363391574165406,3.330756309455731e-07,12.771156787382107,1550,78.31474239510304,1
-14.377296629695094,0.039354113718071626,3.670558373368001e-08,9.477995624924393,1540,45.69144874443743,1
-20.219126053711165,0.07691818588497767,0.00040478782841224244,3.811539227482304,1552,107.52747128673846,2
-22.560578799573676,0.11737157319230329,1.0589609081922422e-06,4.526965000376919,1550,114.0893926569251,2
-12.60367360979505,0.0105197761578018,1.4297620665992125e-11,16.853847793466,1540,36.781220671750255,0
-19.211148207611785,0.0621917376644785,1.7370788484710146e-05,6.85274490346784,1550,90.78803060982735,2
-14.59242732278831,0.03048342922350885,2.6622349417474542e-08,9.871680768483698,1555,58.19640579471371,1
-10.224530163509268,0.016262170720616587,3.396943860758505e-11,16.28747875748693,1540,21.976936583458784,0
-15.256615624253016,0.025987624874002954,1.0980470149973558e-08,10.810722272542879,1540,72.90144075653888,1
-15.421319058129775,0.031309797060999046,6.977357878022426e-07,8.181261587573974,1555,41.91700703824096,1
-19.19311529753126,0.09908367207736742,0.0009321492859567305,7.6772383399312565,1540,101.85192279515523,2
-9.233399597828724,0.006516328912613224,4.1466229743205186e-11,16.44542805239353,1552,5.534269387611042,0
-11.546762503296366,0.019491498090972233,4.618233455958182e-10,15.138441058240709,1550,21.12397407187468,0
-9.037050620330776,0.015190902321686392,7.470950403743196e-10,17.307796100336443,1552,36.31622273415293,0
-11.139979003954085,0.016528310214594635,1.2223836813745605e-11,17.978202043189363,1550,38.38750019509056,0
-13.713040781558632,0.013749608722763068,5.870659013954937e-10,14.60697165181221,1540,16.863067137195706,0
-24.656650782110784,0.10863196972540391,2.9442017982058236e-05,7.073033421874604,1555,93.48130506207045,2
-9.444397493040213,0.017307612563481636,3.311843480490566e-10,14.195065275252562,1550,26.201380568232704,0
-15.692355207299741,0.029157929048223077,2.7837896667330087e-08,9.064629752413007,1555,47.86528169864009,1
-22.817651638435095,0.06303870276190257,1.6215474589015497e-05,5.3539970746790395,1555,80.8099447369398,2
-17.494244710407855,0.043767521004920554,8.372643982977188e-07,10.134830996406096,1552,56.56436328495984,1
-13.695724859782757,0.04259640316216632,1.2787924209593398e-07,9.811464991582431,1550,43.006342613523394,1
-12.572979657682888,0.013787125913228664,1.6556355083980822e-11,17.863346675230336,1555,38.67745185405806,0
-13.308622361610958,0.01949267037251805,4.385952199538137e-10,14.817933844783294,1550,9.580671671019045,0
-10.361844311501557,0.018839056356409367,3.3452156248962936e-10,16.366867875569604,1555,16.49349248658119,0
-11.859903237801781,0.01487425675139236,3.369862260337305e-11,14.048279741202471,1550,5.207342290890083,0
-11.114414588060468,0.018359876831927635,1.5627533797732544e-10,17.24064435983881,1552,26.407624678649736,0
-13.065463517749409,0.005999897447349592,9.933941843605238e-10,14.099268845780596,1552,7.800639441518777,0
-13.467243763919434,0.015325364373704867,3.308177719386488e-11,15.018646745729788,1552,15.949561980198386,0
-11.399902268552381,0.015199678229761423,1.4842330631778694e-11,15.843683091678638,1555,30.110205780738877,0
-18.73270974039262,0.11361297718533017,0.00016551219406271166,3.5349998574179966,1550,95.22644404512803,2
-13.58315850984544,0.024811816250184356,4.776901458415663e-08,9.676115901067858,1552,40.141464948128984,1
-23.921979885273903,0.106756692753773,1.6106994767599938e-06,3.4728724310415817,1555,105.84175918045395,2
-14.102558267642332,0.044136400764275996,4.408488976212417e-07,10.364579854892288,1552,53.35366520277368,1
-10.759489363694643,0.005275375759988359,2.0323029279059337e-10,16.47434059628846,1552,6.329158864936229,0
-22.880639745922473,0.05924165738393349,0.0002874493756284534,4.912589539874547,1540,117.66162000218367,2
-22.120969232464127,0.11424326555341098,1.0949666115179062e-06,5.816516904114961,1552,96.78408083736517,2
-14.52284739265875,0.025436348521136222,1.520924656830487e-08,9.255501118532672,1555,45.48250783896718,1
-10.139841070138226,0.017423191368298913,2.1931118362142016e-11,17.589676200312695,1540,28.934506072587652,0
-24.902136604403832,0.05090329378982611,9.636793439032666e-05,7.23618768727799,1555,82.5460548133851,2
-12.118992933524009,0.005947407922462089,6.714627637084872e-10,15.662717180651475,1540,37.476522045170945,0
-10.42317942385555,0.00906713380070882,3.3163200973511917e-10,16.88964553785418,1540,12.610852627603258,0
-14.051172561026668,0.02709930643645704,7.899537395905994e-07,10.872891232652854,1555,47.65781166837087,1
-19.634333563768983,0.060582018879762785,0.0005548750591588783,6.850451907023871,1552,118.80407057326246,2
-17.532730436655612,0.041204583350304316,9.518758642766296e-08,8.954744294377214,1552,56.62845236599394,1
-13.244785137621054,0.03986370321905864,1.0600816241484235e-07,11.628655446815356,1540,64.50644988607996,1
-12.094265589826321,0.011177784247167455,2.8520599117125007e-10,15.806555982075352,1550,37.53540831091491,0
-14.152282269923756,0.027955617193135336,6.067889064020223e-07,8.35713823366468,1552,72.99345108615032,1
-24.263551497048883,0.09786390084616994,0.00021814411452606062,5.757333423561825,1540,88.7900505753627,2
-11.756946845227287,0.015831064073041055,5.920952280499845e-10,16.372177336747136,1540,28.206470157517227,0
-17.635503636454263,0.02675274993784041,1.1675386397510013e-07,11.478726241783527,1550,68.19344790069346,1
-24.521403844825873,0.0820142918164375,9.818944836982882e-05,4.4799649108286435,1552,91.73561904566513,2
-21.88310980272907,0.09682397490639943,7.070292159096268e-05,7.686308048944378,1552,107.95434399621782,2
-17.443428392612248,0.026363761961658197,8.834644453511627e-08,12.843069076729648,1550,64.7658854419676,1
-13.865026950474999,0.04284457058990293,9.892149747449316e-08,9.374357140460766,1540,75.36777884913477,1
-17.363979403311095,0.031878232874419224,3.490770732228528e-08,9.458293852504685,1550,50.9215533154499,1
-12.444396596201763,0.009810489275619842,2.0776492682224154e-10,16.49253168301074,1540,15.377554985837866,0
-23.03118496632409,0.11398000259064944,0.000506328932483325,5.593809729007539,1555,115.6075570976758,2
-9.672114271877238,0.01971109015375144,6.533838824051657e-11,17.31007568842521,1552,25.699236579787083,0
-15.54176624944263,0.028857411635387575,3.4529265990974737e-07,9.969664893231236,1550,69.90983283730512,1
-12.013543535270472,0.01005271552170729,1.3770977739842943e-10,17.444454080245702,1555,26.125502568037195,0
-12.674218851473425,0.008831156312777649,1.686769611792644e-10,17.78014986145442,1552,39.782058596877604,0
-15.928151960467211,0.025839020982735682,2.335570920420375e-08,9.439098066880753,1550,78.34790965461593,1
-10.27860467202522,0.018077491684596818,7.367339237753783e-11,14.174646630829445,1555,24.437724282817094,0
-10.164058555344365,0.011028963704138632,9.11488598551203e-11,16.51002185287348,1555,14.509043987415144,0
-13.790179632781829,0.010454680383791744,1.5746660367270662e-11,14.465911398693349,1555,33.10541585342122,0
-11.974211639915296,0.009565516751443265,2.3173203072264603e-10,17.39027619240998,1540,20.538073611435163,0
-12.99570455068853,0.015397909112340215,4.394216555852932e-10,14.164733981117086,1555,8.65987441170401,0
-12.657499619012523,0.014813536699179768,1.167438099913832e-10,17.77616511312371,1555,34.039348954597244,0
-13.450224683636954,0.04746775956544609,4.549792069506602e-08,11.527170925472756,1555,74.19667834239084,1
-13.62652791121073,0.017786219887979713,9.556453380251206e-10,16.704209028747016,1555,31.237814111002365,0
-18.459196973560317,0.07856644954132891,3.4123125342445044e-06,5.745149646056689,1540,118.60000837906875,2
-21.274049694964354,0.06564806289222977,9.125975408061516e-06,3.108256427627676,1555,105.49854515510492,2
-10.922996226453801,0.010478663024230579,6.103392401305065e-11,16.782563013781633,1540,6.828595429528976,0
-17.618931576099005,0.0395817031866702,1.1300850086179529e-07,8.920902307423132,1552,69.4378880689289,1
-15.338515912584024,0.022590100689548077,2.886351828410696e-08,11.831158311018584,1555,63.73904799417218,1
-22.5689814870255,0.10134684736568123,8.501521816096096e-06,4.003863241772125,1555,93.10788417022557,2
-13.16834196128429,0.014260276361194611,1.1121655775250155e-10,16.680384138443767,1540,33.10590642414322,0
-13.603636794085453,0.04337609410295324,2.4071132718633413e-08,11.470099729122827,1550,60.518429930369564,1
-13.244710541095499,0.01148502201563903,7.71315111946364e-10,15.678909267704489,1552,38.7582165294573,0
-14.017231884493398,0.04554592415862481,1.763382335844127e-07,9.737959411148815,1555,66.47317158712414,1
-16.920371995305214,0.04653413940726583,1.4816224796859643e-08,10.221911811505324,1550,44.75356537575838,1
-20.946016495005924,0.11581533730210954,0.00014386914459274555,3.3116275119203866,1555,96.579901005558,2
-15.349248398560434,0.04703797895009908,1.8719300535513221e-07,10.683442059313865,1540,71.32034159752641,1
-10.730850180861612,0.015218138867323233,3.19381520779849e-10,16.014307585354366,1552,33.644092662423816,0
-17.872543054851164,0.04070060411945846,3.372218194414072e-08,8.332043219346472,1555,46.654508972468875,1
-20.23209734072988,0.11132123687555431,1.4270101172650567e-06,4.505098380135607,1550,111.11773211309703,2
-22.544982977554838,0.08021167874183686,0.0001695229121702106,5.507203735707764,1550,118.43504540479734,2
-16.82840445975987,0.02581186358589768,2.7915005861083067e-08,11.542966538110015,1540,69.43899484019312,1
-16.37266949876679,0.02169807396816396,4.6386041135102086e-07,8.225838782487388,1540,44.79362646164815,1
-22.029660158198002,0.07724200301921152,0.0007185245777561285,5.185645280421928,1555,106.90752558369437,2
-15.95214549097621,0.020764383007289198,2.7513372909729528e-08,11.460337421355973,1552,69.51792033133282,1
-14.60295721202435,0.03696330498696028,7.457250270974186e-08,10.699741136106923,1555,47.90791554174322,1
-10.513622904730715,0.01628957441107754,8.513546189547913e-11,17.496682728628105,1540,21.978313099283906,0
-22.178937000476562,0.1109827816794002,1.223467862701913e-06,5.663796363217372,1552,101.85095284045036,2
-20.465705903349317,0.08899853288251466,1.3925999196969142e-05,4.650234385630068,1550,117.07213465759142,2
-13.400673163331586,0.01006422757105442,7.688106801474966e-10,15.29281172808302,1555,24.53357007060694,0
-9.267717434247974,0.018388373412297116,6.900745134947369e-11,17.12146201202753,1550,36.11105984012704,0
-23.06669597052109,0.07784454521195534,6.636025391887408e-06,3.8763380996296215,1552,117.93537705090466,2
-21.91870863568145,0.09691208844412544,2.3289391428238235e-05,7.7430508489547165,1540,103.95512153953464,2
-15.418844952915428,0.04099119067249757,1.541443429286171e-08,11.105370442352168,1555,79.68686857793638,1
-9.655243026995969,0.019010547359885156,4.5173228032502324e-11,14.543329713653062,1540,32.4709044185728,0
-13.740802615685988,0.030829143679588153,1.955708764841082e-08,9.661685901101611,1550,53.76399056118946,1
-10.706411806364889,0.012984378139271818,1.6089035789253142e-11,14.690095507785449,1552,31.185628923568995,0
-15.078242915089437,0.031088163235858064,5.070338124654728e-08,11.342942092791398,1540,61.7480567857967,1
-16.132657140084756,0.04228634227155052,9.551796039287864e-08,10.15114251701041,1540,64.01891453001096,1
-9.242786805563341,0.010421979927477731,3.592202018378232e-10,16.955205533072757,1540,28.907435131654346,0
-10.565237793072809,0.016878598076333552,1.4656736997733193e-10,17.635670976485816,1540,32.86650819518546,0
-17.709244397167993,0.03579546849564891,1.1990934458100483e-07,12.30351016271075,1552,47.69901461614536,1
-12.873964498918992,0.008856441340926675,9.09724636882634e-11,15.469110805122837,1540,6.404361709135332,0
-17.133194937640333,0.047149395013590924,8.038842096912398e-07,9.82786631037631,1555,49.359859151625116,1
-20.550643845415987,0.09649316136543824,0.0005330825771756512,6.747126139855527,1540,116.31218445789578,2
-13.90478295362854,0.015986819437005945,7.348969455682367e-10,16.628790646560248,1540,27.841469061157373,0
-10.711935538498283,0.013524629050032076,1.539393100214087e-11,15.470863212237735,1552,13.766163651195445,0
-12.127299405763187,0.019260714596148743,2.9106359131330674e-10,16.394633936788146,1552,20.60414634987569,0
-19.30826234423831,0.07361301437835144,0.0007799417505055298,3.10970733798782,1540,106.54310493634853,2
-13.670941196547117,0.01836977309540448,8.465029958511206e-11,15.280109266249568,1540,15.701038510655188,0
-13.34240866541811,0.017856943397844233,1.4148513271274576e-10,14.305539779965823,1552,33.25044380777089,0
-24.58681302425704,0.07344520870717394,0.00034684334582775575,6.871456451905801,1550,92.0573901744063,2
-16.1452267679549,0.025437748748896448,7.067974225582702e-07,8.517985749987398,1555,75.24756947577237,1
-13.878045034449517,0.013721373423036306,1.2527518391533348e-10,14.877281604845528,1555,26.12534364930719,0
-14.601297210718146,0.027808495914950705,8.936239904420255e-08,9.497063901233163,1540,41.69447727811128,1
-19.3926305765902,0.0844690929889983,3.6495228248375585e-05,7.808718440851837,1540,96.7612566833651,2
-17.85575799854989,0.023711842645614156,7.788463174810768e-08,12.091691678172353,1555,77.39585794070297,1
-9.540534483717188,0.00959077195284182,1.2698554079503643e-10,17.157637687654343,1552,12.377758554251002,0
-13.153141611350632,0.024129169941240928,6.87407108037574e-08,12.250962000976271,1552,61.58026295937182,1
-23.898492773218255,0.09908251028479895,0.00040941055025379053,6.20533176903394,1550,103.71621365621053,2
-16.035538520844103,0.03499071808658361,1.140329454776526e-07,11.459511570418105,1540,50.04205297757061,1
-14.069422760984338,0.025077427923286835,1.64858261436308e-08,11.74645180274625,1552,72.19952224239691,1
-15.804783697652734,0.02382329166710369,8.485262950246105e-08,8.821996525876303,1540,49.612910739674675,1
-15.38999274923973,0.0382376017539464,5.819523283484016e-08,12.937283084800388,1540,65.6546727690121,1
-9.563936287118366,0.01208322387742924,1.734556664236095e-11,16.85297914889198,1540,30.260533240770563,0
-13.367538918163508,0.04446863092326473,3.0931321001116395e-07,9.673498472595842,1555,44.79543483296017,1
-13.622827264551153,0.007493231478638794,2.7140523054994787e-11,15.17797578735772,1540,26.96453280294222,0
-11.261940079285953,0.007167728358604254,1.8530299501931148e-11,17.775155556831834,1550,7.397597740016293,0
-11.066768361125375,0.014365590468854154,2.0257184415404624e-10,14.281472431624117,1552,17.404839719558517,0
-10.71635257639196,0.015631484828437313,1.0392675419333255e-11,14.870669598322145,1550,34.48139266624769,0
-11.733662696224894,0.017797637183867007,1.4542599350674474e-10,14.315719420153648,1540,37.765706454284874,0
-15.650550459792802,0.031511665241583636,1.7310678519933716e-08,9.224695228468281,1550,62.18767011389098,1
-9.305017889570113,0.01179220571316375,2.494492193819546e-11,14.659539106260553,1552,10.697684622218027,0
-16.653834107128418,0.03960626440119602,3.8190118988161234e-08,10.933763098730601,1555,74.09400466735336,1
-13.16299184882385,0.049590081864742605,1.2552467421574285e-07,8.353354823475527,1555,66.17225286136224,1
-22.55634387822277,0.06695968120825713,0.00010379491418120647,4.885625499281261,1552,100.2635749516104,2
-10.024709911969344,0.009855962384156355,3.391467561507675e-10,14.572645431244773,1552,38.47021585296765,0
-17.670295559703565,0.03845142345707883,4.994416176814405e-07,9.764614465465508,1552,75.69704710144157,1
-11.141138239758389,0.012761695276325619,7.258632696195503e-11,15.267786351164478,1555,21.255163267893998,0
-9.2725256972025,0.01448180182873477,7.423102345102912e-11,16.100615576446515,1550,5.261209914602679,0
-10.341761223501798,0.006915345941336984,3.162517216326763e-11,16.32217604937564,1552,37.57650639612476,0
-13.543042568341118,0.007989055047002012,5.687744685378935e-10,16.954892602906266,1552,6.032641930082208,0
-21.96789246456962,0.11456261430350682,0.00011958920382449446,4.238230585228278,1555,83.17611820410718,2
-9.911073350715274,0.008202670494660079,1.0273191550596956e-10,17.3628121120448,1540,19.469575725334153,0
-12.979678057266998,0.009378667602467108,3.1420812937179834e-10,15.930404942646083,1552,8.714395492184842,0
-12.202676890730283,0.017875541100794878,2.918822761486022e-11,14.462023464625865,1550,5.31843634482716,0
-12.056736006850764,0.007455257021979522,3.528439010714803e-11,17.713270131394307,1555,11.911467145097806,0
-12.982322387590976,0.007336274342982947,5.76559066309279e-10,15.734894811325685,1550,5.286941239583677,0
-10.845147775649709,0.012094714720561037,2.2091688972887615e-10,16.428917801193563,1540,14.161350416295829,0
-13.409969866903126,0.01634808750839361,1.5505931745471702e-11,14.109882250051939,1550,26.8782043440285,0
-23.759149908568673,0.10511779277716043,3.987760888168931e-06,4.608204173241993,1552,108.20449045341375,2
-12.475484378074682,0.007890145947300505,1.8119344984957983e-11,15.191437593560845,1555,39.06413090606721,0
-13.334529634450728,0.02676509307562888,1.6937238242663207e-07,8.140026597362292,1552,48.99035111754755,1
-23.84949091044114,0.10595770196343854,1.5415971572340686e-06,6.7372161838334605,1552,81.83575471500197,2
-24.81897731522982,0.06500407893270888,0.00011147910071777659,7.945481887284614,1552,98.50520202700899,2
-9.250853972568171,0.013322386947549593,4.8088401889983615e-11,17.847459497391995,1550,8.71455067581568,0
-11.102318154250096,0.009299908719305344,5.41895648568318e-11,14.335591842515637,1540,37.00601778083294,0
-19.148381238124326,0.10052899248286679,5.038412921356845e-06,7.8748728130145516,1552,108.69378073585835,2
-21.765322230650614,0.10984902103824402,2.4838905813077596e-05,6.3040879172991975,1555,90.30056007202415,2
-13.798192473073406,0.023646698885548073,2.691438417218846e-08,8.18587644024823,1540,48.22286901393626,1
-13.615233991853954,0.015444331638172097,4.7835457016452746e-11,16.899067086115046,1555,25.034971580171298,0
-9.12875895732795,0.019938968630454936,1.2934281521229047e-11,16.948142227164034,1540,17.28202543932275,0
-9.505923125968266,0.01896680677915026,8.356835849097539e-10,14.052306136698459,1540,11.211864224685412,0
-16.45159717824272,0.02891351474383526,4.088887529970767e-08,12.42401540480098,1552,53.25187077216,1
-22.133529051459654,0.08261647384558946,3.2467929306193835e-06,3.207676354780661,1540,108.87081109271239,2
-17.93590833267203,0.04851936874177842,3.92073321739629e-07,8.960048882617972,1555,70.93044608319954,1
-24.09651882770896,0.05256218562936135,0.0004923103202214016,7.644691272868959,1555,87.17561410358475,2
-12.070702765819455,0.01973116067953446,6.055980781843861e-11,14.31992993118702,1555,19.914034759077282,0
-22.674329086854453,0.0806060042162805,0.0007466382582948187,4.924568859569753,1555,107.86665870654647,2
-14.993749012639118,0.04487691888426655,1.5849258071182402e-07,11.05261277886843,1555,44.8568848932505,1
-9.960340777186403,0.007506986259703816,2.494370350642055e-10,17.12103732368191,1540,22.29440093994447,0
-23.092154234568483,0.07805146785795786,2.7195440005770585e-05,5.718481792375709,1552,106.42224178404848,2
-13.568754143480176,0.01904848417487009,5.7068006108465585e-11,16.305622205814533,1555,10.533231804899707,0
-14.54379794431695,0.02776988219898898,6.358260121328022e-07,10.146474589305067,1555,41.97912764216557,1
-12.08548492981377,0.007668260881017495,5.05173106946084e-11,15.760721314788773,1540,34.04788576243551,0
-12.108262091586765,0.01624588620175315,1.5618433110967016e-11,15.904226808604246,1555,27.8410705325404,0
-13.584171610121912,0.02501120490860055,2.7897798197481865e-08,8.640275692484401,1552,55.898157026681076,1
-14.379150459626121,0.03725076368784919,1.6534002265802805e-08,8.89098213394063,1540,78.2640227106923,1
-12.461020841596271,0.01870682665809889,8.046926490215325e-10,15.306970168120163,1550,18.073206191489064,0
-24.318887058414695,0.10527150566978025,1.2416423501577002e-05,6.476948754619858,1540,91.62799254587682,2
-13.53045017584485,0.014890627811292391,4.300256554826551e-11,16.99901151478815,1550,31.6725078703904,0
-10.110075142145316,0.008307057214990548,2.133693906109539e-11,15.625328923855072,1540,37.67531596023413,0
-14.951343234050396,0.0282304215846607,2.4954160856913187e-07,8.764251519752529,1552,77.22903178181588,1
-20.53207066405899,0.05957483407443636,2.720987340538347e-06,3.5160979572788946,1550,96.17267254458748,2
-15.694733347364059,0.04503715870612841,2.0842958152546095e-07,8.296242261998637,1555,40.563251420195144,1
-10.179815884162641,0.0052705686425696665,7.387654868986898e-10,14.34569852978895,1540,9.72633478381916,0
-22.64647332134288,0.1185415938448599,3.3491705689473454e-06,6.7654806231700135,1555,98.9696604708122,2
-15.64078512581193,0.04606552255403493,6.756097985277834e-08,10.673297833745425,1552,67.74055694299877,1
-10.852881444414498,0.008853714270384401,3.995815028472087e-10,16.52848971379609,1555,22.63018021064847,0
-12.934476479874583,0.005467011243267671,2.0106369097982126e-10,15.474105374895045,1552,21.503636103587944,0
-10.571741253674004,0.008394160012157105,1.8349053198250616e-11,17.548170977787848,1550,8.746019697386334,0
-13.337861085105924,0.04907990376054981,1.7813849063184805e-08,8.80278905381585,1550,46.04139969987705,1
-17.750938500983978,0.04225249414871826,5.327247745172122e-08,9.122473442012105,1555,68.32783751890146,1
-16.007537528634565,0.03901617338156238,5.255021892303307e-07,12.918459292085883,1540,48.31552221052578,1
-21.448758653213076,0.0977353648236903,7.189070392118927e-05,4.544742701827785,1555,85.4515631024748,2
-13.1169214050372,0.02648986910498812,1.9124928686436167e-08,10.603518910198067,1540,43.09173972601863,1
-18.901624939471148,0.06190349250311615,1.6624129544035377e-06,3.596917519293367,1540,111.92067341002306,2
-11.372825437271535,0.008665099111796993,1.68223404056774e-11,14.348717871327324,1540,13.395593946458066,0
-14.465635772282807,0.03906864094196015,1.980139220205134e-08,11.83060875672565,1550,41.10527331423722,1
-11.928364929898962,0.006685790739833911,1.4166440036068957e-11,16.30825618090281,1550,19.466986095491727,0
-17.969085245181354,0.03481961796290421,5.26428421653085e-08,10.777206512204131,1552,55.93421287863636,1
-12.298918807723327,0.005097881156433305,9.09993885575983e-11,14.063414181494268,1540,6.169928658262757,0
-12.718538123153913,0.007856202440373654,2.1872930938541877e-10,14.00160617610136,1555,31.070287546319783,0
-24.13169550535945,0.05071827198831468,0.0001465037733176951,6.572505462839251,1555,86.36640790888906,2
-10.578356747723667,0.010398710543230452,2.165770530362584e-10,14.162383941209495,1552,32.923083027301274,0
-14.175303407991919,0.03519707936171628,4.2575274038228614e-07,12.180965488762451,1555,70.30147147188917,1
-12.263614804847462,0.013707014014905438,1.8984248177283716e-11,15.776174996808813,1552,33.58649255418348,0
-13.091101983610052,0.04419635673872615,1.0481136441123334e-08,9.43917170150756,1540,46.472419826420534,1
-21.844927736268236,0.09198785985494173,3.765441582058069e-05,5.307464807457963,1540,116.82464336902582,2
-14.31091136206527,0.033650048555839175,9.387002404375689e-07,10.899469153746406,1552,41.813252081919764,1
-12.226143540820079,0.019125885674283874,2.173428178780637e-10,16.714679826690258,1550,36.081367252604124,0
-23.602585459287802,0.06880946340256902,2.0887643594700657e-05,5.230640047095932,1540,98.63142292719891,2
-10.89669760087708,0.008019681617336499,6.169862513707558e-11,14.157838131563597,1540,29.88096508388117,0
-15.020581811654951,0.035417635787043225,1.1713502341701242e-08,11.266156344034226,1555,54.46763245201012,1
-13.144127974300208,0.04358890655258163,1.2177187811773707e-07,12.783984122543153,1552,75.36280437662924,1
-16.633352084376686,0.03921042038893211,8.641753917779473e-08,12.290068287841635,1555,69.69523557026972,1
-12.587295681687783,0.01067037424151603,1.6065427603978645e-11,16.876091281734404,1550,21.449245213022806,0
-22.28316916495737,0.08602191067120038,2.5245116759438384e-05,7.638760855112266,1550,108.51778740627819,2
-9.886317569782843,0.011771115056503535,1.0066878793528604e-10,16.083314922162966,1555,18.438211299204042,0
-17.885449700544203,0.028831696578177118,1.3061246619639505e-07,12.630870220348768,1540,65.87440896068887,1
-11.267964628939339,0.008746162688440327,4.859045637867996e-11,17.40819366321877,1552,8.582847960412327,0
-17.9285461497965,0.04197598487903076,1.5585456108799593e-07,9.720859415839097,1540,63.16884758284427,1
-11.457362841132138,0.009776779502087066,2.8963835474956487e-10,15.150873737960117,1555,30.54611911962592,0
-12.397183878195378,0.006402801853968643,7.148664130212319e-11,14.515017749472221,1552,20.599212658636127,0
-9.931383281388863,0.019107559293191037,1.9839502264004497e-10,17.818263715435243,1540,11.318137993734826,0
-13.087763214764626,0.021799378165745495,9.46052591234305e-08,11.87030853473058,1540,63.522190633872626,1
-10.336332626069174,0.014100975870761544,2.2168858797489786e-10,14.324596714144956,1555,16.65622051318894,0
-11.05533462527218,0.01627514258034379,1.7658575276155258e-10,16.401125842112148,1540,26.95651272817373,0
-17.649826881841093,0.043735480021668036,1.5984632106344842e-07,10.864968220567965,1550,70.42232462079691,1
-14.892853106902477,0.0410694355515725,3.719047714162129e-07,10.563567407964975,1555,56.93036571063317,1
-14.526055007006075,0.022388487539823133,1.5455987762878848e-07,10.946881863240586,1552,40.31038593349698,1
-17.30345408367277,0.02404502454356635,2.648571214891083e-07,9.888206914881557,1540,40.765054024949215,1
-18.741317304076794,0.06269047304097387,2.3779350123149427e-05,5.940238591728189,1552,96.41242379851447,2
-13.714579110928847,0.02812842424496828,3.242824355757229e-07,10.872834518300238,1550,48.68933898369739,1
-16.65083273354453,0.03234038746644501,3.06718115224355e-08,8.645919589043748,1550,66.83755623050824,1
-19.217425512589838,0.05627488877654375,7.96637162955694e-06,3.288681398254905,1550,100.58214187064459,2
-19.45461236076595,0.08138186472702241,0.0007308623872368593,3.7391844726401042,1552,90.72801448352877,2
-19.647548040005184,0.05045614209843127,2.6986701984972916e-05,6.969522000663455,1550,117.7150858861396,2
-13.857713040780387,0.014440324139434076,8.952951643255947e-10,15.324855258492486,1555,36.40351638170746,0
-22.008822707487592,0.11863784540764856,3.079634779570852e-05,7.055565664493978,1540,80.83347305048324,2
-17.27455276680431,0.04097532294384719,1.1091356362022136e-08,12.28221522322715,1540,64.94503789189056,1
-14.522909170070376,0.041380296938275815,6.65838451193765e-07,12.425304381018073,1552,66.98966909752353,1
-16.417627341810707,0.026514324735197565,1.6335249324285426e-08,8.65231180709863,1540,72.15137514103722,1
-12.938330128565543,0.006830111203653335,2.5279388897039105e-10,14.453763268415667,1555,16.946152608251822,0
-14.58586177715727,0.04692220907577076,4.625375373182692e-08,12.724445131074768,1540,74.81620679768399,1
-24.126933609634193,0.11635039401444726,0.0002872060169539252,5.762052334340043,1555,116.50856345574994,2
-13.290140051195031,0.010219121173732498,7.956131595667646e-11,16.995305347853225,1540,20.242690903935575,0
-9.112717184080786,0.017799757799998792,9.923527021167637e-11,16.412981690736117,1540,14.508246697727943,0
-13.463764654622507,0.027919002102067776,3.647157074482037e-08,10.064764480501722,1552,58.647609206221354,1
-16.027303958787872,0.02207458522033291,4.9647995955619505e-08,8.950427062999225,1552,68.61936719097557,1
-21.74866697997863,0.10722146601334104,0.00015087190113594563,5.443912088423589,1555,112.77998331796073,2
-15.325476079051025,0.033780391139820246,6.535245499118543e-07,8.839394505414232,1550,54.135934136306176,1
-10.312171254535865,0.012878596362802402,1.162228056167207e-11,17.474206025281156,1550,35.76426150987936,0
-15.743661023143666,0.020120758365619124,6.357558343863173e-08,8.934004205225177,1550,71.62424793224298,1
-13.76870905369358,0.008993685490910052,9.871992281058834e-11,15.679754741392953,1540,20.753334400680078,0
-21.83180031543602,0.08500456343208417,0.0007653913740489077,5.292255304745815,1555,119.2297090090079,2
-12.583577982537113,0.01100469254259491,4.2046732122399937e-10,14.05544854365144,1552,35.22179632194846,0
-13.708766507717542,0.027518359577393965,5.283324877634503e-08,11.163218181520982,1540,55.863142452463094,1
-9.886485391413968,0.009670729098388765,6.359072633269601e-11,16.01100076643845,1540,35.02502242311212,0
-18.695954486057847,0.10460936944365645,0.00022853432257286622,3.7996451928816963,1555,95.88492102420477,2
-13.172999415129706,0.04556032548465129,6.704543427412999e-07,12.236080838800074,1540,51.713424898410416,1
-13.556957547822742,0.03681374613674991,1.468181477518267e-07,10.390312723069762,1555,49.49875628890983,1
-13.364087731837445,0.00608522575754086,5.715595668239016e-10,15.20733864357158,1552,18.48973849054575,0
-10.168772636198106,0.009561419539569257,4.20004582552851e-10,15.175667042019736,1550,39.436722736400725,0
-10.374221362244427,0.007867860521971835,4.7481694636493266e-11,15.23479497349278,1540,26.29845454437633,0
-15.87811616493061,0.03627977846409703,5.5570895122258934e-08,11.949558501114026,1552,52.03946037047134,1
-13.601424634063575,0.0152467142858457,7.33049695042104e-10,16.302661011989677,1555,6.232531073393322,0
-9.053252429789804,0.005589379177260387,2.0408648520875932e-10,15.770943710825833,1555,35.36745651520782,0
-15.121190581418844,0.045524379994103664,2.0426245236506927e-08,8.076082648454886,1555,72.03055146286232,1
-17.319129288192144,0.02751119152120933,1.217313657376023e-07,11.995051856761794,1552,67.80157505989615,1
-22.886138411322445,0.07602690110514652,3.1222354395973406e-06,4.045922963883651,1555,88.52433696710516,2
-9.984147441836345,0.00730119323583632,5.4088180814485827e-11,15.493412644127327,1540,32.3200454037329,0
-14.267166630983034,0.04414014853566675,2.9715867789229194e-07,12.626648684372991,1555,48.52052336130304,1
-24.43172806225815,0.09464219663720023,2.699177932824902e-05,7.672827873535693,1550,85.69190315191936,2
-13.974867236950985,0.005901446155672552,6.449598552812998e-10,16.590065859373453,1555,25.226188944293092,0
-14.856839200485751,0.04573276873421334,1.264127128609401e-07,10.05354697951669,1552,57.66026973156684,1
-9.63263414471998,0.008407246201569903,1.037680672424797e-11,15.96832682155366,1555,25.241518594650646,0
-14.462690048890726,0.049240156865487696,2.9254194311379404e-08,11.86574300415745,1550,62.41893928694007,1
-24.980743031122554,0.07559903711365515,2.6083833363365855e-06,6.4484434033114555,1550,83.37888786249087,2
-9.001242182854778,0.015873967962794288,1.6918722237792623e-11,16.073274889716732,1552,8.026012749205332,0
-12.821541269675002,0.01450637845580266,6.542327204769304e-10,15.264786329185979,1550,18.73557875979224,0
-10.812987593953892,0.017027388498132727,8.565430370701869e-11,15.446664332780172,1552,30.91324039293569,0
-9.368600190757963,0.019424468849379605,2.3932071506569183e-11,16.70555751221964,1555,10.503248278298171,0
-13.985186397198015,0.008642022497394129,4.441584729822009e-11,17.86397797822985,1552,16.882287027097995,0
-13.934565179430901,0.029153275706362468,1.4903422890043868e-07,12.574075745956138,1540,40.13491774202222,1
-20.778688014903164,0.10711332104670199,8.646826157450197e-06,4.142935293524085,1550,112.484287821572,2
-13.938224779498006,0.04580441932886603,2.697455304534276e-07,12.516041624917026,1555,73.8134048809057,1
-20.33963740688786,0.05536894516305838,0.0006320685146155028,5.984998565503327,1555,107.36790973898722,2
-13.53504680088434,0.013823034004225857,9.161061101683086e-11,16.56930210362091,1555,8.64480752721006,0
-14.341300132071975,0.04435432308317584,3.685288040225564e-07,11.41091583076389,1540,78.55116545665214,1
-13.654085680097449,0.04993727965370859,1.4803563910893416e-07,11.75595818225693,1550,71.7598124347713,1
-11.506348174540342,0.01937848001965545,2.947243449716504e-10,16.99096154256677,1552,31.931988556045546,0
-19.167409542097463,0.0652643800997849,0.00031609749388647164,3.47280487633734,1550,94.22933912261867,2
-10.316027156449016,0.011801243459364022,9.518310987711868e-10,14.21897992903838,1550,19.914282984036994,0
-12.220136606743692,0.016367691656965538,1.068530633194065e-11,14.464290562027665,1540,8.295494589399604,0
-9.170838401408336,0.008086915654841325,3.0418109359004764e-10,16.186709059589248,1552,14.882877166492968,0
-9.934686013929399,0.006488443941419702,7.199271605527864e-11,16.514008680944816,1552,29.528294630060913,0
-20.788549849236645,0.05040891200850572,1.9352011819969007e-06,4.036453217970761,1540,87.40508602292871,2
-16.555852850401955,0.032270232102088195,1.1167305711658031e-07,8.674374232040238,1540,57.284115896465124,1
-13.99547082376955,0.015728552802239497,2.199730556632052e-11,14.417929581231338,1550,7.432807000700519,0
-13.828694386032478,0.007555508761722967,9.986454937885587e-11,16.37576248377362,1540,23.680389478500555,0
-9.5256539964724,0.0053630906663379475,4.979720171719347e-11,16.887201686199425,1552,5.864405419013895,0
-16.01574264829068,0.04972086697697542,5.804728744070776e-07,11.747931450384078,1552,41.1046422904908,1
-17.622610427879856,0.02205802954685437,1.1878666374964781e-07,8.8006412009232,1540,76.77016986105247,1
-24.959356173635303,0.1069423675194307,1.125063415740768e-05,6.591891423880883,1552,93.30846327729496,2
-13.597095938567431,0.007207448766424179,3.9441595154195906e-11,14.359038002240629,1540,34.71233543166255,0
-13.013277253582508,0.04360637593462889,3.5264075950428523e-08,9.32172558863348,1552,66.16939987041339,1
-16.081366202543634,0.022807560232122787,6.305694499544867e-08,9.046740579839259,1540,69.35706894529946,1
-11.468669702523986,0.01451156047064497,1.3863230119435398e-11,15.017566323367388,1540,6.391808774599934,0
-11.271565557522633,0.011666291791268022,1.0698776475223747e-11,16.348246830804605,1555,28.387447949425567,0
-11.419604897781916,0.0185977057916687,1.388794167191532e-10,16.64844804042626,1555,24.800618739852688,0
-10.37741574300691,0.005237316376483737,4.8103873520482915e-11,17.27482822847693,1555,30.351858599505942,0
-14.183301819833616,0.04220158990027355,4.577742514932849e-07,12.207253366534067,1555,46.82574355008421,1
-11.340436467378684,0.007036835705959057,1.5798083520709108e-11,14.83545628282296,1552,18.579536598140432,0
-10.474304272147183,0.011827579876004846,2.1653154924531143e-10,17.349468319080604,1550,7.121171770021842,0
-13.892042129412099,0.049177490976539964,1.3076019676378814e-08,8.780886652204936,1555,56.43599619967226,1
-20.981145343581847,0.09855201559927206,0.00010808993791331474,7.103504181430317,1552,99.98669167125765,2
-13.615154084959913,0.015061475381645536,4.3905491249248316e-10,14.978620218418852,1552,9.802950131590489,0
-23.894806890929623,0.1042136621099275,4.22045949806648e-06,5.062380740947868,1550,111.64746748937455,2
-14.518270219523597,0.04313759337138648,3.845695059552444e-07,8.460350228544513,1552,43.772506058509904,1
-10.89353775475195,0.010010749485031539,2.920102534113412e-10,15.618109542295478,1550,13.649604413148717,0
-12.55124273543116,0.007418319308810066,7.234279845665409e-10,17.232481518257668,1540,8.692299094059472,0
-16.94789758129241,0.03563812420675608,6.96298045311357e-07,11.19808366216031,1550,70.06465574585107,1
-22.123248385196963,0.07224204533334573,5.569083312952367e-05,7.6898956065683315,1552,119.17058392132873,2
-14.594137247802475,0.032523682132812246,2.531990556151251e-07,11.781658932400795,1555,69.21992584403674,1
-9.180419939634058,0.014623695218650912,1.1139505460952859e-11,15.720703633777253,1550,28.095445339016365,0
-17.212048389217657,0.02709451957768263,5.391919582307714e-08,11.968324905179006,1552,53.00901202125895,1
-19.618013105171304,0.07678015940709247,4.696189950600164e-05,4.832754690832951,1555,88.73823709741303,2
-16.27619906365352,0.03448614363668731,2.3381211541415093e-08,10.46082752927603,1550,75.89186354133179,1
-18.586166113051387,0.11693460615573303,2.294662101058106e-05,4.63844724721314,1552,110.95832319132361,2
-12.740733188271456,0.016659532222158775,8.207562376493603e-10,16.787182055857365,1555,5.775482029568523,0
-18.454182795505897,0.07882733016170565,0.00023394998512049533,6.2708967951703,1555,96.06474296316948,2
-23.459525996715968,0.11047091033418717,5.951259371983681e-06,7.85320623374944,1550,118.04149568292095,2
-21.538974594197082,0.07497119296786138,0.0009051569486194287,6.538801529127019,1555,105.35367459419825,2
-11.958468286202745,0.01638873099591264,6.415281070075307e-10,14.931052588405155,1540,32.595657013865456,0
-15.254117303943906,0.04232914897025586,6.560803979463453e-08,12.998474156855973,1552,70.72359620876561,1
-10.614468169018608,0.012838592303927143,3.663576241611909e-10,14.622591971046363,1540,5.105730497465643,0
-13.374555450817983,0.006946744485839169,1.2990824645428672e-10,17.785514613433484,1555,13.876546967349746,0
-10.448950758418675,0.010458491097429988,4.640327256987925e-10,15.8170828974417,1540,18.71201097042011,0
-16.611421803797136,0.025636698508175425,3.3310006748180014e-08,11.756858852677514,1555,73.05030917328276,1
-11.189276230862074,0.013290558350683102,1.6962267843551937e-11,14.504550632064609,1555,29.777932050899814,0
-13.843433537722207,0.017634271618924977,7.934293594590583e-11,15.580600944007259,1555,25.92649925838798,0
-15.344006028792442,0.040483385005823914,2.98282875963343e-08,10.187988718768967,1552,57.76690339071242,1
-13.822303603792871,0.04189622037927923,3.1517421052394203e-07,8.980696748669358,1550,60.0872456615651,1
-9.099972684015915,0.01394387862849053,2.627085271487714e-10,14.029431318501658,1555,5.354005108129253,0
-9.842296068311672,0.007659898298359091,2.7934652428144743e-10,17.090683952512666,1540,12.489813754440975,0
-21.867174630100433,0.061105861897416576,3.9406814366992707e-05,4.407595462332086,1550,107.11116715280959,2
-15.85413986120469,0.0393343407793965,7.488228664048467e-07,8.539321692221213,1540,68.84883667612257,1
-13.592550113453617,0.01464519470277149,8.516226397152917e-11,17.883908766356587,1550,16.368843841199414,0
-11.869093488820136,0.011770805364945132,2.1244555187396706e-11,17.17923819499972,1540,15.44310508464974,0
-16.585360354585482,0.030506453903945286,3.4785188557200035e-08,11.009049044284904,1555,50.56063528558427,1
-9.224684064368818,0.014163895812252168,1.005856794350912e-11,17.576028791667223,1552,27.758927488278154,0
-9.742554091767268,0.012245993677899539,6.7942471490979e-11,17.911414774007127,1552,37.44514560354929,0
-21.56793364561087,0.09351170396612885,0.0001540361898722462,4.780855862209373,1540,81.56224715265756,2
-10.44824249643834,0.006687546957899476,2.963744852865849e-10,15.100395526236497,1540,10.971039361757551,0
-11.481900310131993,0.018006199957376356,8.041660476599118e-10,15.619439558472578,1555,34.151275821053034,0
-15.68160124622546,0.04392226178166109,2.905032231374816e-07,8.872330088071948,1540,57.480963043946915,1
-12.220133131025737,0.019670927269602928,3.872393056565558e-10,15.989023721258754,1555,14.051729221081358,0
-9.196359558858784,0.012493237434013739,1.675702897851594e-11,15.763063205746166,1555,23.80092625614101,0
-16.492875441007207,0.02602612207074973,3.5360723054396415e-07,11.562889716236304,1550,73.42380654430922,1
-18.354369779701585,0.10119752030323911,0.00016467092681343165,6.7877539754114515,1550,112.14296341535491,2
-11.553850498976935,0.010744060734374256,2.7807655624804328e-11,17.29850541120357,1540,7.596166845800927,0
-17.327714796164678,0.02868215392113238,2.1128075826627867e-07,11.0656098687078,1550,65.39958646385801,1
-13.91164977602283,0.0065415236397467266,2.2100136640619565e-11,15.723934915392812,1555,24.932404048150158,0
-15.331877061366912,0.023163968900282585,3.9282454318256255e-07,12.765338931352291,1552,61.146937725350654,1
-20.138328522500966,0.08754669000442054,6.486296348144693e-05,6.775633946670656,1552,108.8385251293669,2
-10.334999463886884,0.014879920324096504,7.296420059028104e-10,17.283924069196562,1550,23.31000572440078,0
-14.408548630448784,0.030106458934297402,1.7766984172814235e-07,10.491857227254597,1540,57.13401135252603,1
-12.3045619336866,0.0156484315007218,1.246611697680878e-11,15.631440102363653,1555,30.891248158666997,0
-15.310810884253462,0.04342153987119567,4.259689542726787e-08,10.409537844180011,1555,56.0166584468331,1
-19.27507489857699,0.05383315702772147,0.0001251843748757493,5.195504028746554,1555,85.04025546534695,2
-16.397030464598412,0.03715627149412855,2.7729310814817133e-07,10.751682488809708,1540,48.58216830571164,1
-15.920336814837894,0.043543313251502236,6.670151377696976e-07,11.563030367935463,1552,47.569504101809926,1
-12.172021494980166,0.010305450298711008,4.0267814410757644e-11,17.901493108585683,1550,33.31582741020867,0
-9.198668207539667,0.01539754040380769,4.006296345913166e-10,15.590539942931013,1550,11.41193857943222,0
-12.02473331071602,0.005768951887639972,6.364327832593266e-11,16.695024919136358,1550,25.41975316564523,0
-16.8061249584022,0.04212833485196398,3.9340506093860324e-07,9.236028518553248,1550,67.36555153492228,1
-23.079399534316643,0.1075331576153504,0.0009136307920599977,5.319320146308089,1552,105.62468496902233,2
-12.92129660411773,0.015167198004650662,1.6424957122569682e-10,15.181205910287332,1555,37.57825540607714,0
-14.265481723222383,0.026045810087547274,4.815246020313581e-08,12.83307496132107,1550,43.38182890449631,1
-19.550648616580823,0.0846195409146753,1.3334876605393441e-06,3.7761071389959167,1555,92.1625415002601,2
-17.060973415820083,0.03595424026516002,2.9476448941256415e-08,12.271123195853523,1550,61.751607597194884,1
-16.440549250977877,0.03331214832233493,1.742324291666906e-08,8.59970091928768,1540,75.72554873517734,1
-16.59424248292677,0.049569828723704135,1.3437931911020665e-08,11.03936005495759,1540,56.780029608453546,1
-13.403507808111627,0.043336774274994626,4.214417976394238e-07,10.868721212722932,1550,58.02216192395707,1
-13.373123253830634,0.008804191562895624,1.9238580048951176e-10,15.102146268563406,1540,35.158270964468535,0
-9.975466115792807,0.005270098334006818,8.425985630370673e-10,16.906683968281293,1552,26.988333866214848,0
-12.348529122659329,0.013930335837654677,5.551483559386275e-10,14.19033277018445,1540,38.479980010825585,0
-11.196608525305251,0.014426396849218807,2.383764010509144e-10,15.01308953409086,1540,30.59607818961537,0
-17.015941252698465,0.020476801794200108,1.1852297419105128e-07,10.805264197619396,1552,48.245846411206564,1
-9.84898557827119,0.014960183421014035,4.7504607248836764e-11,17.742092091035428,1555,28.711217398399068,0
-19.633876216973686,0.059142633327993355,8.523126197100153e-06,3.1344819428842854,1552,116.03494370148707,2
-10.501550454706457,0.011162856377607448,1.3217813445508184e-10,17.770636707866522,1555,33.92928759670124,0
-17.43900717764718,0.04500603701327772,1.4724425524681411e-07,8.730826769059187,1550,57.247376287687246,1
-21.665080115738547,0.1164527839507249,5.598294697052067e-05,3.5129318488211916,1552,88.05819810716118,2
-24.269451303189236,0.07453414758339388,3.0595705367248228e-06,4.6439687999671015,1540,116.42064039728025,2
-11.478096478506167,0.011964976171927292,3.212152939917297e-11,16.020112184595067,1552,17.762399685482404,0
-15.224954567625744,0.027303620359152972,1.2716569932511165e-08,12.696120680856033,1550,62.80481940460227,1
-16.53992949779633,0.043343769838595655,6.13700933325896e-07,11.622302116257059,1552,67.62460800603307,1
-13.268415271931714,0.04918904134828107,8.008206008137685e-07,8.038304334452196,1540,40.17494716403918,1
-16.095271186630963,0.032226031404609355,9.337277787807976e-08,11.345055123647693,1550,42.02405548487219,1
-13.907343832028333,0.007154320671032244,2.069659834913271e-10,16.909908311985987,1552,37.50671974219223,0
-21.31381098883231,0.08963221792288345,3.378302343453365e-06,5.493300104093272,1555,89.76137654743138,2
-9.937931711880498,0.017800936003054123,6.740325741911239e-10,15.06114035634421,1550,26.994799012118552,0
-13.571396097894446,0.046580570541307716,2.6203813865247207e-08,8.81436114082174,1540,55.2596517296891,1
-12.252629402336872,0.01612709712869258,3.2614432059992187e-10,16.66762154673684,1555,39.21860449450477,0
-14.216979224479726,0.021557335090071884,4.7267490697052264e-07,12.690362983527056,1540,70.48684421934712,1
-15.566949781553088,0.048786602428997,2.9199228909615767e-07,8.553008757412885,1555,46.10929577814836,1
-24.1735877016673,0.06678892239366227,3.883451654508081e-06,5.76259890183489,1550,118.16271379920548,2
-13.815305775950218,0.028698112809871335,2.3624784291458944e-08,10.031999264272487,1552,49.02215986414497,1
-16.607186432751323,0.033316927579776966,6.269365869566813e-07,11.386607939807371,1540,58.393820734489914,1
-12.259933231182535,0.015784887130970916,3.4186752881813973e-10,15.66447417772744,1550,30.066085693475074,0
-24.633477380639146,0.11947766489338343,3.332968044734364e-05,3.121187970820864,1550,93.71456231783449,2
-12.415389974218613,0.0075423912002913875,1.2989801809330635e-10,17.744619096643124,1550,37.550589218379116,0
-21.936032475082825,0.056613871262527454,0.00016637716371551046,6.996625836293099,1550,112.79377406902935,2
-18.398845189002685,0.05118786041751635,2.056923764785287e-05,6.344019239023111,1540,109.00636605199318,2
-20.67282015233596,0.05613009720863611,3.061293441541765e-05,7.654162079087439,1540,100.51049987595702,2
-18.191156504865695,0.09491882194395407,1.1986146285824071e-05,7.08582591732972,1540,80.84661790448297,2
-14.778019188590672,0.04142162991966372,3.84791486612645e-08,9.611666559002368,1552,63.666322620946815,1
-19.03970290279186,0.08551544802571945,2.7707821165518627e-05,4.701432335491985,1540,117.77850030042163,2
-22.910758742781663,0.07919952999672653,9.884537661349788e-05,4.049130179743585,1552,106.64858960585669,2
-11.298605534062894,0.006189204269467876,1.3542570983596616e-10,17.63207418168665,1550,11.023011135841926,0
-14.711107963809107,0.03743367199787167,1.1476206430741835e-07,12.2172022183237,1540,52.01452894284455,1
-16.50782530891212,0.033443925796243036,4.458681055302994e-08,8.546330556774487,1555,77.38421552309012,1
-15.748049617970345,0.039400182594797155,8.046512615162577e-07,11.972761472108527,1540,58.82367263207135,1
-17.021080965697976,0.04439153621429925,4.893406945649282e-07,9.293093856552382,1540,43.89125473387449,1
-13.127953664442503,0.01207474236125893,1.5235053499568346e-11,16.50272764904541,1540,17.657648319436557,0
-9.427256680757205,0.011510314590631381,3.2917230175303035e-11,15.737613276026439,1540,20.343474301076647,0
-18.000693160935377,0.11086682583221309,0.00019052418296575384,4.932282070002868,1552,114.83358143468962,2
-11.70784287934281,0.01587509114448678,1.407910831732209e-10,16.668849348776725,1555,28.247059957512498,0
-13.10875703055508,0.04022874516701712,7.300657779613408e-07,12.174975111024109,1550,73.72173746686813,1
-10.121940745373362,0.019467149808512173,2.5558356186098116e-11,16.093318524778965,1555,17.483484094961767,0
-14.399609196609989,0.024825604944478576,1.842123538037151e-07,8.262302464559971,1540,69.11423472200588,1
-10.41837328261986,0.01504078135504804,8.994640929055652e-11,16.56911265402846,1552,30.41663193517368,0
-11.904502635414573,0.013989489305095831,1.0651621127813599e-10,15.152738103838118,1550,19.542992207172308,0
-13.203584813252707,0.011530840941920202,6.36498546017076e-11,16.302877221324817,1552,27.732867272567333,0
-13.31874717454011,0.01831344607724287,8.740268710539511e-11,17.512460787942807,1555,33.593519058799174,0
-13.324616920097657,0.02873010090200845,1.0996258238156581e-07,9.956664182330963,1540,55.521104733660565,1
-20.95086929898057,0.06610201809153421,1.1120565492317003e-06,6.473360542395266,1550,97.2139799172171,2
-18.91219393257403,0.09705915578173158,1.2251843894377555e-05,7.791546813514675,1552,104.07146675406543,2
-14.742619560354651,0.03550029177816026,9.632723388927505e-07,8.273107682445191,1540,52.97813686472671,1
-18.875617167216483,0.060703381083516,9.985475460568187e-05,4.330310951624624,1552,95.93880979435421,2
-13.126764070518352,0.009438980441549241,2.1264195169331802e-10,17.861210894521598,1540,33.20926153036543,0
-19.712642238389364,0.0868172187133882,9.353502753244824e-06,5.907280560444779,1552,107.77904917666653,2
-16.006855191779625,0.0427491714053988,2.0033967746385716e-07,8.888991692826243,1555,71.85742577402638,1
-13.74609808684659,0.02771018696667297,6.519044000217748e-08,10.492846084817776,1555,44.62849577054088,1
-17.807068995959106,0.020533939901628478,7.590333123100502e-08,9.264802472288146,1550,51.687072135281795,1
-23.833518685733733,0.10691771879295442,1.0900184050526463e-05,5.516290416451777,1552,88.59809800627683,2
-13.52179651988142,0.011287042616630823,1.6849972980285442e-11,14.687650230908417,1555,26.362705273635495,0
-19.763974457217916,0.06226384979667129,1.876106454132731e-05,3.5742803466758826,1552,87.12514031453024,2
-13.363675648965069,0.022717560726383052,1.6859894529963557e-08,8.16587078877887,1552,64.66896450800294,1
-24.847410435156693,0.07331530375132989,1.4872318298757155e-06,4.611211751370142,1540,100.04472469324347,2
-13.386620857378794,0.023877430819676783,4.3314210247379725e-08,8.27393623462457,1552,55.101816919822284,1
-14.452986151403344,0.02184219749423365,6.884453742819547e-07,8.405374580736494,1550,47.969057706239,1
-21.406253185120264,0.10117464613089205,1.1403080758451581e-06,5.322463348141578,1552,88.98084140548525,2
-23.66312578621858,0.07833567841032167,4.130641461209274e-05,7.218049145687209,1550,90.76759564778872,2
-15.89935960502191,0.04656797284549506,3.238449913740357e-07,10.98475698130908,1550,69.51834287637328,1
-17.537992837346476,0.03524926600268084,7.528549444866918e-08,8.870251651932815,1555,53.5588334876624,1
-15.703532194102179,0.03696502194066505,2.444174167427341e-07,11.838550257787547,1550,47.36520092324739,1
-14.664992336595677,0.022393911396783723,5.047801101853439e-07,8.27773616743823,1540,60.5696787168949,1
-22.764398334932167,0.09517141503123236,2.7593957295208963e-06,4.70963152289032,1555,82.69535896519069,2
-13.761001451711254,0.007872401148962035,2.1607412350834316e-11,14.724777837876731,1555,29.57340159328219,0
-22.403534378887166,0.11806846862972221,5.0002413147011965e-06,7.090307801361293,1555,102.64253854917585,2
-17.770739908126494,0.020217572840454334,9.465332704333788e-07,11.29417350179419,1555,67.47510238600738,1
-14.328451666956976,0.0482146321090775,1.5352955710380094e-08,9.530519800788085,1552,74.86835643589203,1
-13.91177419910697,0.01275509424814563,1.1458964168765553e-10,15.603528540511642,1550,17.30984362855829,0
-9.530136657877854,0.01961524184786046,1.2374391004359161e-11,15.42309633680264,1540,10.765121143004333,0
-15.38124511540735,0.023422589313172926,1.8197591446175946e-08,11.470537661153344,1552,77.87159106900637,1
-12.908730560674679,0.01924941775925338,3.738436677206427e-10,14.357644009249038,1550,39.38156802780286,0
-12.019727612822667,0.007987353463956005,7.072750900362644e-11,15.542210005966677,1540,30.733792570737773,0
-10.11397876324574,0.009035783431132444,4.205128651648559e-10,16.13391390362517,1552,39.29070171708509,0
-14.0854792820772,0.031004302842664064,3.503553218618868e-08,10.271338716013112,1550,58.55576081761707,1
-19.886498824758785,0.10069246245983172,7.843228145809516e-05,6.981391891489142,1552,100.5238098267474,2
-11.084348904502082,0.015953325766358738,5.365929228164184e-11,16.563862112395032,1540,39.87979797011438,0
-17.509405630497437,0.0334074736357083,2.937708509100998e-07,8.866091905934503,1540,70.88610019229858,1
-16.026975241693798,0.025395333405066237,3.717055098553438e-08,10.275258524040693,1552,73.99485714244219,1
-14.326889797838835,0.03660028324442505,3.093421906881221e-08,9.768979927344525,1550,40.703596648500984,1
-19.743958534255945,0.08130684957599564,7.973962146533899e-05,5.262623621113594,1555,102.61147553392121,2
-16.21421205211886,0.03955594843001563,3.059894565032356e-07,8.114510807324562,1552,57.09660480750838,1
-15.18534384247442,0.03056229439427296,1.6297815324377568e-07,8.445683398727288,1550,60.8730989745538,1
-13.167903415977008,0.030242367578823454,9.567436582220722e-07,9.263097303008873,1555,64.40317760524978,1
-13.86328420830879,0.025003669122611594,5.019004894030165e-07,9.208189740386889,1550,60.74072530438852,1
-18.02035587672826,0.05855377332804666,4.250428225952854e-05,6.952781193813186,1555,96.98210611493965,2
-15.33021726532533,0.021850408887592866,2.6151208590790688e-08,10.429102794301995,1555,56.673969579736095,1
-9.161220614483057,0.01785310904112641,1.719047892748641e-11,16.958921328342164,1552,38.849431534070966,0
-16.069337750864193,0.02480226976906105,1.568224402244247e-08,10.604922712542002,1555,73.52596661505427,1
-13.470060468705425,0.02703592615955823,2.484058896762882e-08,8.032440418902633,1550,68.15014032646036,1
-12.386367136366808,0.013315350218245536,1.9789504679957516e-11,14.36839501679836,1555,34.79027573990936,0
-18.42551254697029,0.0840482628567978,2.18261561194786e-05,6.902693463197501,1552,97.29063499191673,2
-19.832569874748977,0.10453080654229928,0.00020361940748005059,7.9893351245678605,1540,105.0256827420751,2
-9.425678048897758,0.010552380503831666,1.0737748632897967e-11,17.713274250350903,1540,24.346773839242147,0
-22.712707110619164,0.10097399674730309,9.115192215200479e-05,3.8140014272187575,1555,101.66836099495676,2
-23.01648702126334,0.11025748825181209,1.840611030952906e-05,4.695381709019564,1540,107.76997751575755,2
-13.580771409977595,0.010205705389306655,6.888891842313356e-11,14.067685373859772,1552,24.11345828011518,0
-13.516775828561238,0.007653454262359759,9.433488343738377e-10,15.776414227626475,1540,8.067744266812864,0
-13.311185353007401,0.01053584239012706,2.780960962501283e-10,14.696736752272066,1550,15.871033998836536,0
-13.425920121175096,0.04920137587325352,3.344473974808719e-08,9.064253854799569,1555,62.42126421981986,1
-10.762072055990963,0.01894138617539771,2.0287900535322947e-11,14.720072180203227,1540,27.796196402918376,0
-11.00114342514751,0.017922705608403405,5.461089318215365e-10,16.897377625318157,1552,11.577213328536306,0
-13.265197970480942,0.018756172982982183,9.920986478977028e-10,17.122082303478425,1552,35.05848701361999,0
-13.680495289758131,0.006115019133291072,1.7010833846067896e-11,17.47872529337465,1555,38.82954537831904,0
-24.9057803294797,0.07272849996200113,1.6666403170054349e-06,7.018849762705573,1555,81.02735372224564,2
-11.710975337203967,0.008884424075374629,5.721277953511737e-10,14.786668929561229,1555,27.97969458398783,0
-13.12606642477421,0.019806501288861748,1.3252579704585132e-10,16.749747443763468,1552,14.901006842522781,0
-18.847314220955838,0.05665765619528743,1.7621554116314756e-05,6.8270221962711055,1552,82.53607959759225,2
-15.267491430510585,0.04860720612236892,2.324185263120842e-08,11.030167262601893,1540,55.49766469420939,1
-15.022478923569487,0.04168222303314864,8.351649476438215e-07,10.024728903994308,1540,58.10029345837126,1
-12.30531890031487,0.017290006284482917,1.8255616653524175e-11,14.693492627030032,1540,28.501031095512644,0
-23.28679241580819,0.06732105332871284,0.000678724725842452,7.504494274975914,1555,88.59523888371156,2
-12.424947464082877,0.008369036601123273,1.3750140487127179e-11,17.309994966542693,1552,17.419114944010694,0
-10.300660866997983,0.016835342668222012,1.730665242747569e-11,14.562188511982171,1550,12.411105171834684,0
-16.948523866152467,0.024088319146079503,1.119421035113461e-08,12.678629245292072,1540,70.87956281018764,1
-19.412925393760784,0.05479479523338753,4.2689036078597435e-06,3.7723018027673283,1550,108.64054563731375,2
-12.207107692375635,0.014849466105618141,3.0255046572189345e-11,14.766371782939302,1540,39.103028353774015,0
-21.12188086624667,0.09586783815873696,0.0004857656679140771,7.2517905261976825,1555,101.80802940614254,2
-16.782771829856276,0.049721751657428155,3.2625683135910613e-07,12.18469679145525,1540,59.28849127024838,1
-17.623807461240435,0.03795642853940294,2.2767078325580648e-08,8.72852626244602,1552,61.20876191283975,1
-21.488876673286484,0.058739895722469834,0.0003279165035366221,6.797434013182284,1540,94.9259414781184,2
-12.82997356419815,0.006265819218424806,3.299367313263519e-11,14.075710562045854,1550,23.068673812002118,0
-13.12300761197387,0.049855463618748166,1.4164190212781466e-08,12.682232114058786,1552,49.23852017202499,1
-18.328356889149646,0.10120445528634403,0.0004294102611504471,7.1550189618892475,1540,91.93054772303594,2
-20.784057636501608,0.11313035249290783,5.434619812996387e-06,5.803763863897181,1540,82.90844857378367,2
-20.273862996316332,0.08924186494954453,1.1648918090338756e-05,5.844303986805888,1550,118.84798271664356,2
-10.338547162871519,0.016654195825887817,5.558090707812731e-10,14.862559050903396,1555,34.07413618193049,0
-10.078600925227153,0.013758898087966119,1.4617279256391817e-11,17.062609346820732,1550,14.73502741571188,0
-15.022253597970733,0.03827198507763495,2.734896289609088e-08,11.255841945635419,1552,66.71527754005447,1
-19.949602133944154,0.05616036752139911,7.6460527029178e-05,5.269248885232066,1552,103.29821329957576,2
-9.880098054214674,0.01515651914536047,2.4993939775670795e-11,14.318954229717846,1555,28.14683398426744,0
-18.01471043404276,0.10308718775478197,6.360113402032108e-05,7.918097059982124,1555,104.05468707252012,2
-12.130264327604662,0.018294323246835765,2.007901215035195e-11,14.607544689346522,1555,18.77443676372104,0
-14.528072737442294,0.026429832858599397,2.370024204912293e-07,10.981883088466283,1540,57.590740155525744,1
-21.744237306348484,0.07565688010774209,2.3992296879076103e-06,3.8397710218370715,1550,90.99540366429598,2
-10.600141449553119,0.008043097638713519,3.0992503936706793e-10,17.982476238490825,1555,34.26276152783483,0
-14.680019912701962,0.04736179693463023,8.340399883452681e-08,8.20497955304057,1550,63.82010402291231,1
-19.47254623146818,0.11806382636169781,6.685730394299771e-05,5.610864022421691,1540,113.45020037485611,2
-10.668660692604806,0.019832532970837466,2.827844000342776e-11,15.559598985164323,1540,16.02214556061135,0
-15.359830585980864,0.028656988376600794,4.2590123674005724e-07,9.450253561478876,1552,40.25958085547989,1
-16.376876380107777,0.03868063441089645,1.5344775993649828e-08,11.10561301455905,1552,48.083298509608156,1
-13.008484221330209,0.02544461374576096,1.7408683496783813e-08,8.717887317242976,1555,76.10961844368006,1
-24.570389491305647,0.07176962914083676,2.5690160357289393e-06,5.6293426411413385,1550,108.8994588181517,2
-18.53207411320902,0.06847709277729291,1.2593953063242192e-05,3.241812327976309,1540,85.36332568792187,2
-16.41735924901015,0.03921231910479603,7.468426725796314e-08,8.462105502265894,1550,44.50791441753301,1
-22.67601573032163,0.09700328787508214,5.9802224606848455e-05,6.245537144683523,1552,105.77715298569098,2
-15.5705088400559,0.04279901095087173,2.6435342607530842e-08,12.763490695851374,1555,56.87195277138123,1
-16.833670490414782,0.043424229432494216,1.7595466779747596e-07,8.7711136955982,1555,54.245566480598725,1
-14.851636740700563,0.04960741142654637,6.25297004529466e-08,9.659531424487483,1555,41.33018428850433,1
-11.862490843359442,0.009895076463979809,4.778805022006142e-10,14.575257401259254,1552,36.293300588663776,0
-11.638757505274206,0.0098649331870545,8.022095617579694e-10,17.294582379012365,1540,39.95775275354791,0
-12.015039188962628,0.007344754560632913,2.991588773586252e-10,15.441898020566216,1550,6.222873624209596,0
-11.593610243903814,0.01714512554398834,7.962796958774071e-10,14.088264594729164,1540,35.58562344323565,0
-13.012258891593795,0.02971715949689606,1.067022923554909e-07,12.39840352324897,1550,73.62143519796774,1
-20.89260725254273,0.10883426896260795,3.553966321348108e-06,7.508369126134926,1552,83.20573421334177,2
-13.17646823283852,0.009953225973072462,3.2621431234094277e-10,16.07754343801575,1555,9.41888239774147,0
-14.08954992688195,0.04436888166270443,2.1088458373269103e-08,11.697622171336121,1552,56.62644006001797,1
-17.05700534364204,0.036848975998531396,2.43005883006362e-07,10.660599301023533,1552,73.3362735472123,1
-10.342517679784304,0.017367072764068237,1.962784018596863e-11,17.331718862296913,1550,38.011118803644976,0
-10.236416802211794,0.007379076579396106,5.77752080950143e-10,17.487374110980927,1552,35.76750180798461,0
-20.227433677541597,0.07311614202350844,0.0004533015355879408,4.330560580999617,1540,88.540454724841,2
-17.848416978324224,0.042936698975930915,4.6865787881001437e-07,11.097107769672732,1555,49.176747060628536,1
-19.215139531828,0.08522177799386123,2.0299438284739276e-06,4.246574332055451,1550,107.73923505429514,2
-12.44293345304353,0.019692657929322628,2.242128710066555e-11,14.068644407327001,1550,22.20655562908913,0
-12.153596148922295,0.01899387293854508,4.5186909542315263e-10,16.78883752763855,1555,8.438224726617818,0
-10.013315971750187,0.009041268339943575,5.955022154159213e-10,14.549213500566417,1550,14.179601263524471,0
-10.696363034454242,0.019259095573698093,2.879763529295519e-10,14.208183355024525,1555,13.389817738485565,0
-11.138537654145809,0.019704973755740686,1.4147917283055157e-11,15.222788077148728,1555,34.78978350308999,0
-17.63508130193115,0.04595507474429776,7.251125017863848e-08,10.906464877528242,1555,44.400849719659064,1
-13.912761747465234,0.02619328076387207,1.134702707465757e-07,9.020043182553835,1550,78.00493821829463,1
-14.503626023323049,0.023857047938089068,9.328428739348772e-07,11.040311426525555,1555,60.12176465458252,1
-24.012643552508344,0.09023810187989834,6.464225682450998e-05,6.434435592961993,1540,108.63497667726834,2
-20.095104752285607,0.11031670810747773,4.053657970579709e-06,4.782390825739162,1550,96.42856686807232,2
-9.991578534043475,0.012042779980184506,7.003450566921633e-11,17.982551334379234,1550,28.528774055296815,0
-12.943574812150311,0.0122375838707317,4.8106684625396275e-11,16.16638185119337,1552,16.186634392782494,0
-13.085598541555235,0.021075324569736823,2.0965301379053543e-07,9.330739021322044,1550,67.3947336010739,1
-13.538576039633714,0.013944822782905524,1.256513946784578e-10,17.601285072297085,1555,7.806300492866621,0
-9.376885910787358,0.010963878039659699,1.7776446068125009e-10,17.119274702492575,1555,36.086648353746554,0
-13.173690654173434,0.048800976127459886,2.827288890578507e-08,11.626754359502112,1540,78.98130214649498,1
-9.667021557022483,0.013903628816214469,1.7956470721659308e-11,15.710167421438848,1555,9.094406623484016,0
-22.28423566631323,0.11397416052272231,1.0663657183602145e-05,6.339507563674298,1550,93.03522747465338,2
-24.202380704236415,0.07208111262573284,1.8721441322499756e-06,5.036916629022169,1555,104.6075972263584,2
-12.55323794888877,0.008802515241586597,4.5895930094495447e-11,15.079184231569457,1555,21.459937769213287,0
-22.692528229705935,0.09265494617495947,1.263075985019555e-05,6.364469019946444,1555,96.71070179372813,2
-13.104101626873387,0.014706052493883109,8.482907642390868e-11,15.981270587735635,1550,7.593806225513589,0
-23.9031466630324,0.07474270351679427,2.830730203958883e-06,6.976535165055571,1540,102.69606327694817,2
-13.465939249517758,0.043681282321325274,2.658602275219857e-07,9.175691540098851,1540,76.25063170292198,1
-15.820935794454229,0.024458806533092257,1.213030582125776e-08,8.315344776320655,1555,49.10794853703304,1
-11.589794709439587,0.007941465691075894,1.6655594625228982e-10,15.122732862063897,1555,25.680360444486453,0
-11.003201374789171,0.01592984426354904,4.27294680818473e-11,15.572588517976062,1540,10.932643215312051,0
-11.476302623098242,0.007243239778354168,1.6131649310784486e-11,14.494289962397962,1552,29.775824333278734,0
-10.918729797145938,0.011657839867108541,2.3770123294156013e-11,16.612546933167422,1555,21.421212363247008,0
-15.603238553920834,0.033612252772829046,5.045103448015053e-07,11.543017621703344,1552,55.758451013617005,1
-12.37835311324241,0.015147256242809066,1.5434183331592488e-10,16.41260048049179,1555,5.189172328543446,0
-21.264089519764138,0.08167882633639975,1.2889635308716673e-06,4.302176167117512,1550,80.60664858443606,2
-16.246407452728747,0.02820151754341336,1.4282312597636253e-07,12.667509383512176,1555,63.38086061752772,1
-12.83093583453468,0.005355616304667776,4.676214361797031e-10,17.898762384194207,1552,14.258053139609338,0
-12.878708084243842,0.0064765206356748465,6.817311777805009e-10,16.240687582269434,1552,8.320948055165111,0
-21.02754060363256,0.08606957368784598,1.1775059743351127e-06,7.69819595774789,1540,119.641926911958,2
-24.898774079723324,0.05542004053502135,5.55204355723335e-05,7.558907108676417,1540,109.2985565173614,2
-14.27859530352918,0.04238280386582681,2.195085698125705e-07,11.218168940598103,1555,70.16804367969779,1
-10.994629165998836,0.015583787939657368,2.3812776563735084e-10,15.498211548080485,1555,10.796992145989286,0
-22.259507009705107,0.07422213567161723,4.510013629280629e-06,4.3750338311088575,1550,107.61158119734333,2
-15.077650341776934,0.03171686307281095,1.6565164030047834e-08,12.47722656883354,1552,46.3064238021336,1
-17.777716927866578,0.033791943938908886,7.728181730301943e-08,10.298912209212496,1555,72.96416495420887,1
-16.18691524207269,0.023833488637215298,1.7493843276453793e-08,9.407675200534472,1540,62.373967673931176,1
-9.160699825774849,0.009431671662161304,3.454986030020454e-10,16.498654275417056,1550,28.357263931624992,0
-9.891046815777754,0.010176239417335801,4.957222691157425e-11,14.127218725940661,1550,9.222255488521029,0
-14.204545193019865,0.043528841143661796,7.004706903513098e-07,9.880825552155388,1540,64.01161770913852,1
-13.104403579215225,0.006548882141541239,1.2710885712264103e-11,15.744166331651801,1550,34.85547456457739,0
-20.543289923990315,0.1116535508125672,1.272743371259602e-06,7.143958526500978,1550,99.89261855422693,2
-12.82007540125522,0.00884102484141986,1.204667458799033e-11,16.84265155874315,1550,5.889669436043332,0
-15.556569024369264,0.022325531293789575,2.4074002652017476e-08,9.604863463877503,1540,70.73459970770402,1
-22.97051116884251,0.08614868923214108,0.00010039615734509864,3.9668293266854766,1555,104.0739052018892,2
-13.46037722517503,0.01897916209481558,6.716701109602356e-10,16.101441927277993,1540,29.139557482761816,0
-9.330624912360475,0.009742341574651259,1.0338787697665384e-10,14.166291436201568,1550,18.908264596254035,0
-16.000837703248976,0.02102133518600794,4.3867657711052216e-07,10.729297005098811,1552,57.533311024574154,1
-17.163162346366743,0.04935370016552852,5.624467303848531e-08,8.534628012236224,1550,74.87505521595418,1
-21.728813352914525,0.1163984102152613,1.8017593913169835e-05,7.316932823946812,1552,111.60631882277791,2
-20.938795364153087,0.0738264810587488,3.558310987604635e-05,5.9451376856235925,1555,88.34024192560862,2
-16.448815740836647,0.02212740419540203,9.995762147420645e-08,12.369618396929553,1540,43.72755143889251,1
-14.942845963860556,0.023471398987069087,1.0516256084264298e-07,10.486271579742358,1555,63.85363060440412,1
-18.080178451411303,0.11697834696718132,8.307988590037626e-05,4.667322142295781,1552,113.59136142469562,2
-18.333260211367094,0.07740897561010698,0.0007455373452081253,4.38965800172612,1540,106.08056508675801,2
-12.142663686878116,0.007927497758279757,9.523247575486765e-11,16.966565807344168,1552,24.585259906286968,0
-24.09804183442149,0.10269471500725984,1.3766689952999623e-06,3.752902470517114,1555,84.81007093946307,2
-20.334404250408245,0.0787921899025019,0.00011231025655447822,4.144057881782694,1550,95.23070288630879,2
-10.605563314056075,0.008551963781842701,1.4720586951348763e-11,17.080084913823313,1540,9.751104858496536,0
-9.050096925054095,0.01489949416702865,2.9303570751723716e-10,15.554624006174055,1550,20.958116501903145,0
-16.773850208841605,0.04304097362762248,1.0599495694914006e-08,9.086232862404401,1550,47.30405592329112,1
-10.786131691908537,0.009916568087618283,5.249851730607158e-10,14.490512199912025,1555,38.20289283160467,0
-16.06614882559159,0.04296770191373181,5.855636706372589e-07,11.496854784054886,1552,53.68380023037703,1
-19.934069018230787,0.10905366520127485,2.488408002101967e-05,6.925272170127499,1555,119.98639684513091,2
-10.554394547521209,0.01795461578625734,9.854131678660327e-10,15.707433315180358,1555,24.240103930715886,0
-17.561516454188453,0.03426710230260961,5.168879958233883e-07,10.759870976358899,1540,72.83327161499031,1
-9.0270290638903,0.012229792802396089,3.25093647732476e-10,15.809256140205342,1552,17.485310925811724,0
-14.145507978405988,0.02428429777348009,2.5701583792360054e-08,11.429558028600818,1550,44.31622868891905,1
-13.17003128795837,0.04890648798172552,7.716680838770733e-08,11.975437303301298,1550,56.32887290352928,1
-11.607081337836131,0.015486593080995467,6.975550163485115e-10,15.49351423814736,1540,11.844972648553307,0
-12.243105166209457,0.01997333675913576,5.993562293394339e-10,14.193297635421587,1555,27.435212006224543,0
-13.658751473229541,0.01755618486054544,7.488361343955136e-11,17.662054709167656,1552,15.399260046811126,0
-16.453719447633574,0.039295358506096875,5.813327949043766e-07,10.010752380974644,1540,48.043127511754875,1
-22.052158009959477,0.08739972216598223,0.00012880693447160353,6.475239378496351,1550,83.01537018575021,2
-13.844305177823088,0.0304609368608491,6.313920478498383e-08,12.470273063510723,1555,79.77013276346145,1
-10.922545201666404,0.01630670901629623,7.842011621833833e-11,15.23891688700532,1555,32.37006389578795,0
-13.4831099639902,0.00770994048353614,1.819920895104223e-11,15.310619854734462,1540,7.995984348796892,0
-24.24137704894781,0.06855379623922211,1.5717778487093952e-06,6.013162001773512,1550,96.30689832592464,2
-17.83062267796625,0.049695241458667064,9.215166460292412e-08,10.860377020177157,1555,40.686919626494785,1
-16.747457820570826,0.02933616077984924,5.012792294863417e-07,11.015944117022594,1550,73.09782943918452,1
-19.12011882596777,0.09770324344648232,0.00021966463236172188,5.238829174820344,1555,84.26870594209835,2
-11.82660925841765,0.007892594134133684,2.4110779170467308e-11,17.075056722884643,1555,6.042667641141776,0
-13.177423803577884,0.038249907654409734,4.651293123203874e-08,12.133248877320295,1540,62.20341001891279,1
-9.139166881296548,0.005214154725287486,1.5945335028759737e-10,16.250530383469552,1550,16.311792286351764,0
-9.807253964876034,0.01206625594225888,6.641984605582682e-11,14.9462717008444,1540,7.353422191821282,0
-10.702470091743365,0.015320683356111933,1.7409053406024066e-11,17.754119133892523,1552,7.2992240771380725,0
-9.650518189689357,0.012782570856891082,1.5224774592555028e-10,15.596010815480522,1540,31.04873781451511,0
-14.050336394720599,0.04727217579083884,2.7320843877272672e-08,10.621877433276783,1555,40.12497398589487,1
-16.930823721664346,0.037154299838230515,2.4818476764937534e-07,11.368493204952859,1540,63.24591659893042,1
-14.303278335223474,0.03979235055219897,2.863337835639086e-08,10.115180895410925,1540,40.22608419364739,1
-17.352106679579602,0.02334880425540622,8.286018208852294e-08,11.29443632883466,1552,41.77239244953305,1
-12.091917504454326,0.01662851808348584,4.8437549717616337e-11,16.510675508635234,1552,27.164212056329365,0
-11.845293317408366,0.007970045454613302,7.516983426312317e-11,15.634975051234111,1550,13.377944271971622,0
-18.237185742550714,0.08519049162683068,1.427399952004193e-06,4.106093280387281,1555,109.18565462167774,2
-21.96396260945892,0.07269567219914541,0.00017018175447953174,4.01485713512198,1550,109.11510488284694,2
-13.47167657869128,0.014612394720353094,2.704433861717388e-11,16.478351819591317,1555,17.76793767005853,0
-23.706483194481017,0.08699278376555122,0.0008426250946352068,5.947157415003035,1550,104.95229055683501,2
-24.15712363198481,0.0523373399580283,1.2345250977699165e-05,4.68814238538933,1550,108.8928677151531,2
-18.802276019063,0.09326941159142545,1.4115914956678169e-05,6.329228017930319,1552,108.38948770102085,2
-22.211829600906317,0.07303807890263792,0.0002058747510944874,7.582326531162697,1540,116.03576832941292,2
-15.136233703759187,0.02273982933095997,2.5561578580568183e-08,8.15554292093708,1555,57.387780572334705,1
-18.094803997257007,0.1134088204499613,0.0006100276368312277,3.9238775898875833,1555,94.40360383254203,2
-21.20022348280797,0.11346588993060887,3.500773082990704e-06,4.7632246077854905,1552,103.07279150365008,2
-11.333458187706295,0.019939904736510493,3.990912538497008e-10,17.382568366497686,1555,14.844959724356194,0
-12.413555081120474,0.012255707485860697,3.883351174209603e-11,15.034820281297147,1540,29.955500215160928,0
-16.4897556725533,0.04141866269726155,1.6753060594865879e-07,10.135905812041859,1540,76.22166644603452,1
-12.765714862021335,0.009596231740265545,1.2890435006677382e-10,16.35196651785533,1550,7.358190503267401,0
-13.639265700705625,0.04585445528437723,7.372860785344788e-07,12.469761302762734,1552,49.30378547855402,1
-20.631032892053287,0.11841943322248086,2.000129621574314e-06,5.196652513966002,1540,117.23881553994656,2
-23.658349290889344,0.05991864420821622,2.2845391857090737e-05,3.109632148944616,1555,111.34550213468215,2
-9.213431934043136,0.009772449056339814,2.749401029544434e-11,16.709867075737847,1552,28.229656762418962,0
-10.859402343782142,0.018959637145279398,2.2501426506216785e-10,15.228955847390882,1555,37.715547042090535,0
-19.928340129947532,0.08601639988018403,2.169490488782356e-06,6.257963032403623,1555,104.17496547569093,2
-14.513371148410421,0.039019202253213266,1.695491457724945e-08,11.90521560538484,1555,61.62839819664788,1
-13.607364070292135,0.013408090286251562,4.614745783321874e-11,14.619767141351744,1540,17.82727527064072,0
-17.431191391445616,0.034309036732878335,5.15767265407118e-08,10.455192349190613,1552,59.771412456193964,1
-10.563050436571427,0.01449925223499493,4.18255196930087e-10,14.179005735704953,1552,24.829740113054914,0
-10.692378379269126,0.013878716066286052,2.968655466485262e-10,16.285358113812308,1552,24.232135072913714,0
-12.486262147643838,0.012419270226650483,1.836394553449766e-11,17.82332331873196,1552,23.003413627885706,0
-24.490291712951045,0.07438095921703317,0.00016310274059532718,6.275295086702913,1550,97.53868322259275,2
-18.949085815055447,0.09069948012568321,0.00015415734515880015,4.183530449378482,1552,92.38491571704625,2
-20.089786163939074,0.11011983734045652,4.2032838725756e-06,3.3384217763461823,1552,87.28632644316119,2
-16.530549584003417,0.02170704441492865,1.2734572430832961e-08,10.137114011847181,1550,57.65151211199773,1
-24.282163118527475,0.06853966801277363,2.4722109030452405e-06,4.473661378883457,1555,106.94631416729433,2
-24.10702016949198,0.08049283004755567,6.73356894118276e-05,6.380007804709537,1555,88.86656753091974,2
-9.241487968047315,0.009795812740097814,5.44748847037974e-10,17.52500272672756,1555,28.521838917687667,0
-9.211682625955135,0.01801558189650032,1.0099080609428948e-11,15.520964665653562,1540,17.11612770571452,0
-13.208507584643497,0.045640216107509055,1.4354393548540461e-08,11.598936312341422,1555,42.45283931340271,1
-9.142334788047057,0.008311182326791726,2.938052319072584e-10,17.0503855787767,1550,29.070271485069625,0
-22.070642954998682,0.10983766692865973,4.917135224218467e-05,6.542714759302487,1550,117.49597102311445,2
-13.242711887997928,0.011627735517165989,3.4784353942449546e-10,15.056051384287573,1555,7.324187371117407,0
-12.044835654363007,0.008513050563895012,2.7485766104370188e-11,17.83945121085382,1555,39.518633518299055,0
-12.02958175744984,0.009749036522411193,6.314086769035579e-11,14.601981992290343,1540,14.633263707589286,0
-23.93197878928473,0.10310812882537918,9.912299489274694e-05,4.485654064775721,1540,87.4991732332768,2
-12.853171114811637,0.01203660816571368,3.444485294051201e-11,14.403912427271045,1555,20.345985033770233,0
-14.621266198264115,0.048807569756043126,3.216169419889184e-08,12.374885293120588,1552,60.87292899799809,1
-13.303773144412023,0.012986310234128256,6.640353584096907e-11,15.38937330503537,1552,13.287450825898489,0
-11.48327434696923,0.016946608422852158,3.012579153138728e-10,16.582137425642088,1550,9.137784422536097,0
-9.948704347413566,0.013048672850429304,3.601093304746698e-11,14.246431941169877,1552,9.500285247908419,0
-12.869855010920002,0.014607140632637659,9.077415824260812e-10,16.413972384173515,1540,19.56424998248823,0
-11.461210809057157,0.00707557392080835,9.235897018304472e-10,14.99989156347532,1540,20.794331492559003,0
-9.336988962481781,0.006878450384431202,5.809085452009066e-11,14.112915038602825,1552,28.324255664322163,0
-17.623759911610335,0.03347016737741129,1.54805481621094e-08,10.997308378933283,1552,45.736744489451,1
-23.60209864592614,0.07006885604304634,0.0001918996143701194,5.3820235936918,1540,96.21408136088695,2
-17.1505666259669,0.03149197028257336,5.536479455019589e-07,9.81564355244818,1540,44.61710242817071,1
-13.410699456601149,0.019373767583487547,1.520630208259978e-11,14.924144551788238,1540,39.90295216201961,0
-9.468727097394817,0.008743192997742592,3.498641571945751e-11,17.037593049671855,1550,34.56763027001075,0
-16.48875302543401,0.02092604397627383,2.1445014042274864e-08,9.975624423872837,1552,63.225832014398016,1
-13.980200284939286,0.012517440971862356,5.855242897554206e-11,17.88831734189823,1552,27.547455559636624,0
-18.559779523440678,0.08159309409591668,3.699076755900311e-06,5.92389615531976,1555,117.63009810580024,2
-12.652446893908515,0.007172792409023661,1.455663352925487e-10,14.67285440933684,1552,22.677023009464303,0
-14.23819278801304,0.043781013516839565,2.9245975153856535e-08,12.649005431538614,1555,65.09297878092686,1
-9.633385420695962,0.01454437030968872,3.3284579455066683e-10,14.640286539818291,1550,24.531481380213844,0
-9.532782673118675,0.007912290449278235,1.8235231162438743e-11,17.902419874356447,1555,24.918744312698134,0
-13.426521282393928,0.040233232141006055,6.418979788358282e-08,12.31190192262137,1555,77.77751849419974,1
-12.056157935692015,0.006971185742829027,3.349423135505776e-11,16.324861909957534,1540,13.53983558233653,0
-16.011594324274828,0.04040796886185724,6.048167200155475e-07,8.205331868733058,1540,45.516919590548135,1
-13.885530875119398,0.0073068672450204665,2.800456744458674e-11,17.82929155157835,1550,27.43402270708662,0
-13.975366608384792,0.049430070498716255,5.965461142276433e-08,12.225493272871002,1555,61.88156574482624,1
-14.001425377360562,0.02641364380940608,3.336552989464968e-08,9.195715112507434,1555,60.3528579396398,1
-15.721946059486434,0.04399221931138518,1.973172656514282e-07,8.018064662671193,1555,75.73366567310433,1
-9.269422689331837,0.010599639744196294,3.4792797249530815e-11,16.575998172956062,1555,33.026242002014236,0
-18.937117586340808,0.09086329946145899,1.2531459164939224e-05,6.263148180376119,1555,94.18346769761612,2
-17.801672951543924,0.02340967907198403,3.2135948516486723e-07,11.578938481731472,1550,73.59432013598342,1
-12.10678808297953,0.011271960244563967,1.239513587606306e-10,16.213961080795297,1540,20.720187095627438,0
-11.852020282119677,0.009632516360110113,9.215708357379438e-11,14.473969435073602,1555,33.00012186172885,0
-11.290495263108209,0.018094187538146123,2.9137331351762573e-10,17.2262445914458,1552,30.34361652455985,0
-11.983693194380841,0.008308416873834849,6.867514377872808e-11,14.81431312136897,1552,21.191803485876072,0
-16.997407049678458,0.04133369888464783,1.1819988921867272e-07,12.490339285866412,1550,64.91044769360755,1
-20.383360317310316,0.10363672312224957,5.3119883963578534e-05,4.303956927622274,1555,87.01082408971013,2
-21.837308451123555,0.10074052307382644,1.6014991091658425e-05,3.1646764891492287,1540,81.87816156929605,2
-16.003345835364065,0.039987047120173626,8.616374199372778e-07,10.128267239078026,1552,54.90704381983352,1
-20.5363500078738,0.0958160126719482,1.7945262017529024e-06,7.751123027967162,1555,99.3464996109108,2
-14.151815166042937,0.03812053989725535,9.577589444699683e-07,9.326633336713424,1552,74.6938201880845,1
-13.594149557629128,0.039320696499066436,2.667341060872266e-07,9.386699589694697,1550,51.23791303198803,1
-18.738718676671894,0.0859386144442971,8.596579856598223e-05,3.2901528094181027,1550,110.90995153999354,2
-9.177558874880729,0.009341545520450328,9.104376172262627e-11,17.89137663464009,1555,26.50748110893174,0
-21.664621560776997,0.0809491519589266,0.00018644373585842628,4.398064492127192,1552,116.6341239976701,2
-9.22450721917157,0.007895224781085479,5.827525095275164e-10,17.23789283846174,1555,6.136104961679674,0
-17.17232353653067,0.032081971096008986,4.8625174853828755e-08,10.00451361289563,1540,77.72937133387876,1
-15.15326527753474,0.04407208345165961,1.8143669560241655e-07,11.939851337041318,1550,66.74100553784456,1
-13.83095345563569,0.03185121607044496,1.344113534003993e-07,9.138433129647993,1550,58.02668482426925,1
-17.661624183872,0.031049495168783768,5.886090218515305e-07,11.77618265599976,1552,76.9708609396765,1
-16.290105053321813,0.024583618209304013,1.4614811170832392e-07,11.011820870637361,1540,44.032191394742306,1
-10.356109727746762,0.009852956187282373,2.138513410377285e-10,16.22631371400861,1552,9.419489798770615,0
-24.73215098507489,0.1110698580093293,0.00018055442971275575,4.1599191853368644,1552,87.07811877199416,2
-14.983531594756677,0.03240850548048184,5.579688517008074e-08,10.822920291879448,1552,67.27989789122934,1
-11.492418526564002,0.016974427684501626,1.994930919631837e-10,16.807867509030814,1555,6.776898586378893,0
-12.986715390047845,0.01163231170679874,1.2992153451678358e-11,17.91397785868716,1550,5.741032730738246,0
-9.687551890508495,0.00973995711687841,5.063196499398736e-10,14.163735777497381,1550,24.34852065014222,0
-18.108629618031806,0.07042862664223257,0.00035012800493066287,7.987856901832678,1540,103.72834781092438,2
-21.340358352293805,0.08367868163588005,8.780861176725326e-06,3.6889988602199537,1552,97.2009434938004,2
-22.92192504277062,0.11831203316139056,0.00012816643245733208,3.867151851277788,1540,100.15687270965702,2
-15.535077210908023,0.048154854749923134,1.255135079271996e-07,11.027324301111443,1540,60.91142932205669,1
-21.73776116349974,0.08737694860063938,5.3312442727029285e-06,3.864273697093931,1550,113.40987795542006,2
-21.385788078056173,0.05677038834857907,0.0001703287749072073,3.546769666774865,1540,100.61265343565418,2
-16.519877242396948,0.046126753714034185,1.0191880181765491e-08,8.105124036098012,1555,63.744528662775366,1
-13.472973570219166,0.013307351609505882,1.0615945973114841e-10,15.125571928688652,1550,10.873510847611001,0
-22.411764888561525,0.058637605462726575,1.4336772710118895e-05,4.726671580734138,1555,98.1637417841733,2
-10.209074944617313,0.016151356791149138,1.6744840329346165e-10,14.423722850233972,1552,29.110985571753176,0
-14.964999995109153,0.03418329936940549,3.601382462122477e-08,10.019782499965146,1550,49.073883820042255,1
-22.10156641850661,0.07273561520043581,0.00034580567598487314,7.526966164645026,1540,104.83210087092611,2
-9.711698014788718,0.008993502417767021,1.0691875010819097e-10,14.427541181956242,1552,17.94996100859921,0
-22.635115666476068,0.07750661451012243,0.00038784645365601994,7.422657198140012,1552,98.84600158477751,2
-17.03262075292816,0.04676090346229343,1.1537808139032796e-08,12.476981338217216,1552,41.680230696752474,1
-11.565964615083782,0.019678675922890607,8.528731484943934e-10,15.6650439974403,1552,30.228571076622046,0
-22.794854727497164,0.050607541083636264,1.0684225492194577e-06,4.653791436002217,1555,101.89680207492223,2
-14.629159797216726,0.04471632090877413,9.100660013118785e-08,10.40715601406003,1555,44.292746418960604,1
-12.13958872518552,0.016397354876425827,4.760438565299223e-11,17.80824978655601,1555,25.409473820850426,0
-10.35606888871712,0.005704594866472097,7.179653753953029e-10,14.36456255777871,1555,7.686532166105831,0
-17.40021896125904,0.042137301609949676,1.8060144707509608e-08,9.90922399461708,1555,64.00495759757986,1
-14.152278912682029,0.024062038031651814,7.602139977365629e-08,11.511868700530204,1540,64.23087346489496,1
-14.513901695957053,0.0262219615348741,7.116910339879844e-07,9.078431569549354,1555,54.205328612631625,1
-9.743694163189698,0.01697726364395638,3.422398092546038e-11,14.978161771937197,1555,36.61457677836199,0
-13.530496421052908,0.015089031773376893,7.717922950445732e-11,17.472569017510022,1550,13.935728365495114,0
-11.973989566092914,0.01357209537807516,3.033526001659723e-10,17.06877941243429,1552,27.722360574062225,0
-11.167976798515515,0.012140756032986495,2.1249187599503953e-10,17.747318957299033,1540,21.931422967634447,0
-19.277877983722888,0.09867442975558346,1.0426248952588998e-06,5.015161672712744,1540,82.70630945965644,2
-11.614758874103227,0.017523491425465873,3.2491724273781057e-10,15.933608946092017,1552,33.23477327107715,0
-19.238492384441564,0.07621969962801284,0.000562786504168963,4.6213607746530645,1550,117.24031238596493,2
-13.343507237019441,0.046281173427932754,2.259792922426881e-07,11.289113299363478,1555,77.43896338842897,1
-20.224646254536864,0.06355585793686616,1.5817205154758786e-05,5.457803012165632,1550,99.1308825930389,2
-9.150450739190028,0.017486639612006326,2.6587543983272724e-11,14.727299868828403,1540,26.61185283697008,0
-14.250083414848408,0.028866296334679027,3.280893663521673e-07,11.34357786534584,1550,57.032685860468064,1
-13.992848088956775,0.04162995260134712,2.509905568884967e-07,12.79277003974764,1555,57.611601840347845,1
-21.847819700738047,0.09731546146963792,3.5552830976992287e-06,5.003142664202425,1550,113.89400112572355,2
-12.495608450916151,0.009272607415662014,1.1851515660043095e-11,16.438257335919587,1550,19.386295466138094,0
-11.982148037751994,0.015535942138106402,1.3005644100604467e-10,17.411824454694994,1550,18.817562820974988,0
-15.213440140079882,0.022104858086329712,3.445370367617641e-08,10.834071629343393,1552,74.1216264846604,1
-23.751905034149708,0.0554435548900444,0.00032452507157111014,7.87979790928464,1555,113.64754820284989,2
-13.835766648782808,0.018691241943186932,3.1365548421959254e-11,16.31052781636619,1555,19.662390732659176,0
-15.197456329610134,0.04598566745796742,5.829232242259001e-07,8.349720050693156,1555,58.98582893103554,1
-12.987689081805843,0.01835172704464714,5.225076573472533e-10,14.306909487712824,1550,7.107712755583269,0
-24.560114843656795,0.1037289491538459,0.0001591554460378618,5.946048052610218,1550,111.89501499080721,2
-16.9857960295966,0.02915508506135992,9.762334557450748e-08,8.932609148834384,1540,50.688291070262764,1
-14.501526495213174,0.0490215796299108,4.190028998774333e-07,8.387390329818652,1552,48.082820038646375,1
-13.034146052008335,0.04984439087911317,1.6965730240316374e-08,11.629843896641736,1540,68.61827821439266,1
-17.004518029649653,0.048219360300815715,3.3349021533013966e-07,11.48115296762072,1540,79.27671138005657,1
-14.534383939116463,0.03199725889881322,6.73395618481552e-08,9.404070156044565,1552,69.41829006701686,1
-11.461816386718263,0.01711948533891136,5.447174339849569e-11,14.500312907265302,1552,17.188072389757906,0
-17.225511572552076,0.03837559506070608,9.965341448110687e-07,11.262674824704822,1552,65.2599642669399,1
-23.007749517210705,0.07652170985813687,3.965396098080884e-06,7.855369991329109,1555,95.22907879831097,2
-15.832958913140798,0.03487932400078223,9.419897213673603e-07,9.491768153264417,1550,72.39136106953255,1
-10.489216174015482,0.01057590476924691,1.0849949110505192e-11,16.812799139101948,1552,21.984335981991755,0
-10.729199228569508,0.014288585480803726,4.615508622304254e-11,17.712407342039146,1550,7.395765839810587,0
-24.47373590490182,0.10250155332714464,0.00023076097321387884,5.87133344800449,1552,111.4836918980131,2
-13.595635166914011,0.011424717124101615,2.382318380657105e-10,14.232774382033774,1550,10.475296493488012,0
-18.360315695289504,0.07144008954684346,1.8563673022884663e-06,4.161492181574628,1552,87.88063518460078,2
-16.833488562208544,0.038990636586140555,3.3094761289787547e-08,8.951199419043995,1552,54.74117893385829,1
-10.399443332425271,0.006292036573235544,8.464857458842525e-11,14.695909598087214,1555,16.471152906364487,0
-13.078900503518204,0.0115529005483569,6.092060418914744e-11,15.620860493197114,1555,19.471301834855602,0
-22.61482451002291,0.05332459572776256,0.0003951165199836613,3.8489750246783965,1540,115.6565333839045,2
-11.350593694557368,0.01977955748430928,2.148046345354581e-11,14.457726074449434,1555,14.742896858192982,0
-18.981347625886684,0.06167868041491371,5.612408076238033e-06,3.6725107380098567,1550,84.42573732992265,2
-9.115998357446703,0.006660808899894735,6.99998092602686e-11,14.168098700685622,1555,5.951125563179546,0
-22.17118672917688,0.08887180901009403,1.226740069145633e-06,6.1382090072008655,1555,96.02936715177472,2
-12.13174851813508,0.010821821851527455,1.553746746017818e-11,17.658337740886992,1540,17.511437592560952,0
-22.73673830331276,0.08349911005562469,3.4419634348145196e-05,5.003185220940139,1540,115.73482088562344,2
-10.057013943877347,0.007275123195991268,4.201884742837736e-11,14.993956559257864,1552,10.009479494196437,0
-24.658148905237805,0.1176374739478314,5.856816830779931e-06,7.68088638953236,1540,104.83553076726992,2
-20.146462943092118,0.09807812770260843,3.502997848231361e-05,7.3396145429255695,1540,117.6738997635379,2
-20.20223327863323,0.10753904293800048,1.825229745698321e-05,7.500689756465018,1550,118.87194807532822,2
-18.75133788923958,0.05774869169869841,0.0002464052735243231,5.233225346549563,1552,106.86574838730827,2
-15.242977625470497,0.029389675474816284,2.0949503824843095e-08,12.479419185337736,1550,40.56761199979002,1
-10.067255318174949,0.019608166505654594,1.3159853323787473e-11,17.249824709675618,1540,22.197218159407484,0
-19.921043618683925,0.05344951250203628,0.0001292239509160953,5.060865234048058,1550,108.07815109314346,2
-9.138851453918212,0.0073004724112361846,2.928571404243194e-10,14.0016411577567,1540,17.605675362482703,0
-14.965842855431333,0.04582185678164254,1.0735688873398553e-08,8.536179008847618,1555,55.47633430737396,1
-23.366481039153456,0.057309018393143445,6.315678671937376e-06,5.678961309078062,1540,108.21340867245205,2
-13.43552009846883,0.04264795199216715,2.8461168808118735e-08,12.441538737188527,1540,72.71293299681824,1
-10.635410878565118,0.011486710394078205,4.3006603628496456e-10,14.785148800572305,1550,31.37263653875578,0
-12.53742454464629,0.007284943841968032,3.4067167436475594e-11,14.088107684895268,1552,21.675294522032708,0
-13.315571849655964,0.018500279627721578,5.594743174490521e-10,16.389652408681233,1555,27.158432217510665,0
-13.743530755093921,0.01238803071071434,7.659740723883459e-11,15.337604715954996,1555,29.283194493859412,0
-14.117673677617569,0.02584781991794393,2.627920227842546e-07,8.375642208219093,1552,70.9212759482287,1
-18.386667659633186,0.09309583721914519,0.00011922187527952844,3.471230788863472,1540,111.55286884369355,2
-17.671860023321297,0.03204330647780011,3.386068865058177e-07,12.575881685932988,1555,50.846014447088784,1
-10.855634277933474,0.016442718535197184,3.3926655450048214e-10,15.425045795171837,1555,33.06698834926443,0
-12.356270058251967,0.01580650553338667,1.9388366302110402e-10,15.331273444366687,1552,31.590246503832386,0
-23.260153094365428,0.08650801229377271,1.1770208106815064e-06,5.158718711624631,1555,93.17984497010578,2
-13.588833892446997,0.011273961213538635,1.3140253515081274e-10,14.749645151935107,1550,21.791997522383223,0
-17.606195334768152,0.0400898348489863,1.8862791980743538e-08,11.355930610795909,1550,70.60760811924119,1
-16.947585818536705,0.04089326627112673,4.16446420278435e-08,12.365031539777824,1555,67.16276395907875,1
-10.998734835332474,0.006770817608900779,1.2958358066013928e-11,15.64797595796869,1540,29.718137448612367,0
-15.6830825706684,0.03312957094173267,5.139667903533958e-07,8.250844217493443,1552,49.79829455973799,1
-12.779679945163743,0.016449614228183158,1.489083408643667e-10,15.04498052981433,1552,21.396143298048028,0
-18.53050064069458,0.05284917092740304,2.842633621082949e-06,7.575199719182756,1540,97.45573037719367,2
-15.126453985662124,0.036819287754379586,3.4471363019353957e-07,11.78906652847133,1555,78.82221145901994,1
-10.472516740326881,0.015076689053822988,6.147270058134094e-11,14.005137702107206,1540,29.698076685588127,0
-13.236709177296081,0.01565259899885241,2.2629955094233177e-10,14.097707531762532,1540,20.86415891836031,0
-21.659320876337482,0.09232373405415775,0.00010138863342842424,5.771073576594414,1555,90.69925543395199,2
-9.993260040630958,0.015113882630097487,1.0266848717547949e-11,15.863303012892498,1552,6.4122789400894895,0
-13.340387821572065,0.038838124798983804,9.73024928295337e-07,10.686782023864435,1540,61.58822061306523,1
-16.675036043897293,0.02946840878063662,6.928786082597308e-07,12.848298732513516,1540,54.911081831571465,1
-14.366325818233287,0.046847319276939976,2.2304821389377932e-07,9.022333600987878,1550,75.26177801623729,1
-16.95956392574945,0.03152567456161941,1.2246855191805298e-07,11.064929310318442,1555,72.44677388969858,1
-10.029696870586225,0.019533843105781136,1.401371811710927e-10,14.880975509611442,1540,6.455858468976432,0
-22.88390067114358,0.11027834178539397,2.9287306253322082e-05,3.819586014717925,1550,115.4920842302204,2
-19.393104972168878,0.07422883067963076,1.7240091037461035e-06,4.327401022698396,1540,118.89326713849165,2
-9.329835044346805,0.016495269208360853,2.069663889681292e-10,17.295585526498655,1550,32.87581193382333,0
-14.42638899095287,0.03564184208788805,2.3256974722261157e-07,9.347192453740458,1552,61.48813946364332,1
-12.768569905947341,0.0153601965672201,1.561539016396947e-10,16.006302799671793,1552,36.01327023596228,0
-13.284690236382987,0.005210217762890855,1.3605573931502413e-10,17.72906753568389,1552,25.977550549753094,0
-12.417656079692508,0.016609926309410133,1.2709978398554015e-11,14.051286598042424,1555,33.26376893892976,0
-23.482160476149065,0.11053836702035394,0.0003732450960690128,7.757804262695079,1555,88.44809965396198,2
-16.51848977440358,0.027209172485478175,1.8884104815205992e-07,9.890769839751801,1540,77.66167858391867,1
-14.951532153129808,0.02331759031891864,1.8007999549361718e-07,8.933731422986634,1552,58.45604763302305,1
-11.07322817801624,0.01802406920769888,2.5803725907060703e-11,14.447678477590912,1550,39.53425431250066,0
-12.708036760648149,0.01727889845559662,6.297978729346612e-10,17.127730319152835,1552,35.433940910072636,0
-10.403991108638682,0.008426821119969482,9.832587777040516e-10,17.899172648587133,1552,7.853427134334934,0
-13.75960515756775,0.012253618785558012,1.0697794586578286e-11,17.684575520723367,1555,22.521683631687583,0
-22.38015632846112,0.11188800697099066,0.00010068889375258017,4.027031652999044,1552,118.74949955578985,2
-10.691733997663745,0.019992445256280824,3.358454181163076e-11,16.304323516057977,1555,13.043911462738762,0
-21.7895153576115,0.0884819621825737,1.3437775695481023e-05,3.6380595249597256,1540,111.82229993579136,2
-11.446303352468915,0.011825231576966716,3.4224434483751176e-10,16.639210805601266,1550,9.474740794771346,0
-11.089280962111008,0.006776225587638978,2.6533140753361403e-11,15.244009978930722,1552,7.020625572879102,0
-13.814740031532537,0.013028791019439635,2.5679774149753703e-10,15.356658130100135,1540,13.072352407499238,0
-24.148715195299594,0.06859867145930387,0.00032211364065637215,7.518744653716956,1555,80.7451075409757,2
-14.581325610892867,0.043934429676591794,2.2534783666326925e-08,11.608292747420787,1552,51.33348557101242,1
-19.452239417199735,0.060436852612857646,0.0008809406061723604,6.68450686085854,1555,112.22791421752275,2
-11.998826231811726,0.015348330983576054,6.489255879723227e-10,14.522906066269098,1550,35.4519317588249,0
-22.67525708967978,0.09594433860766001,0.0002267398550670852,6.496553627162456,1550,116.4880915209973,2
-10.902548269951927,0.011952410657008585,5.748725349824569e-11,17.453334598287302,1555,34.6508576480401,0
-15.30112739878559,0.0291293082943977,7.49123702037583e-08,8.328838849172879,1550,44.121485239004016,1
-10.263399449313095,0.013095381985836197,1.4910847596941095e-10,17.86102122905655,1555,23.994362910538698,0
-13.592323509941592,0.030297490724167774,5.16029642468654e-07,11.50828184372422,1540,47.653790508074906,1
-22.789627085423806,0.11003529849955308,0.0004928051408507002,6.0507654194956935,1540,86.85732564712754,2
-11.913041879969498,0.009645033056019388,7.510201683544592e-10,16.708579866686676,1552,7.543295565340484,0
-13.128787372391319,0.03318477537709591,1.3209727110986052e-08,11.745577895129353,1555,55.06954981323818,1
-16.85294004382697,0.03935411122457775,4.674255300116181e-08,12.597794314066425,1552,63.92775514071574,1
-20.679056175387043,0.11808275844305316,0.0001369288432751009,7.66580739969108,1550,118.73174233091805,2
-17.521757002219967,0.024945702228396503,2.2278995368451737e-08,12.213474721113808,1555,56.47589913448445,1
-19.46993688780088,0.07630041642478037,0.0009690384125927735,7.7276505030492615,1552,117.55153056852303,2
-10.846497644206075,0.01324409402796135,2.396391102808641e-10,14.575767654288924,1552,7.69428134727382,0
-12.738884328846906,0.01716095697845619,7.840454406826534e-10,14.543730989469282,1555,24.106589574338262,0
-16.038759093365556,0.028058946548574288,9.307479071742135e-07,12.270982224027797,1552,66.23395794295496,1
-10.760814806958868,0.015681079883718956,2.2745806915919177e-11,14.31835258948817,1552,15.993843668127976,0
-10.389894283199855,0.014997052940805576,1.859691431974049e-11,15.631965933878348,1555,9.500204127890747,0
-10.08709030074331,0.00584204155124315,5.075233637907247e-10,14.902165319702931,1540,34.467674837713304,0
-10.431739627531286,0.00878602572413227,2.0588772849338543e-10,14.792825060942079,1540,23.871782794456003,0
-9.048127852105686,0.007882590998216733,1.491061427795382e-11,15.348011165349034,1552,14.594765851717842,0
-10.086742185885617,0.011829776150928926,2.4897095029062935e-10,15.551808674619569,1550,19.848599612230302,0
-13.780476931846813,0.014805480393576188,3.530793006056452e-10,17.255316526371374,1552,13.534495548813688,0
-21.9206268926145,0.08317403252814151,4.968158645067031e-05,6.528074813753633,1540,108.49718930739789,2
-19.643340097925726,0.08994132563191495,0.0001838579087203947,3.4948379834950405,1550,118.2840128352097,2
-16.018899277591096,0.025801358296371656,1.1862031735265994e-07,12.247021274836033,1555,43.56999006546336,1
-24.50143179884995,0.081617160965262,0.0008147384982039812,6.208653537955053,1540,97.54004993098309,2
-10.098936757321832,0.013458393815831034,3.329084854981963e-11,16.77981247737219,1540,19.434107116375316,0
-9.529543153710772,0.012468037707714787,4.826334496477014e-10,17.205408233080995,1540,20.904781170583938,0
-10.241146061585109,0.018593502791527078,3.0681059147684996e-10,16.131308149605577,1540,26.11245717348265,0
-10.615116238444857,0.012458612718209652,1.5416360550304042e-11,15.16288923048266,1552,19.164705601520957,0
-9.53765453023994,0.0061794006648463705,4.590178046807089e-11,14.993149918523384,1555,12.724467617486729,0
-18.044305471560808,0.07705225209041558,2.4534838201011562e-05,4.50128881044267,1550,118.55555472441954,2
-13.354202924242525,0.019310765408880836,1.6306068743545615e-10,14.914571222013851,1540,31.494969626028006,0
-9.20478001564296,0.012536041902201901,6.822719207514622e-10,16.827061127446523,1540,28.426591254595863,0
-21.536150063782905,0.05234393974764212,0.00010269458190646816,4.872662142100873,1550,119.97642351426548,2
-13.114145373640673,0.01261169549179613,2.2634694803859035e-10,14.9401488592153,1552,24.519808918751536,0
-11.663793277955815,0.008601270529049658,6.154542098413296e-10,16.170191449202584,1540,15.121760318805439,0
-14.708354885384262,0.02238414997563484,9.731088816267451e-08,9.802924882941234,1540,64.29425533910975,1
-13.981472879916915,0.04937699249891733,3.8962849235913303e-07,11.537684158134981,1550,52.81447881969225,1
-13.572940250408132,0.03206476991820943,4.378446816234843e-07,12.57376112301475,1540,70.16807463541403,1
-23.42713855753751,0.08249841215431883,3.451271062067431e-06,7.420014425699485,1555,80.24088161473625,2
-16.599436488467173,0.04511357375394989,1.9422333990462475e-07,9.987611645536079,1552,68.81297109305606,1
-14.874200966635668,0.04393113687427132,5.007334176960909e-08,10.367484933684645,1540,74.36153478185199,1
-9.480099954720796,0.012913455820352082,2.9634934503502784e-10,17.354003961772584,1552,21.848394911194962,0
-12.113431692968382,0.019044817309537353,2.2401655916504296e-10,14.464090725392676,1552,22.283491415992504,0
-21.420488478866545,0.0933262547297172,8.087547841381769e-06,7.833488083971607,1540,91.48432719376027,2
-11.625567282468907,0.010737894203660125,1.7364328930497374e-11,17.896658514512062,1550,39.73692257554313,0
-12.308662470027508,0.018921254604890747,2.8133983193578377e-11,15.488668095350054,1552,24.25321791603546,0
-12.240575828264967,0.015584229571764394,1.1043378764991651e-10,14.498589715971253,1540,14.86387511534152,0
-10.46678739125533,0.019109599987791707,4.556617302769612e-11,14.168801874325194,1555,10.675975449801582,0
-12.75642863706185,0.01425717479906045,2.5915192178443884e-10,14.668167631603799,1555,18.277550647284833,0
-13.48962537616951,0.014021160830054169,5.592984842144487e-10,14.47929903483707,1555,15.112795583015393,0
-9.586818284053301,0.007830606625120692,3.611958112344648e-11,16.801431319891087,1555,36.398859098340196,0
-13.314451471355005,0.013029651971788875,2.6940381661533565e-11,14.048483098575574,1550,27.025458210375767,0
-13.369722843196483,0.018128147066720383,1.0578449901486506e-10,15.617457719924591,1550,22.539189528887185,0
-15.504716025699311,0.02080441393453013,1.99449639783005e-08,9.167163145075417,1555,71.41780123408958,1
-12.96564062288856,0.010373285618646092,1.989751207397267e-11,16.03994031725399,1540,22.873904455651385,0
-15.537341094951701,0.039218646471730664,6.729799156335853e-08,9.49412915924334,1555,61.696405147132346,1
-11.403436536788483,0.007963338585177174,4.0770758835171385e-10,14.743107818794831,1540,18.494374754045985,0
-12.91937000825619,0.007751080229146095,7.299959123748686e-11,17.270261318178388,1540,36.38612924677106,0
-13.567066994698283,0.020725341312625108,5.8308306897909134e-08,10.631993979326367,1540,40.661484982426835,1
-15.385227724074408,0.030503004146335694,4.3881158095248046e-08,9.23484423985106,1555,66.08443428874912,1
-10.96642476808572,0.011361960069535791,2.970902992691537e-10,17.737468059076058,1550,36.87401693894996,0
-11.952941739043798,0.013280707712779703,7.451660468928752e-11,15.17786303816767,1555,39.10915428196045,0
-13.089684355590723,0.012692943190654867,4.893224734688604e-10,14.318420307970023,1555,35.22010522262846,0
-10.066665255625185,0.016549001539230293,5.187648089051718e-10,14.000740781181772,1555,24.790972812593786,0
-13.186119494873155,0.012337010475738607,3.869782762199854e-10,16.645441574645222,1552,23.809592850993244,0
-13.884446657661039,0.010595106498178412,1.9841594405346717e-11,16.233537910280887,1540,17.023606402440294,0
-20.511928097978902,0.0779295041669173,0.0002996795709493525,3.359665757406829,1540,99.17855778337312,2
-12.292464446579782,0.016693646732919044,1.4138931360075238e-10,17.941079952403605,1552,13.49502453795041,0
-13.882050879146849,0.030747249501109523,1.5777523866142425e-08,11.790381986460368,1550,56.05301775764896,1
-12.033692574503924,0.01425069061470164,5.267419095630933e-10,15.384787546721311,1550,16.63493422610278,0
-23.79227809519024,0.051973322084757544,1.6782263653014266e-05,5.913593510665111,1555,94.98535478411466,2
-18.25346499875144,0.060184395021991,0.0008384934024670563,3.4286148421464113,1552,109.32486100321077,2
-9.08655880204337,0.017903717164661968,2.3757311438385364e-10,17.754999553119333,1540,37.25017701585587,0
-10.331785798177759,0.017600282478810476,1.2301683697649112e-10,14.347131816259962,1555,33.75149384716668,0
-13.63726493506674,0.01509806369023714,4.4708064582174976e-10,15.219517429564828,1540,16.959915776959093,0
-10.080357057736,0.00986913197145417,2.76897182319994e-10,16.631155120144744,1555,30.501530487747193,0
-10.546886289593292,0.012701517456887301,2.0008431579508266e-10,17.55874965028666,1540,19.213849317589528,0
-16.223822413347488,0.024618829823132786,2.406832063421573e-07,12.800942150049625,1540,68.18314511092797,1
-15.854511082572053,0.04903400740229023,2.8044347663467183e-07,10.058938696038783,1555,77.87164689126482,1
-24.92375225856772,0.10550418277395797,1.6803312333661418e-05,6.3531704741742985,1552,96.08469542591828,2
-13.32164068459137,0.0317568176280774,6.393394134880526e-08,11.253866948908051,1540,76.44340526296195,1
-14.111042097901548,0.02887810903014624,3.087577893679203e-08,9.088329380329691,1552,53.06836859921531,1
-9.467639445177266,0.01436356993870988,1.7131527250892978e-11,17.7593284944539,1552,30.56921978832555,0
-11.387449094572059,0.005819516300014585,8.833978255911977e-10,14.904501324998687,1550,5.353171234115866,0
-13.000536666474755,0.030917587304134266,1.3276551786621186e-08,12.261615873877577,1550,79.41749537478641,1
-16.786528007721326,0.035523966609611796,4.860962354836997e-07,10.1813356740221,1555,70.517733366892,1
-20.346101453242962,0.08221286950552655,6.454296394874982e-06,7.159067460313744,1540,85.2901436862421,2
-20.82538528532814,0.11423859073765168,5.706172211325563e-05,6.562825389391877,1555,92.43026432814231,2
-13.510844601992902,0.02448792968442675,4.4869098013891683e-07,9.456514043525752,1550,62.11986330755686,1
-17.411617436773504,0.025275736439485774,3.543620346410093e-07,10.569286796345612,1540,48.4113117079486,1
-13.684058603627419,0.01397281249907793,1.5982793828309113e-10,14.258003034746247,1550,32.74940158457345,0
-10.127612903620083,0.005506837264223729,1.5357198261656108e-10,14.746931976389483,1555,15.160308049462012,0
-14.652649980407004,0.02977532272474783,1.4075286015593796e-07,9.462014503633485,1555,44.661784399945304,1
-15.769813361662354,0.026683224208046516,2.027061095479728e-07,11.427884309076985,1540,60.816350587303944,1
-15.71439712865978,0.022040008509427323,2.318228678787203e-07,8.233207254629056,1552,47.76947032026597,1
-13.926510769399922,0.02944351447438432,6.41172593667734e-08,9.211528418332106,1550,61.19383213357874,1
-20.95275062836164,0.05430412506777535,2.578332610851686e-05,3.6528666539331995,1555,81.47343268413213,2
-14.235349669975692,0.03273683714619671,4.7277539662969155e-07,12.388194357938875,1552,58.15413022740209,1
-13.708219724204517,0.04995834281112363,1.8166968721893013e-07,11.975703612557613,1540,41.74379687170378,1
-13.522280627176169,0.014883000003830329,1.9688948452205299e-10,14.13220877951776,1540,5.700410327007118,0
-21.76872007633956,0.09604302255183414,0.0002802318626810612,4.971040774253746,1555,100.48003426456638,2
-13.449631199094714,0.010750817954479977,4.724152715334515e-10,17.4611782368041,1552,22.840412635086288,0
-12.630425646850481,0.007998094619741655,2.908835941898746e-11,17.1917727570132,1555,5.299922378375924,0
-9.880991250397312,0.006547201413175416,7.692037968646442e-10,17.180291524724655,1555,22.484204545023132,0
-13.067049515634162,0.007823482996535683,2.3361315954103413e-11,14.228009550207736,1552,18.88067010352154,0
-11.688221995326687,0.011190049160053117,3.257527081598189e-11,14.040284539329132,1555,38.85246223828939,0
-16.795201688593597,0.04052212659246178,1.480868343356199e-08,9.223509225748293,1555,76.68182360617905,1
-10.660377632019577,0.006402019053566653,1.0368126474991479e-10,14.64894219256231,1552,32.38385330255607,0
-13.277560600773782,0.028187651825982103,2.184349676001321e-08,10.4199537516627,1552,51.87650031661726,1
-9.451281566436581,0.017776855079908123,1.2739394764947985e-11,14.417661477992471,1540,26.338866789652208,0
-13.659266756356716,0.023130051586072474,1.0066228796275718e-08,10.255730215568802,1540,76.33784822761606,1
-13.949231323616509,0.0204225923648861,6.489559217226389e-07,9.133236494165352,1552,61.12560229095015,1
-9.051217932953326,0.005450319982236078,7.745625696633511e-11,16.01847609843078,1555,39.20479763982566,0
-12.350125523548618,0.019432788642377002,6.352895362509886e-10,15.081532941242624,1552,27.355416378722687,0
-23.170451802721445,0.055463777060378264,1.081046507839414e-05,4.496183487435087,1555,82.68691347580035,2
-17.268120306659213,0.024193149832804836,1.468354337685177e-07,12.925048739147233,1540,64.03369703463656,1
-22.818734092906034,0.10511683187859366,1.413771742274335e-06,3.982716977679452,1552,89.4910511353501,2
-9.623183800496196,0.015567404546175272,8.085243941289682e-11,16.162443977298917,1540,11.809178939496896,0
-16.99373419547546,0.03771340064785929,2.1130075833473868e-08,12.92901961361794,1552,71.55908751409174,1
-14.113552585693633,0.03407377723680528,3.2354650296281004e-07,12.634551989392847,1540,79.80124900024143,1
-13.7655176610439,0.00903008723037961,1.1075656652280395e-11,15.99266074658357,1550,32.03114371074737,0
-16.78252370407409,0.0464952791184297,1.3246387966905012e-07,11.045874396898292,1555,41.47155666875323,1
-11.910003915398242,0.013483362248395806,1.9868322648518314e-10,15.400946457308308,1552,30.072406900593045,0
-13.805103396694347,0.015002710869584872,4.426441118454095e-11,17.591676747830665,1552,22.997036400326873,0
-13.700374223394594,0.012763991975807115,1.7736520119967163e-11,17.848783505111964,1555,37.604054248728204,0
-22.983691931506044,0.10535437660008053,3.0056070903504914e-06,4.260234298360352,1552,88.23357147981105,2
-13.967524920003717,0.006646744305056067,1.3997675473140917e-10,14.095106809207545,1552,27.87610333873293,0
-9.3449501455735,0.0108773594492525,1.2399410583991965e-10,16.12808671593701,1540,19.579803996880226,0
-16.287835958088117,0.04994593637863573,1.0162705184219346e-08,8.138148779042076,1555,47.225087046463095,1
-11.236464621407274,0.010948305229849447,1.834129757934626e-11,17.46118303563565,1555,28.70033443601858,0
-14.259729654559418,0.022746053524484174,3.307515378968468e-08,10.757451476756685,1555,48.225179021291254,1
-11.944363608703103,0.008514875984757902,1.0947197806719268e-11,17.517572227228783,1555,29.584187805317068,0
-14.56159729410049,0.03707391508137324,5.612536958814486e-08,11.270587420890054,1552,79.44394053920797,1
-13.954180975261119,0.037610130817750796,1.8613501913973368e-07,10.596246187924432,1540,49.62195392858348,1
-9.8841299220217,0.012837215607741776,1.7637836333524908e-11,17.437663173122356,1552,23.380718428347105,0
-13.584711353837164,0.0323049294512541,1.6930311672444162e-07,10.641166163574791,1552,46.50401633614794,1
-12.416578219915369,0.015159559389472114,3.7945948183995686e-11,16.308798985690245,1552,28.925734882765415,0
-20.026295791450266,0.11073822140267994,0.0008451939782472638,7.761757519795276,1550,110.53842706134728,2
-15.145111737509005,0.021169742141149854,3.1723305750250215e-07,12.74591942236384,1552,56.14694630496111,1
-11.766139205801966,0.005106447987423308,4.3530781289287387e-10,15.439299602546265,1555,19.477559765469458,0
-23.22710373032771,0.05248383836019883,0.00032215507354451636,7.482422468405859,1552,108.52307581515791,2
-9.713360882332235,0.006567094787239044,7.917565079344896e-11,15.14843644371028,1540,29.805500296671486,0
-16.768184240212804,0.03805420676896615,1.8264097751564554e-08,10.91266415243907,1555,58.228534606273136,1
-9.970359232923208,0.006983172842304495,2.6781146682582097e-10,15.741744515608142,1540,16.435937186707992,0
-22.303870305707694,0.09321111992005798,1.0001417430972903e-06,5.751762418357261,1555,86.91576579578668,2
-19.05432916290601,0.06918161836795339,0.0003492361331576599,5.134622709467597,1555,102.5406407682784,2
-14.029981303975537,0.04687792094241371,3.6782701524575816e-08,8.95180469002841,1540,49.66854928365272,1
-13.500125420909985,0.011888733379488007,4.649617447336329e-11,14.571467271687762,1552,5.720457300353086,0
-16.94677201182232,0.03636723040236336,2.2892662034913242e-08,9.736986808751695,1540,40.009626789716094,1
-15.181659774533507,0.03940818347241916,5.485724549261494e-07,11.879485411945922,1555,76.0271754808007,1
-10.353945257495734,0.012504357780172694,6.765678430246223e-11,14.676812206709007,1540,32.90971938795825,0
-23.103881612752996,0.09669477527762511,1.1528653465800628e-05,5.869274164511156,1540,86.21319869272752,2
-17.39292117344023,0.02312833273494639,6.20690175731241e-07,10.927350145114445,1555,47.75920848424022,1
-23.393239738959384,0.05993375178105413,1.1211036768147663e-05,7.644912075971034,1550,119.76409132842905,2
-18.139852336688786,0.06725443681033466,0.0006994551240418742,6.4436347444085955,1540,118.90477852891891,2
-14.663775856833801,0.028501930837117814,1.9062541105052404e-07,11.038117879419694,1555,54.06539893351395,1
-9.853074249288127,0.007855054626425714,6.830322089012765e-10,16.21423413064943,1555,31.676110551357564,0
-20.45953841603198,0.11754052195837097,4.5247116470836e-05,5.533789090118845,1552,114.46112521192154,2
-11.062924181036667,0.018336385973734402,7.510250346115212e-10,14.214513561485797,1550,22.263522357670656,0
-19.65705480551116,0.10108148499428765,0.000288690307998905,7.518649881068188,1552,95.32347652458067,2
-11.037585030492018,0.01753357557635973,1.22270547652676e-11,14.946532525880036,1540,38.87089841306801,0
-13.9236445426359,0.023847653363612525,5.445999513827243e-08,10.385888045556015,1555,42.482805468340445,1
-15.592823270211973,0.02133185794907981,4.315834992371522e-07,12.949460811199373,1552,54.250121715952055,1
-18.193765209370486,0.0927609659376632,1.5018091031977352e-05,5.559963750972897,1550,114.04106385206967,2
-20.561661364945444,0.10172800723673027,0.000566866981561359,7.419221520921714,1555,108.02128462367989,2
-18.700234361426666,0.07002784162595041,5.980711507588838e-06,7.60131298997477,1540,92.59888802202907,2
-11.44180708740493,0.005915107145080923,3.7641125239871083e-11,14.373085787112679,1552,34.64105285501335,0
-11.144534187827427,0.005134979859248837,3.2780966052444476e-11,15.62729058959386,1540,21.94645744129089,0
-13.143377277728126,0.015014025703748525,1.6553529025187935e-10,16.57420849194967,1555,7.2012417858370394,0
-12.225771382846709,0.014190265170119107,1.4816678095585147e-10,16.19046440261499,1540,19.962699629967815,0
-13.684870194399121,0.04608377308521214,8.737404366176798e-08,12.864628552044497,1550,54.93316769700121,1
-19.240011334483317,0.06783605771339445,1.914296343208093e-05,7.507218429246233,1555,107.66813671501384,2
-10.572173563855143,0.011454588423491941,2.5179636336237e-11,15.966378186965748,1552,27.803181338079263,0
-13.427809182415759,0.009581491491318064,3.651858215422381e-10,15.463677741654301,1552,23.697714347593656,0
-13.573504443644039,0.03445464006242593,2.4828224515659235e-07,8.26121831847982,1552,60.49138972200852,1
-23.912410601153223,0.09407622212894842,5.225544932363834e-05,5.789224125195562,1540,103.91285514351607,2
-10.731110385219218,0.010805750179023304,1.9699017535599037e-10,14.179073554753948,1550,31.133483767532294,0
-18.689424700060787,0.059475726435210166,0.0003090159793686665,4.35608666604988,1550,81.2260236282893,2
-17.039511773993237,0.027982632076068492,5.861787351496282e-08,11.116294878463997,1540,41.63495909942532,1
-15.66693188598937,0.03010149791840285,1.7310240554071933e-07,12.889235436640284,1550,47.27288645259592,1
-13.113792174997755,0.04590329400531001,4.426772152203534e-08,10.318902986804614,1552,56.71670739325752,1
-10.813842101052565,0.019708652002699823,6.40807557826787e-10,16.586659676468653,1552,39.568380279882646,0
-20.32006232106523,0.07157805926533778,4.2496887683427875e-06,4.940245154744119,1555,115.71753670482241,2
-11.600514592039634,0.015289516039744763,1.0833270326062998e-11,15.292522628281114,1540,35.37714030820077,0
-16.26998793513862,0.033536162246371896,3.141361894556688e-07,12.51110143270187,1552,42.201918519768576,1
-13.896209839380179,0.016413289665072644,1.2175287133993025e-11,17.458609418410983,1550,7.724978186306936,0
-24.123173024136428,0.06714919307835583,2.516793924371946e-06,3.545606157876449,1540,92.4958913546878,2
-18.31867406834066,0.05504151342560406,1.6801014914343578e-05,6.240143969700827,1540,112.79507647304312,2
-14.436409985207252,0.04645962772298389,5.52520303092764e-08,8.376774481144459,1555,61.07852263301966,1
-15.710931749576876,0.03127384706864172,1.4299339983215646e-07,10.193293422035518,1540,75.69440901100567,1
-13.08210186322427,0.008791487899267461,6.505385746097422e-11,15.532657874236502,1550,38.02436009772933,0
-16.958288660394945,0.038229391497844156,3.29548721327173e-07,10.148706020616373,1552,45.98358811653447,1
-12.871052239246854,0.014249329672479126,1.2041142728093031e-11,15.304681016513014,1555,13.838563637275557,0
-21.913172280875138,0.05722933158723303,6.051729950175783e-06,3.2416606989449557,1550,103.05372051926395,2
-12.642264762943789,0.011036699561505034,1.6050793407612312e-11,14.756158098910127,1540,6.639816798466109,0
-13.804135947448515,0.04277487443490144,1.5759680484999773e-07,12.805622009258586,1555,73.71670333843818,1
-21.02030177618376,0.05181104741248417,4.496513872765929e-06,5.192345676474641,1540,97.56917908676753,2
-15.061157686969551,0.03529309020497147,1.1125310131028882e-07,9.0763438701643,1540,48.271262372964806,1
-23.048874652830072,0.08266241383607598,4.7526830784676424e-05,7.428296718171656,1540,114.15289498184906,2
-12.598327696042396,0.015311095462043563,1.119429884002086e-11,15.224549363518372,1555,8.884933457696018,0
-15.693647334238642,0.03417591905932703,4.804337822755003e-08,12.773330505625836,1552,44.490910333156386,1
-13.589727978606158,0.021648736239501993,7.619267873852392e-07,10.803735389368825,1540,50.5493674778013,1
-12.719894134692435,0.014762419257339919,1.70823399585847e-11,16.14564153232012,1540,21.052746432837658,0
-18.63045886440749,0.1059979391918402,1.7944907446144404e-05,7.775321986269535,1552,111.28392588350405,2
-10.495671504372858,0.017833266851538087,6.864078192977356e-11,15.237651179481777,1555,27.696259491508297,0
-11.578277868542457,0.005200515248890935,6.599005234957521e-11,16.591096931801367,1550,36.562090999118,0
-10.326203555753107,0.009822995132575112,1.1730092034967426e-11,14.508899547748044,1540,29.583955237820952,0
-16.40718450937005,0.043172231663697255,8.769082188613351e-07,12.717136831251416,1550,44.92985344718047,1
-11.911195103624502,0.019761654785547467,2.1669056282675276e-10,16.538685093015765,1555,39.89773549785816,0
-20.00781865899802,0.08669454032633891,4.658802937582893e-06,7.231141615577055,1555,84.2848314035153,2
-10.375094150379738,0.013082195135594287,1.3220803553209979e-11,16.759998949235772,1550,10.155606549763963,0
-12.535935666314156,0.010626491079775249,1.0420380128350335e-10,15.27617571949123,1550,38.37962692720978,0
-11.834598981989345,0.007880629903385061,6.439478308879455e-10,14.79241677696435,1550,21.825931934340293,0
-22.00707369915512,0.0587590450864508,0.0005496850069988586,6.696788025360277,1555,92.16181078543231,2
-12.233238859869736,0.013754841677763082,1.4304387745680666e-11,17.897579230664665,1555,20.863429639009084,0
-11.266925301681646,0.011540704611778686,3.142999779157858e-10,17.31169981818125,1550,9.636413390624917,0
-12.974990949733813,0.010688428774457005,7.126870167393538e-10,16.88638620300511,1555,34.46400718653952,0
-14.792764186226451,0.02557856294002414,4.031077411178664e-08,10.430225372416146,1540,47.47638139308309,1
-13.528810851822358,0.02933135959253917,4.19750139800989e-08,9.140444323849696,1555,62.275625530923776,1
-18.88978505027779,0.08675372454610966,4.335989547444264e-05,4.404434683048315,1555,112.73492215479578,2
-16.017622856383063,0.024610284455046857,5.309328689641401e-07,8.989866277674839,1555,43.33210332447186,1
-10.580667740823284,0.012973582290300968,1.1622996889216163e-11,15.902384767288034,1555,13.742025685628192,0
-19.71116591911048,0.09721526451363663,2.5000307249771626e-05,6.0270006687526205,1552,99.36212476608829,2
-12.735725106187207,0.012761019347374492,1.0713278540230417e-11,15.058185144904167,1550,29.921027496905797,0
-12.638797287469776,0.010762411369301937,4.697545334540973e-10,14.59453286231154,1540,34.415496269110704,0
-13.621974796916247,0.01048521122392057,2.8233358063177637e-11,14.78333233653708,1550,36.36262891281007,0
-9.682267341642856,0.015110876791305437,2.6870511016244384e-11,16.550811404167714,1555,15.132425279190187,0
-15.501839961251289,0.03977942583136439,8.549022664120208e-08,11.430895592196217,1555,59.743097546887284,1
-9.713845313151044,0.016469764255773102,1.9651252141265104e-11,16.761291387602917,1552,34.86652257955757,0
-9.48451246475345,0.017963459033923355,8.495041970463723e-11,16.97747281721596,1550,20.00326885363197,0
-12.659304899522432,0.0073457270660517195,5.083692190165404e-10,14.186002345760262,1550,36.72531086705438,0
-21.427070431146838,0.07527738356143504,0.00014211512613608558,5.998182409316572,1540,106.55600368465164,2
-13.39818211895007,0.0060140712420857475,2.80581076763063e-10,17.715231842751543,1540,29.694694907739187,0
-14.775723466514368,0.038491097934037474,2.9325079418896744e-08,10.711969821341997,1555,58.729056163705295,1
-13.981487965837916,0.007438418088971227,5.0008704299273046e-11,15.262884519081954,1550,5.984252719727332,0
-19.443534613690666,0.08275518525577766,0.00025852509350750454,6.062752045994024,1555,90.35859331600815,2
-18.183815096973216,0.10200912519781691,6.541116016847161e-05,7.608996145066665,1550,114.86985508770229,2
-13.273366537897479,0.01258545115672061,1.3307082025894523e-11,14.284622715511638,1552,23.21572914578501,0
-17.638629149794,0.04233922389035619,3.2805804851554883e-07,12.989181981457808,1540,43.59942225398483,1
-9.721519530812303,0.01282168533565384,1.340546300814543e-11,17.32549405754284,1552,22.093112014402855,0
-21.447833222842004,0.05277169002593545,0.0005179757217932564,7.092751255972206,1550,88.93455523545346,2
-24.66207805507547,0.06302910462758692,7.734451013960844e-06,3.6811519391893004,1552,94.33702969520596,2
-11.202972871363215,0.017427322008428614,2.6649679581727647e-10,16.786780445746995,1552,18.830435411530676,0
-21.77931219431557,0.08039984627541061,0.00011960874099632564,5.261313812618042,1555,105.30143674617176,2
-16.80803778905495,0.020125914824916956,2.3773739864888552e-08,8.020302931434378,1540,72.37914336488673,1
-21.772308717561227,0.08227722296403643,0.00027057296728885243,7.122879351647223,1540,97.88395981951182,2
-11.717327147585449,0.008276606558252504,6.808005465661983e-11,17.533121035675475,1555,33.26040543074219,0
-9.947817071921873,0.01061458990109487,2.901538680450289e-11,16.939402081998406,1552,28.380680837939597,0
-9.82348752205381,0.009811700974576038,2.360679457281307e-11,14.163100566219056,1555,16.408561682065965,0
-13.353257376545042,0.030081089924827956,1.3621248718700423e-08,10.108098489610926,1555,78.19631635740014,1
-10.684764040982888,0.016128444904380725,4.975660710032428e-10,15.690516788054437,1550,36.36142798800267,0
-16.952927052023572,0.036718326899450315,2.3377862725281037e-07,8.688351321305033,1555,75.68102276119893,1
-17.549429396252496,0.04825184209851423,1.8884822906664202e-07,12.271083708568385,1552,46.082389111121294,1
-9.212094924580914,0.010985529764636522,4.781929987851796e-10,14.754162422997005,1555,12.513375239038787,0
-9.248464931319095,0.009499077346970954,1.0922845105214279e-11,15.727957485853764,1540,6.169825035242631,0
-16.71210608751,0.03000371061594942,7.63901553139331e-08,10.645950493732835,1540,53.210695532916645,1
-21.16337968034872,0.056721220819849434,4.69741554882436e-05,3.3338806910624164,1555,91.71223994780411,2
-12.220726203703943,0.006258793037321441,4.644352633863216e-11,16.710163782014135,1552,6.980497965135047,0
-11.328764446398084,0.0176289601171888,1.4683988319400474e-10,14.246226710399997,1555,30.214562418232003,0
-9.513071412681427,0.008842872716590323,2.7624989348710532e-11,14.552501172560989,1540,12.330951932832887,0
-16.929999752819427,0.04149469589997727,2.8524704711370093e-08,12.936569911053304,1555,72.55935898293234,1
-13.708601385720225,0.02597132917461057,5.640599282446492e-07,9.045930650404213,1540,71.66931571998612,1
-22.193957743595337,0.10829299391097263,0.00010351341805716814,3.8797081623913106,1555,81.01636953518313,2
-12.612385975488037,0.019001196905351823,2.7994269979286694e-10,16.308746704893235,1540,7.952981375347676,0
-24.68935394707108,0.1008427498693778,0.0004942945653631219,6.167565642267965,1552,102.09479286436508,2
-12.760337750970963,0.018916872190629732,7.31590118358597e-10,16.88234567748255,1555,9.785739095523233,0
-10.020434287899217,0.012126184700753658,3.860078648084759e-10,15.43953039101822,1555,19.17187849944454,0
-11.707407189064924,0.01346885958400195,2.118626535441744e-10,16.71626641798255,1540,5.66308911810241,0
-12.94646667462547,0.00841300815404695,3.6241224693370905e-11,14.509632286781716,1550,32.13661754600706,0
-15.055875533758535,0.025783713074573174,1.8411855517219718e-08,10.027626107289718,1555,52.66692019828865,1
-13.346303018187937,0.03735535377228336,2.279941135113442e-08,11.318475694561913,1550,60.195126480893364,1
-16.28366421463798,0.040613675610794174,9.935107594970691e-08,8.953379733773957,1540,70.0652317426907,1
-14.948461092299521,0.04987719921159027,1.5527495157110508e-07,11.929358127965529,1552,65.982129976248,1
-17.978234042528676,0.03665714689717996,7.338311006674634e-07,9.672888445564315,1550,53.683071838842835,1
-21.652445195818174,0.09465109831514334,0.00011488882855461922,3.292396318079557,1555,98.31430094952502,2
-18.89831763511341,0.07115191073508387,0.00017879877103280854,7.2555172298257276,1555,81.13884903507285,2
-18.15800141642271,0.10785104599923387,0.00015340765713071238,3.94487600685396,1552,112.841249211897,2
-15.304549274888762,0.025957489346782502,1.199626047478567e-07,8.914988583010494,1540,47.24448198066959,1
-13.107018330435084,0.02350117763607403,7.301540794732303e-08,8.31133821092861,1552,43.12485723158977,1
-11.389367532839115,0.011023126070079237,3.990042460121458e-11,17.213053602508513,1550,20.97140733378395,0
-18.54321051195319,0.08475226149152887,0.0001587951407267287,7.855518719945796,1550,94.80109456254205,2
-10.789448824872395,0.009472255344148334,1.7903110443068965e-11,17.370218005860725,1540,34.76503206876248,0
-21.86948282074514,0.07665166419162721,2.301549653656233e-06,7.95178378862812,1552,112.8622280183197,2
-17.84271402376987,0.04086426812567233,7.531089070013654e-08,10.761075340273148,1555,65.98104514997476,1
-13.716476743149766,0.013457050866674664,2.6379310787865965e-11,17.795383353868246,1540,36.89396531420009,0
-13.516617751766402,0.011755564043872777,3.2533190616906316e-10,15.39028609695593,1555,39.34327310205064,0
-10.396677727460688,0.013322101374109219,7.010563653947116e-11,16.26300625689833,1552,38.753623983004104,0
-15.076958202224208,0.049660266294373825,1.599468123620733e-07,11.928088770093218,1540,65.14980903312284,1
-14.980763174093642,0.03312149727478969,4.427832265026747e-07,12.619136031823263,1552,64.56174427890254,1
-16.427487622228586,0.023582096967576214,4.171616961527792e-08,10.17147991058601,1550,63.59011418128422,1
-16.850656828133154,0.028721037820796578,6.919950912805586e-07,12.555250753568856,1540,43.52618577009196,1
-21.30759534843265,0.08865928168062884,1.8550035508314784e-06,6.305675734591748,1550,113.61164205356457,2
-13.273209327717337,0.024313555190485767,6.397732511699471e-07,8.417911110001778,1550,71.5672260975726,1
-24.391941162096273,0.1159250009256697,0.0009992477670650597,7.432164047901461,1552,106.46808370568823,2
-12.135756814055327,0.012689228078087077,6.699807880082316e-11,14.276531144746478,1540,13.653087604111196,0
-14.43669387176627,0.047533868783320395,2.1553218049827633e-07,10.357912980471163,1540,45.849290085128345,1
-9.674687350078198,0.012499658974436278,1.9134093303315654e-11,14.871617879261539,1540,14.021432546983839,0
-21.330887712258892,0.09171631130305768,1.2231225446819821e-05,6.319368887861232,1555,109.18284387428301,2
-9.881163021004385,0.00594710439391087,3.577510909616212e-10,17.286591731847086,1555,31.62979658257736,0
-13.947863154675908,0.028999276453048915,1.7922710510183665e-08,8.56667042723853,1555,75.29078066278005,1
-9.162443681931112,0.007781883120149815,8.398361828888361e-11,14.004927340665704,1552,9.381502727089266,0
-15.538717968105278,0.04695336602432549,2.4038109613145027e-08,12.912962360052939,1552,77.80316791231328,1
-12.271715322290703,0.01614941712836115,7.52009456843584e-11,17.271153722357678,1552,28.301783409287857,0
-24.1598459040756,0.11504196155430205,6.670943167334978e-06,5.660931464143311,1552,109.29800463469225,2
-9.909866254306536,0.008792204091338008,3.490415714586745e-11,14.501425903169542,1555,36.56790688622025,0
-15.077662909708124,0.04707567617048879,4.552647856542633e-07,11.583882274171131,1550,58.66371493742478,1
-11.282577857084927,0.006091043926657947,3.804194798774406e-10,14.871123207070275,1552,14.924180381837667,0
-17.959405964815026,0.03329772024078004,5.470909273812849e-08,11.348993638873077,1555,79.81133612566921,1
-15.996257761762111,0.02535658577854749,1.0060724738471331e-08,12.265759049845038,1540,71.23897602872209,1
-14.227353305866291,0.025216765251942348,1.3499093621500102e-07,12.560999502481007,1550,70.43230165724309,1
-10.18018401837191,0.005076182194635908,6.847267352245944e-10,14.789795268364527,1552,28.416873036093175,0
-17.748185005033022,0.039600197732564325,5.044902634072662e-07,12.712289192666482,1540,63.2744140273865,1
-9.749336326574817,0.009337255016812264,8.026388125411861e-10,14.199440585596657,1540,18.19526991855606,0
-9.14470877417316,0.01916399733670151,8.880316269660884e-11,17.448170603957255,1552,20.93002897626546,0
-21.300658192976222,0.07241578461337425,9.417099799916218e-05,7.4858745083534,1552,83.22243197619915,2
-13.390520987116787,0.04578702766433342,8.659780516315787e-07,11.252395326390854,1555,76.7596553638646,1
-23.63425936029021,0.07198148754083733,2.2752784789348797e-05,7.253996891598069,1550,104.29756309129182,2
-13.401982902892817,0.04744795705310889,9.514113513982229e-07,12.370282815694894,1555,62.683198822941236,1
-9.389040359743579,0.00712991389028127,4.0596045225346396e-11,14.556987378376437,1550,19.272231204215693,0
-16.425995869329817,0.029602793272266545,2.5163454756205545e-07,8.568715097068623,1540,42.04638056785085,1
-17.335238646170165,0.02419130571947475,1.2332496463634853e-08,10.706644296349019,1550,51.79613012385702,1
-17.106399353970513,0.02247039487237359,5.795115499442295e-07,12.576389894564173,1555,71.77709888734988,1
-10.101206126059846,0.006713568888805952,1.3537960416471638e-10,17.94146924896694,1552,32.99493395815603,0
-13.792513372450468,0.009831013027935945,1.3167075404539035e-10,17.431739655989315,1555,30.85602283655756,0
-13.972132735926234,0.049732644653648475,1.8599951972455282e-08,12.825762762165192,1540,61.25869983829652,1
-9.65547507760641,0.013559146199582445,1.1502020025668817e-11,17.723794782027912,1550,37.15372289477265,0
-19.375644060554794,0.05855044455234208,0.0003239313631508591,4.936395435797301,1550,81.61736382060629,2
-12.517551093583425,0.018773119994341628,1.6653169047880835e-11,17.038329640458528,1540,21.49087646264851,0
-17.864193492731733,0.041303122837784936,5.883820164340199e-07,10.569523562748364,1540,60.15248363105549,1
-11.973373196765234,0.009037423564874438,2.4961071696685945e-11,17.133548879983355,1555,33.882397994087086,0
-13.908095051123789,0.015344577794883591,4.006670159382484e-11,16.503935655671814,1555,25.03427040887178,0
-10.454768691387837,0.006603153846421158,1.363403608980697e-10,15.026251134805456,1555,19.858459881872665,0
-10.270373955931628,0.019729537856692177,2.628354798320474e-11,17.30052267066446,1552,20.40696492844217,0
-10.665322912213915,0.00900716104805974,6.627198680867197e-10,15.74268826448916,1552,33.98650542632085,0
-17.23457590579296,0.049204066894842184,5.353758407985674e-08,11.141202129711314,1555,63.036418696695854,1
-12.863245084850064,0.011353952936307244,3.765817184803588e-11,16.45980105261062,1550,25.518044120587902,0
-19.39297971655085,0.08077306754676378,0.0001251957021058673,3.873161017480097,1550,87.46485966267306,2
-13.465096805865208,0.01641541853753042,1.209297506411291e-10,17.85196801543598,1552,18.725292400581882,0
-13.048369527365672,0.04214125415042619,4.5153464984492964e-08,12.136024000433675,1552,54.88115557480925,1
-15.136252245642494,0.024665496437156778,2.5858091892854013e-08,10.341279544103218,1552,42.34028605797746,1
-13.327408907978176,0.041418262394802625,1.1846428801027276e-08,9.88942820386362,1555,40.88533102232472,1
-12.09449743194093,0.015792053469700716,4.702520280027476e-11,15.161134709259041,1555,14.725341505036296,0
-13.365635859684534,0.013887402187646076,9.225419445945769e-11,16.490301591331125,1552,38.96534921094341,0
-9.396542996106902,0.010175252598868492,1.2866647821140632e-11,14.816968425473716,1540,35.17266499018089,0
-14.096133825564053,0.030913581547971712,2.9655689708657976e-07,10.564894209571708,1555,63.555300208118425,1
-22.193957328365514,0.07358149815972105,8.166998458286329e-05,5.678325539667013,1552,91.17892815827643,2
-11.964131307005623,0.008484100471857511,1.1738212133509817e-10,14.79531412114592,1550,8.040201779516398,0
-18.408583563499846,0.10644302823931509,1.1594520902170606e-05,7.060226192757796,1550,89.40572170824879,2
-10.746378078330999,0.018002322285327336,6.136858573862805e-10,17.679170287117746,1550,12.737504348489715,0
-9.425789250741726,0.010031102202445203,8.026533618961624e-10,16.132221160378844,1552,27.298006109915043,0
-14.422151822634639,0.023307334600416996,3.4519706741149765e-08,12.792593040907132,1555,47.36916521087936,1
-15.614666252163637,0.04599245388574473,1.1056396027674979e-08,11.397770595536445,1555,68.11386828707397,1
-14.91557108369592,0.03527006550610215,9.62045363882427e-07,12.91607993326873,1540,59.66850293960288,1
-19.5455528181224,0.08800076979847495,5.989082737941713e-06,4.773775855648789,1540,103.39739950178503,2
-11.965953543215754,0.017719575399688856,5.4364586876192335e-11,16.364381522142455,1550,6.520968620540971,0
-13.061387971538739,0.00632577420476778,2.4997562159199406e-10,15.473388855177404,1555,12.603081025855378,0
-14.157018027548624,0.031311090745527584,6.581941679977928e-07,11.94703976169695,1540,65.54100184766659,1
-13.898598425527096,0.01219123697940653,1.0651425430001104e-10,14.961050337995726,1540,6.411555636802955,0
-12.929964434130628,0.012132897824392901,4.3286295412881594e-11,15.066813722548858,1552,9.541678172369252,0
-24.977027475349974,0.0584149946319282,4.372874288549126e-05,7.779264372336457,1540,106.37165891152856,2
-17.21663932826241,0.04126196997694595,1.1986953814789486e-07,12.272928844047405,1552,40.94820971598995,1
-11.945335475186209,0.014438287895124382,2.5039510947252545e-10,16.844487268061144,1552,26.846722551369464,0
-15.666896243305766,0.027710169304228316,5.016744268841025e-07,9.777717531283727,1540,79.08750956529673,1
-19.49647238550177,0.11419361144282657,0.00011219572198239239,4.213662762248856,1552,84.68225835858347,2
-17.472752828818212,0.03545254828152904,3.502284068349517e-07,11.188903261592488,1552,68.38270865592244,1
-13.095627377873319,0.016021427170330164,3.1936543583181276e-11,15.96324120507217,1540,32.112841692755616,0
-17.010726751611678,0.03626125953661847,1.597129176655215e-07,11.042858621530083,1552,40.524667030939376,1
-14.799342923045389,0.028153060930213927,6.349433389032012e-08,8.186593317875323,1540,70.967619668573,1
-19.41664939720826,0.06460153240087906,2.985601764427805e-05,7.282412249390765,1552,96.46644420679945,2
-17.582653524090215,0.028721145677131465,1.2230760715781988e-07,9.378176850080973,1555,70.03321454745338,1
-10.916081960737294,0.016143222405019083,2.991126542776656e-10,16.085796096667522,1552,31.97598858169431,0
-22.772065792595598,0.05988301892058028,1.369028048357374e-05,6.364001390922395,1540,119.87643557191092,2
-11.442319028826041,0.019153478257354653,1.2127206917528375e-11,16.012273290528114,1540,32.93955487912069,0
-9.932827588378679,0.018863814119046737,8.343334577806829e-11,15.995884467655063,1540,8.620194020116918,0
-9.516948685129897,0.013639976267084901,6.835829566223192e-10,14.02120002559042,1550,14.026598946572895,0
-9.45412367973207,0.00970817114772541,2.410524919451229e-10,15.086532725097479,1540,30.53991672740978,0
-12.841641493082783,0.019140976612026885,1.992018181485834e-10,16.430947179515435,1540,9.211856671224858,0
-13.47316233023597,0.005533563005533225,1.0402999530681524e-10,15.550380925931078,1552,15.378745345067934,0
-9.917002802642115,0.011587023628553277,5.673993825415953e-11,15.850719142678425,1550,23.89233716701216,0
-12.737157204311565,0.015034305651024118,3.119011666341592e-10,17.663710984415125,1540,31.399881656232562,0
-16.62987652980757,0.047622138070791686,1.423898483521769e-08,11.04780410952405,1550,63.286527843934806,1
-19.06897831515756,0.11384444458586344,2.6697048838151295e-06,4.056579794834224,1555,97.80848488263435,2
-22.83714662476493,0.07733166907526931,8.40982435585942e-06,6.623105193293654,1555,97.53829122165655,2
-19.499305715676034,0.08153045793730386,6.1089108957114665e-06,3.138015887865074,1540,105.70603332322273,2
-20.624624989207433,0.07036019817600517,1.5697234785021025e-06,3.4091196142298417,1540,100.76396967048734,2
-19.638048928136076,0.10708264081848401,1.2395139879803277e-06,3.0486693619831655,1540,118.81611202731628,2
-14.78933102352942,0.03243950533385612,6.407604544546837e-07,9.813775806005882,1555,49.91502289295803,1
-9.665294785847438,0.016201149616972395,5.194348652188146e-10,15.979931178849844,1552,11.462793606279417,0
-16.916578780054987,0.04481560142735966,2.1936134568266195e-07,12.471949268492454,1540,52.75509136824726,1
-18.835635388174843,0.10101330208326685,2.053582619307365e-06,7.157681432546768,1555,108.53525639542994,2
-13.716968600843156,0.04531604901552792,1.5752248403094215e-08,12.967100547912839,1540,47.45621656272444,1
-17.053954973471118,0.03850703387119212,3.620413341272461e-07,10.83382281926188,1555,62.308190476266844,1
-9.564403413881507,0.011297730465294763,9.858050463865345e-11,17.667768192803663,1540,10.60789603417772,0
-20.467933295527,0.08922633861174525,3.310912664385907e-05,6.250565137707327,1552,112.44733677935145,2
-19.295116448650212,0.11410347049267822,1.6551670332234725e-05,3.641044759941554,1540,106.00689254290043,2
-24.03074782751227,0.0796760159457877,0.0002194173708794483,3.1609507492498414,1540,106.86424764405886,2
-14.471561767738088,0.024559000605264822,6.123297247909577e-08,8.281349721073553,1540,50.108314388364995,1
-14.80199125743442,0.03367118853260893,8.233011130144292e-08,8.081529508932524,1550,41.963549997959625,1
-18.08589311285491,0.09149684457460498,3.031529703747232e-06,3.9500464741562613,1540,87.70065666747027,2
-23.22959783851564,0.10195253268066096,1.4584074235892821e-06,6.156228603808096,1552,112.72109293011113,2
-9.854178896467428,0.013536222037486216,1.339749671349461e-11,14.147287470543965,1552,14.569247517574718,0
-16.145829577030053,0.04237403146298033,2.2156991341391946e-08,11.02926484191948,1555,56.76220202356357,1
-21.322115503321957,0.11696094025077095,2.7745204873501887e-05,6.384789687827563,1540,84.88113908260033,2
-15.05655512831992,0.04335186843059635,1.5369376181623638e-08,8.86328700548795,1555,64.63728028346675,1
-20.84824849621426,0.08769757381371966,0.0009889051532267186,5.736985738169468,1550,82.9063474862443,2
-12.252468139565906,0.006711436773319,2.006751782769032e-11,14.90126771980494,1550,8.109408578064754,0
-17.1146453904203,0.0368156655468527,9.176067133662671e-07,10.591575576012612,1550,76.92343276957718,1
-16.180863532183114,0.02301288669892664,4.979864359264986e-07,9.616600518743205,1550,68.56010834094046,1
-12.788533353997668,0.018867414241610793,1.1053159869811179e-10,14.053637815488493,1552,26.811034858626552,0
-16.516443457356576,0.04525925076218814,1.0488839615853587e-08,11.182353542750485,1555,71.83892974209205,1
-10.919538394250033,0.010628696128910755,9.297940944185917e-10,14.121356987273273,1555,14.989185160599455,0
-15.31640686296891,0.02072201115072816,3.215439468358854e-08,9.55348328969586,1552,75.57160088287822,1
-14.846957641746954,0.04802466031379019,3.2683853172443726e-07,8.517175833243812,1550,55.1342169625075,1
-12.764483829949267,0.007393170201697825,5.540731858800139e-10,14.876855949432176,1552,21.456390744383278,0
-13.35173561104722,0.02023862543835622,6.978739238687733e-07,8.271934830007861,1552,55.21151558011408,1
-23.599925873896456,0.0822050395938714,6.2498505626134425e-06,5.257641074395434,1552,95.12820534766016,2
-9.516057950469941,0.012109424603943085,2.1632936577760148e-10,14.68927948480652,1550,12.83471730672122,0
-24.346270157006586,0.07375219177407051,7.457414835446955e-05,4.239725718770406,1550,86.96806034705932,2
-11.666089613844061,0.005516918891375,8.693916279129589e-10,17.79644857235776,1550,39.334558235693976,0
-14.075658440030558,0.0492881480131112,3.0177490099626933e-08,12.31170805981938,1550,43.185479884533365,1
-16.54851258477983,0.04484164918907819,2.2078814100004853e-07,12.853640819928973,1555,43.92093762331727,1
-18.30355490565671,0.05176781931838092,9.955335306673288e-06,4.300462172674477,1552,117.10704636744549,2
-13.178565783637954,0.016747421463855456,1.7579063055095716e-11,16.539626636612653,1552,16.419875304913127,0
-10.906948554530306,0.01352828383406918,1.3132703636594344e-11,16.531210442646028,1552,18.860033823496533,0
-14.234711950425453,0.04179578580829769,6.686595373203672e-07,11.652660105026811,1550,54.12324629603464,1
-22.64905092336997,0.05314251800620945,0.00011930212669637178,7.094535567687299,1540,100.14710293684249,2
-9.765155728964697,0.018396353077931225,1.3332610360552595e-11,17.533859051944244,1552,6.077651738115675,0
-13.750789861085293,0.01855869995390562,6.588406454965805e-10,17.120852253720408,1555,31.79295146468884,0
-14.049866191788578,0.033161346466514016,7.308870090281557e-08,10.783947384594233,1552,67.35300417432079,1
-12.869504031866539,0.017700829855951,4.141264744778228e-11,17.96757393257058,1555,7.392193000686815,0
-16.24272615357141,0.03933736687642607,1.8829162332536815e-08,8.327406909151096,1555,79.0315734537646,1
-21.520609096048524,0.0850304797511604,0.00012262091084951036,7.772715173860069,1552,102.20812355657159,2
-13.359120304668824,0.035001869797706246,5.998906434602688e-07,10.270326281660061,1555,65.63792762649445,1
-20.88827367880651,0.11302379747120064,2.627361151348155e-05,7.286950847935907,1552,100.98160090815843,2
-13.644148340195137,0.02816742609111414,1.451240840354941e-08,11.28411153257105,1540,77.53514948336243,1
-15.349876815875248,0.023924912857206573,1.8797672353351304e-08,11.863782193280338,1555,58.28101121923758,1
-14.771175246535316,0.026287354458150135,6.834089629837284e-08,12.31208770134884,1540,51.3824335904641,1
-24.114044833302138,0.09702893802631271,1.0252920391369464e-06,3.54868723606225,1555,91.08242901671001,2
-12.234485555308053,0.01699675046668675,1.286394129749819e-10,17.303729234200066,1550,21.314070243047112,0
-13.632183228921171,0.005801519035865258,7.500680642045838e-10,16.119502502072823,1552,24.443377382195187,0
-10.615893505713021,0.017427039491736757,3.883638454640062e-11,14.05726111066824,1540,16.96238416578666,0
-22.222802090982434,0.08923604927819076,1.6077229261494394e-05,4.203574846416208,1552,90.2585116722494,2
-11.508819997503636,0.011100111049978746,8.05452701268675e-10,16.090158866928213,1555,14.083962411163162,0
-22.107315489719706,0.09087000992958064,2.2365397541658377e-06,6.0739217941751775,1550,99.91754254048533,2
-16.191675487319525,0.02546202534722869,8.350752890895222e-07,11.575159207791431,1540,55.186160634746926,1
-15.192320484493315,0.02000998903655324,1.6923541923256373e-08,9.875975958839394,1550,64.41902045414714,1
-11.029318042612243,0.015789509135376703,1.7278019702929708e-10,14.326719059465416,1550,13.603650545790112,0
-12.168568068967389,0.005794039033532274,3.234931430707449e-10,17.82070064191253,1540,25.77770047875763,0
-24.903291664696262,0.11286138188494348,1.734128735868764e-05,4.1524875878320655,1552,96.67627860893907,2
-17.937951424699204,0.025169837070221752,4.369571833994437e-07,9.676083424130042,1540,73.7553986266253,1
-17.391240011761607,0.03783421564737857,4.895289138517777e-08,8.174529295365547,1552,62.87386399145278,1
-17.721806703356485,0.023718175827933185,9.963754242702073e-08,9.68482393923415,1555,58.42109324545505,1
-21.077664626844903,0.06269040130320129,8.303514558866362e-05,3.3810948419429034,1550,88.91063505667799,2
-10.516555060634015,0.015879895861038173,4.707140428268386e-10,17.8977572425539,1550,5.757594647144425,0
-19.104291705412876,0.08842740365071278,0.00034183729866346744,7.780223436890206,1540,98.42822107685487,2
-13.702202336732674,0.04827938439438993,1.2210677876222852e-07,8.753291159944592,1555,66.45907075425148,1
-23.335481052219002,0.056771306524679224,0.00025363115985934943,5.699107015858429,1552,113.97646351797277,2
-13.344344122155753,0.03084353254323625,6.221050471104627e-08,8.870546237666176,1552,55.025949419720035,1
-15.193730896027494,0.023773909773138376,7.942414477123157e-07,12.299114407700806,1550,46.214814237473284,1
-17.122943541722943,0.024232933892867757,1.7856484169170757e-08,10.263933183476713,1552,54.24993012350335,1
-11.748587580842372,0.012966642445062914,3.100525677731313e-10,17.303763676447673,1552,33.289387392569736,0
-21.744266916019217,0.07068622077136698,2.361620376679377e-06,5.468259139556919,1555,103.6994232381115,2
-15.834619487066037,0.04108896990633931,2.319135360280637e-08,11.04934367492769,1552,71.34224066569705,1
-16.191918293590838,0.0426945154729975,5.468003031945972e-08,11.575859763047903,1552,73.21838361717445,1
-14.329252013479245,0.0481373286027303,1.1441688341842427e-07,8.049854857783114,1550,68.08142673928569,1
-9.678168667720133,0.011853321076059003,8.916958180660105e-11,15.544203742607344,1555,31.492468076950452,0
-20.85904596177029,0.09898557594873716,9.160453555407734e-05,6.532043201377503,1555,88.71897189760384,2
-12.935179192455447,0.007045572133801546,1.0692747989473368e-11,15.402350235226388,1550,27.28255125677989,0
-14.221450387538036,0.03354008098217866,8.260998627451069e-07,9.304042135963881,1550,78.42951355597886,1
-19.71942020876748,0.08039022900607601,1.2473792936883682e-05,6.579413275864292,1550,96.80138826653129,2
-18.421213501490264,0.0675093770004471,8.78388661992909e-06,6.142037482192768,1550,114.8518793289029,2
-19.32397321336846,0.08039877127445696,1.0556991303584717e-05,6.037634310876692,1555,88.75137484109442,2
-9.936335478476604,0.01312640479911523,1.8287726725327012e-11,17.06462840633111,1555,14.278120906321265,0
-12.782588517118503,0.0189055181719446,1.319881010466075e-11,17.737744107222056,1550,11.809541311485534,0
-22.05135582669584,0.09102466848627878,0.00020867924143664094,3.678838527808713,1552,96.40551942885766,2
-10.639901189097325,0.01453141881054458,4.088159547835642e-10,17.300994666608723,1552,14.578323472251018,0
-22.259515832003135,0.1074886528596901,3.9074571451678634e-06,3.2408477156821553,1540,104.9936919039115,2
-22.29357465450406,0.08695274688303747,3.837797469762649e-05,6.80868451106259,1555,87.9571365466112,2
-10.55385131818524,0.006603250626305471,4.3875396630483026e-10,15.742020109813037,1552,26.79191095766718,0
-10.092689556226453,0.015549158415986773,4.665696724108675e-10,14.224855621839513,1540,22.403021825699852,0
-14.336900892688703,0.03842345463387342,2.5862931953362362e-08,8.725326973202117,1550,75.89130688542087,1
-14.157947284429829,0.04273813218818498,1.7207520995519239e-07,11.934950416924126,1555,68.659118676558,1
-17.99571354655892,0.04939754956187886,6.503320382317687e-08,10.586716029296065,1552,79.79799944487768,1
-19.778785166484543,0.050946366407271536,8.256990301764171e-06,6.395687319119072,1540,108.38729292229246,2
-9.42881742024265,0.017206494324793795,1.651340695292253e-11,14.59596742388078,1555,25.30603292295663,0
-11.443521268769828,0.018936145403852356,5.605225904710986e-10,14.538101969156738,1540,22.415130045394744,0
-10.091355054976203,0.008056332287749155,3.3214162771466275e-11,14.370114217466877,1550,39.3484166984448,0
-18.03574064692278,0.06033482994967913,6.0004516092298275e-05,7.429315130378301,1552,98.99022694853642,2
-17.901339521657974,0.02352659784876314,4.883497642795196e-07,12.224570425091265,1550,67.13854196308642,1
-16.26220836344199,0.03844272166221946,4.7319334789429615e-07,8.917816224736635,1555,41.51991349218969,1
-16.901777284743787,0.03053622705159239,1.0993675895252982e-08,12.884637571168977,1540,71.10570278710756,1
-9.061072398925564,0.007046596288350997,2.4563435495916656e-10,15.617275072417169,1550,20.60268201020301,0
-13.258367084819188,0.03629459371119295,4.10031092042185e-08,11.46695615440713,1555,57.56378486287502,1
-13.79024388284182,0.019527331663915758,3.9575679776358486e-10,15.171288146803859,1555,8.9884822150011,0
-11.048836704245536,0.011114492869694837,8.690626471671464e-11,14.11324509761067,1555,8.688762633773184,0
-9.166328862324459,0.01937207179706744,3.127975092137867e-11,15.392207821909281,1555,34.310735827921164,0
-17.041503644191828,0.04733809366950534,1.0929448914032787e-08,11.26715962087181,1540,53.213803670599674,1
-11.730050444001506,0.016436704380123027,1.786504258327878e-11,14.785676863488069,1540,33.62497069792603,0
-17.381540839663103,0.03937081605151754,9.84468498904862e-07,9.161618947659637,1550,46.220545760347555,1
-10.882941343318677,0.019558320060927437,1.3119173648899455e-10,15.345574893611637,1550,22.31890830601912,0
-10.043578537516582,0.01402076106032845,4.7691457682375434e-11,16.178381794843,1555,34.57638771138249,0
-11.200778438455853,0.006737657851703865,5.667489497123697e-11,14.0362896186109,1540,32.294588830290024,0
-11.427551988439806,0.017852530245847643,8.585314287347823e-11,15.438879447641078,1540,32.92316384693754,0
-11.56393996539043,0.005371473163642268,3.145126037728531e-11,15.63155843402912,1550,16.705488449133643,0
-15.069991363246443,0.028499832158348795,9.042869098098435e-07,9.315751298011646,1540,54.52005799930246,1
-14.487259597231116,0.04322009938729279,3.6636725814038414e-08,9.439444646899211,1540,75.12466888422728,1
-9.650154201761575,0.0069597851573519436,3.8108301148964347e-10,14.499283255867393,1540,28.826456253616996,0
-9.569630164522374,0.01593550614244241,7.17166712237764e-10,15.330626399283567,1552,26.860903803205403,0
-15.798435121240471,0.038756249652287904,9.567990210013937e-08,12.362832591789818,1550,50.38456394695682,1
-16.07830486020736,0.042151749108081726,3.535339424558719e-07,11.035143271922733,1555,56.528907099670846,1
-21.923092675489254,0.05171402775030835,3.1047853744783987e-06,7.704156173390054,1555,98.35251712965737,2
-13.823443225298805,0.01618600674096848,2.5407452383324968e-11,17.83229392047752,1540,28.743258799929965,0
-20.324121535194237,0.09548756356549773,0.0006649766999588862,6.566837767820353,1550,93.60096541183918,2
-17.862574025853146,0.028210865478990467,3.456939333748088e-08,12.096593811734824,1550,44.578582638981764,1
-15.62453665756319,0.02671815299929087,5.084996204742655e-07,9.270176992237541,1552,58.32267756291565,1
-16.978662233832402,0.036357071549767236,3.3939386518976266e-07,12.478346063189466,1540,66.02219915248958,1
-11.019286752250515,0.01609371765832614,2.642042389444146e-11,17.366488030171098,1550,33.51777836332805,0
-14.761221193569979,0.04130514822209004,1.8706976814518078e-07,12.730981419742827,1540,52.23326116473652,1
-12.848066803070553,0.009338658542295023,5.4790878038873536e-11,16.654970954501547,1540,18.9994056402749,0
-9.80800180953905,0.015734310754576784,2.3652816907816415e-10,17.57245496528989,1550,17.33683664301729,0
-23.157382964543064,0.08093247443766553,8.436450117082741e-05,5.50415633143301,1555,81.03147773142337,2
-20.07849584664998,0.11727061942375752,2.8649839296049943e-06,7.313547943897741,1540,116.95932797563725,2
-21.738313615359846,0.11693659014681704,0.00043880325879985257,6.838309782079062,1555,96.87125938741718,2
-20.14769097348824,0.08930143121177032,1.2616216125668026e-05,3.2219450060345896,1540,115.60653224555041,2
-15.643698945591332,0.020054898414490503,4.798454961782067e-08,12.065960199897368,1555,62.04658405894611,1
-17.14494572790886,0.032776056826494315,2.3678066167901193e-08,11.866520200571877,1552,78.51021389697304,1
-23.995362351004207,0.08251312833717708,0.0007141581503412835,4.803923207957645,1552,95.27589950570123,2
-13.467346839402552,0.044657521417662854,5.63113774323414e-08,11.586495758437671,1550,45.97517914551305,1
-13.554951325519955,0.012672884612142395,6.871365671582621e-10,17.616454641918022,1550,18.660076803209776,0
-20.826544262038908,0.054539708984636046,6.321157238784914e-06,4.954708114446406,1540,81.58645219897082,2
-20.082520182232617,0.09640971274792305,1.402461813007167e-05,5.071221257605017,1555,89.66238028865605,2
-9.995096497983177,0.006566817771502271,1.4246715845341466e-10,15.85592679266755,1555,8.225878546535132,0
-13.506297274570109,0.034109902649143015,2.464032671781007e-07,10.902146261717062,1550,63.88602817932589,1
-11.816210910764624,0.011960006422946395,3.7861012445318976e-10,16.411571530421742,1552,5.862554162271294,0
-21.442705816991907,0.050819183876762486,7.996989876371156e-06,7.66814722016532,1552,90.95609884275775,2
-11.842078354412454,0.016454046006320205,9.664857100529958e-10,16.636138724396005,1540,6.875179586259277,0
-11.115452323386243,0.014862413449774129,2.4504086036103625e-11,15.562869769018496,1550,19.40445112907596,0
-17.543747153588775,0.033093451964693384,1.4574126324693372e-07,10.610367855686665,1540,47.857276362909616,1
-12.074486985884851,0.01782208668198892,8.032127837614861e-10,17.534258913480762,1555,34.370131282476336,0
-17.209788401118132,0.040143524574663136,2.981047685057061e-08,10.500795031412721,1552,76.03128000753702,1
-15.275920562740147,0.04773483075590876,1.3954331119627184e-07,8.348181579875304,1555,75.1906775163826,1
-11.989863915558796,0.01593408800157736,3.6277868982902163e-10,14.472874489164354,1540,5.477190836703752,0
-17.898295844661995,0.041738940106981814,1.1778873430168251e-08,12.986905634069066,1555,63.65432569305412,1
-17.97183360809309,0.04956998069073521,9.139517530897183e-07,12.980753952650684,1555,62.65003471488028,1
-16.79467334833838,0.024636920199496485,5.927751959984357e-07,9.374846832264744,1550,74.25197306864467,1
-13.230183806667482,0.015580345552911774,3.070981065035166e-11,15.87440724048604,1555,32.0293644893127,0
-15.807953338203653,0.03143429945878936,7.33878272416245e-07,11.575823672692188,1540,57.01965653806173,1
-14.245358032416389,0.021917694925758163,2.687663533948151e-07,10.63649566564397,1555,40.58895567445326,1
-13.420884588816028,0.015589343548700108,1.017131767638118e-10,17.31660256113656,1555,39.34401520869469,0
-11.945392151530806,0.013078750787813051,3.168741440190427e-11,17.564220775367282,1552,22.31780242296557,0
-11.630393899419486,0.015745956679371485,3.482454065173283e-11,14.80901672209814,1552,11.488047267887902,0
-13.819198097376189,0.009546925339179928,3.359117069511551e-11,15.440545629886076,1540,17.121261900615124,0
-13.549431835329278,0.016557221796785447,1.7125125732077557e-10,16.394548715319445,1552,28.062997787715997,0
-13.181161750288457,0.0480844095979559,4.966561359182098e-07,12.60150135286374,1552,61.58589170468759,1
-14.488506901810545,0.04900854177001543,3.984596678592241e-08,11.782227381837659,1555,46.46689342214846,1
-17.148834837808348,0.025692906744380326,7.128550623336793e-07,8.161076802251864,1550,48.3903406004534,1
-12.377466754155263,0.019176836731173305,3.675654828126683e-11,15.843474941078608,1550,23.450155300471316,0
-22.671628267552123,0.10079883863481987,5.487335015291238e-05,3.728533058737545,1552,82.75648719711525,2
-15.783399967604598,0.025167944430673647,2.884009070701635e-07,8.922559977993558,1540,48.517621059203336,1
-16.036204327226535,0.049721277186857246,1.6776435211820607e-07,9.836955908114897,1552,57.94963003390025,1
-22.398606670931187,0.11511676437301374,2.1240627920807377e-05,7.012717844882784,1550,116.72962009142215,2
-23.227436847406274,0.0695098472622862,1.907563636458155e-06,4.398475066784883,1555,107.51217334531725,2
-22.690547252695186,0.094796145457336,3.8084331581158516e-05,5.712061964146812,1552,105.58552837213983,2
-15.814554399303146,0.023318624606968652,2.753613837859657e-08,10.975394677519274,1550,70.13510180985473,1
-20.938685656868273,0.09455047412014364,1.1361972826094234e-05,4.579157475765285,1540,105.09736601497583,2
-12.833335886753368,0.014379952549316809,3.1200139388396023e-10,14.874855555626157,1540,27.764883708835253,0
-9.35235427876087,0.017459291116815937,8.512435247428882e-10,14.497188893942178,1555,39.68253167600867,0
-13.144637706860902,0.04937714504959954,2.0410585802502988e-07,12.400533336032023,1555,55.695964089644576,1
-14.285976563700768,0.02517085747656125,1.1577400640108607e-08,10.255839581441862,1552,49.45304070437832,1
-16.41458791303525,0.03608169062981262,2.1007859270646602e-07,11.517425552482834,1552,62.47900957254997,1
-9.041634735841608,0.007961056005958138,1.4159256001323882e-10,17.701058566627857,1552,30.401986643522207,0
-14.293811514314033,0.038211739775170714,3.827666121016693e-08,12.625774091952717,1555,78.39741015150915,1
-15.26598987042744,0.023072393693803955,1.9292514400669554e-07,9.625737231155751,1540,58.19666768133846,1
-13.637765561027205,0.010887403346100272,9.117539834776996e-11,16.400082192477214,1555,27.994435014757258,0
-13.459383237614519,0.011418042722794869,1.575124016728535e-11,16.476372381084477,1550,7.076838078223647,0
-10.194558469880622,0.010314016472615699,7.909379112114955e-10,17.849240811951137,1550,14.614633526676219,0
-9.297757471319137,0.006240731922865303,7.2740242425977e-10,17.306858639724073,1552,14.463765023458393,0
-11.773067370110638,0.005218507321269184,3.124636446104455e-11,17.465169743928726,1552,26.178133148918842,0
-16.307070140292133,0.026725168302407055,5.226607483323172e-08,9.15187411183012,1555,55.79427862112844,1
-9.790873178173687,0.009485190194140191,4.2973044272431005e-11,16.68488622538527,1552,27.498071755672886,0
-13.258777321387658,0.023474146680422234,4.6701412910886474e-08,9.597745314392032,1540,77.8341414959142,1
-19.37132210436531,0.10654656458919623,0.00013047468157302122,5.2402544076687585,1540,119.15863065807758,2
-23.636443514536786,0.07893395849041708,4.7291043141151104e-05,6.569454815370162,1550,87.3457539947359,2
-12.953390919764914,0.00861317095558224,1.818853034943613e-11,16.861744813106164,1550,29.00566962802626,0
-20.453570601258637,0.09070610840253152,0.0005059708595006217,3.1066103674035634,1555,109.94975406657933,2
-16.138168508856985,0.031147193255486004,2.455050690271515e-08,8.571615570595625,1550,41.711331239351765,1
-13.710346731657332,0.03451070078794357,4.72383655566718e-07,9.590032096972001,1555,44.411482736946596,1
-15.227096642321879,0.04399488362149705,1.66345994604486e-07,9.123801188294097,1555,42.31994617828114,1
-13.973211649191121,0.03914696739080607,1.3518990507503387e-07,9.129763554266269,1550,52.70990258192511,1
-16.14444168111706,0.040924971081112836,8.945149091263844e-08,12.18056402463844,1555,40.92398693696988,1
-9.445364077530787,0.017338058643847534,7.935966513082424e-10,16.90287803355344,1552,37.17117931424458,0
-15.547366314872633,0.04044672603888186,1.483506084029034e-08,8.893158565634426,1552,76.69625833476753,1
-13.053967371009534,0.031896176826934526,9.59036087665718e-07,8.779631260869158,1555,74.41959771186595,1
-23.19960048762089,0.08595202650459835,0.0001755330183781566,5.460686318280848,1540,97.37167077721189,2
-13.499932382639646,0.04086225087187002,7.979488859874282e-07,8.52461322637322,1550,59.439271382564115,1
-16.955544828782976,0.022011968856241272,1.013602969404896e-07,10.497810779674618,1555,77.7626659705492,1
-21.0170291570743,0.06913220561098704,7.035372599868418e-05,4.089967405421849,1552,91.38322956190595,2
-22.918467843496156,0.06736659478157274,0.00013545579016431235,6.855681356002359,1550,80.2877182403144,2
-20.522957081060373,0.05809639048286955,0.00015593427141694511,3.888563391927536,1540,109.62376797904747,2
-11.820758202431959,0.011784117684337084,1.0770018197422395e-11,14.468180290825305,1552,8.07205199432042,0
-13.166886949201182,0.03133397978606132,1.5124597425606244e-07,8.706786874441894,1540,76.98958260797855,1
-16.140995011413562,0.038540668360445375,1.4154086750171355e-07,9.971209939174582,1552,68.66839629620635,1
-16.364041970855435,0.036113622448602195,2.6493882932342563e-08,12.05578130793753,1555,71.60863046207777,1
-21.643624055318114,0.11484540785926078,1.4466405800084497e-06,3.984335755054036,1552,117.88438456582357,2
-11.116488005711219,0.006008838709510518,1.548231408618208e-11,17.99557044813316,1552,37.67498792101768,0
-12.593246890730793,0.011863629983756476,8.92836036174902e-11,17.13200092538881,1555,8.715612374161353,0
-9.367261096245123,0.01847185752069318,2.905418389639451e-10,15.467992589072884,1550,24.6990583025111,0
-10.87485406957397,0.00974824497901805,4.2935998779139247e-10,16.006061845918936,1555,13.766376457737465,0
-21.33848703335604,0.09941582241282856,6.409778367331615e-05,4.925658035583904,1540,81.94623127996526,2
-10.277215714477103,0.007000280101304202,1.84500341414278e-11,14.089466137977716,1552,10.80121553859592,0
-23.74385935983577,0.11548648998250821,1.5010677613803047e-05,5.370946804634564,1550,110.34701594130607,2
-12.025274069892689,0.008810465266984788,9.210227735851634e-10,17.932079992305432,1540,20.556799229222687,0
-14.79256264597206,0.02813664561152355,3.887411572672855e-07,9.14659475153827,1540,63.79720949603301,1
-16.912915828723715,0.026710256361648168,3.5493887649468085e-08,10.933833819140137,1550,63.62141758728102,1
-13.015065495545691,0.025200737906341482,1.9541833072655016e-08,12.575278648880772,1555,54.73589480884086,1
-13.556361357241427,0.03141698398841649,6.562178823378714e-07,10.206837801598947,1550,66.07650426931808,1
-19.45840915228519,0.06296668121847379,0.0002793096948970334,6.072645666320284,1555,104.3695342228769,2
-17.437510210930572,0.04172684711920509,5.9063255288054474e-08,8.36689194871888,1550,68.48140555013137,1
-13.469539750260239,0.00849579781977288,7.957185873733649e-10,17.833310745925548,1552,22.901836637593412,0
-9.646250493637442,0.011679578825039982,1.0706184118822186e-10,15.436933477599062,1550,8.33415277841192,0
-16.2171347867797,0.04301553843197422,9.053714360761494e-07,11.49197122970471,1555,74.75333890806431,1
-17.072098816082224,0.026579845520927577,3.278902533353288e-08,10.827016959752521,1540,78.31650203560591,1
-16.969648737896886,0.03146692124052514,1.122815139050569e-08,11.817698675456931,1540,61.17022163803,1
-23.148086104030906,0.11498944976607484,0.00010053783493729431,5.070479663713169,1550,82.95385670701052,2
-13.990600582375446,0.007675588764609947,1.143254081946507e-11,14.667540471419484,1555,32.796906594697944,0
-12.866294077965277,0.015050488067113503,8.642917586709925e-11,17.09421096745955,1540,6.758505343804375,0
-11.841335880785754,0.011794971512449457,1.0611217221040197e-10,16.852125825500416,1555,13.86032439213661,0
-9.82153706403654,0.016326209931825195,3.205426148288846e-10,16.07138124874762,1552,24.74297225910188,0
-17.359607455075604,0.020365050361460996,1.821703214920054e-07,9.795113083450431,1540,64.34689382399254,1
-18.80307084422335,0.058235236729525304,2.6949277402438477e-06,3.5888970968848333,1555,99.22738145389715,2
-17.739738008163464,0.021144608178061318,7.238280287923361e-08,8.315375871714833,1550,48.29909310625884,1
-15.602890829436252,0.027837239926748702,1.880182012844812e-08,10.439900775416296,1552,43.30990015559485,1
-15.618887622303825,0.02486425636669686,1.6094636143783634e-08,9.346280912994906,1540,40.830563588978436,1
-18.095045218933766,0.11776359770746059,1.7557043059967025e-05,6.425897621032475,1552,110.81117008706855,2
-19.078892991561467,0.09469039241992248,0.00020396931162441147,3.859175833430217,1555,108.8273700108526,2
-12.120308122983534,0.01302309133638133,5.664952043022326e-10,17.649940216921475,1552,28.26800153534797,0
-13.974274146226426,0.017299203761121502,2.8658293296669856e-11,17.634805237077472,1550,33.628845844167174,0
-11.696106159836372,0.008095005776086888,5.352291054633513e-11,16.013669083419426,1540,16.255396763801016,0
-16.218516422240718,0.03174895867861451,4.050618946502495e-07,12.431658291236829,1555,45.822710346100045,1
-18.285329907446673,0.062434535858100715,3.925675575369536e-05,3.2179478865860593,1550,100.29577676220478,2
-11.981216947608267,0.008116239095182855,1.9837816762983894e-10,17.484748185401273,1552,15.722060132075121,0
-16.312626524816636,0.03144583083980934,2.946517302562077e-07,12.638855492034097,1540,50.86547189648387,1
-10.17341850237307,0.018941052257737307,2.5680579408364338e-11,17.191992140876895,1550,15.86074905270941,0
-12.161457459362284,0.006509299658338852,4.161631479902974e-11,16.654937442775754,1555,29.604710415138683,0
-9.899936854403219,0.015423235605139387,1.1614095662059668e-10,15.795412286698832,1552,25.20199603570928,0
-14.214834715293991,0.0364050953080996,3.611611774020677e-08,12.312871770307284,1552,43.263665215477076,1
-15.395675880768941,0.04932306994006394,9.282871599423648e-07,10.992921297314913,1540,72.1878314015933,1
-9.982409457825328,0.006830457414827729,1.7793054716630414e-11,17.40188645904335,1540,14.592505626976685,0
-16.637028568100074,0.037349228884117416,2.51899692192785e-07,11.273160129585477,1540,64.51909366357441,1
-14.118874735639887,0.028273178429060637,9.967053796125717e-08,9.559993072045918,1540,78.26640353696854,1
-15.05944973343521,0.031422748721545504,4.632353488259707e-08,12.278790022002651,1555,59.25974714197577,1
-11.574635454286522,0.013112405959573095,4.332327533269804e-10,14.686712780172869,1555,7.488874787470287,0
-12.32928488808069,0.01726856265248659,1.1932397782237168e-11,17.483188689352453,1540,25.389911822518393,0
-11.656741815018073,0.019078673593790497,2.3532285630378153e-11,17.911973694952938,1555,19.92909945135266,0
-9.195399265355878,0.013039026182781775,9.483993885739507e-11,15.60754879956292,1540,25.457492843577658,0
-21.799387159873444,0.0991121465429082,3.738946009950591e-05,4.910729834443842,1550,99.27980887783932,2
-24.430241383944743,0.05802857244803481,1.3513812588594962e-05,6.718788810705049,1552,116.00387245852471,2
-18.42151937499952,0.07770857661298271,3.0820024326318744e-05,4.227916841369332,1540,113.58369287828637,2
-15.710404164001895,0.023827737178621314,7.335164016642309e-08,8.63526625119002,1540,76.35991977491244,1
-13.452155283277062,0.03348984989338768,3.6379751077376336e-08,8.704167138265062,1540,50.71980098254437,1
-13.710786617183018,0.01953653945211217,5.855604959235657e-10,17.711009132780852,1550,23.376102530109385,0
-13.959926254686081,0.027824932400750263,3.9669270364375134e-07,9.357667414542513,1555,53.06015357882223,1
-22.69515286459651,0.10236467615764136,0.00028336857299517956,6.840762488013789,1540,112.00073925793669,2
-17.098101155624644,0.0343884126249225,2.0710239530188744e-07,10.163532246243518,1550,68.35827215051391,1
-20.571082854051678,0.11351903836443639,1.4655506744145971e-05,6.152901413100549,1552,109.68130649575025,2
-19.030718034140957,0.06528812948033834,1.4934137095116526e-06,7.625641004317293,1550,115.49915539245134,2
-16.377118321853164,0.03230269049783459,4.1345253687641877e-07,11.850797615430762,1555,42.44719523673626,1
-21.139731848839112,0.07900194554639493,2.7735226283903417e-06,4.516623201402992,1555,100.2176662687122,2
-10.037716654303683,0.009601914246651518,1.1805238214282847e-11,17.73111649875094,1540,27.660642331293683,0
-18.262130535370723,0.06619111808633163,1.2658402457593947e-05,5.535959440090656,1550,95.06820809663691,2
-20.441572280309117,0.05705532595121337,0.000344445560007715,6.2329584189512985,1540,106.43295100771707,2
-14.762461212993813,0.02409096961553724,1.5092524030616052e-07,10.8388061274054,1550,64.97342106204822,1
-14.613123266351606,0.04183267151985754,2.3221132109107871e-07,12.517001204465117,1550,55.354998137371105,1
-9.810793095472407,0.0060853588661199,5.783760443721909e-10,15.026646759583658,1555,25.383842794297607,0
-17.958251312431152,0.023310651696736264,3.0128494383393094e-08,9.106107570911496,1555,74.75855091393176,1
-20.415862828180305,0.09108618954394163,2.934384057072088e-06,4.053082692464309,1540,114.9755471705382,2
-10.991940899268343,0.01728783289140185,5.866957290345e-10,14.91231908779573,1540,27.631206969800104,0
-17.204204840750485,0.043934421993239534,5.1769108383670654e-08,12.680433679563631,1552,65.26312437916346,1
-10.270678808173335,0.016920208632662106,3.129585722791167e-10,15.764464656393335,1540,9.8381230374868,0
-23.573508118213862,0.10576400984471127,6.5464999333715235e-06,6.9796791902717725,1550,91.06259249662499,2
-24.915964066419054,0.05412105225628256,8.684573710090296e-05,4.918519497818548,1540,114.99035389554398,2
-18.052744448555686,0.07706883969631838,2.4885503004494075e-05,7.023058505126704,1555,97.33220578350341,2
-17.86614707148436,0.02275813807762513,2.3542817790615382e-07,10.144849903587536,1552,71.7376636548853,1
-17.635200680435226,0.041922869055598985,3.964244417733277e-08,10.261870885116503,1555,67.54921430425296,1
-11.806576485501033,0.013111362528310345,8.62858523552591e-10,15.020728915096923,1540,35.076373287466666,0
-20.635042156829122,0.10083579932857235,1.3108450125911975e-06,5.654718655361823,1552,113.85806801284194,2
-17.38827124421337,0.03132341857489923,1.8755724870493385e-08,8.083197321009752,1552,67.78489149761906,1
-17.153568948636053,0.0418833196497965,2.986287983851006e-08,9.712362781179145,1555,43.30954739003428,1
-17.294701002538513,0.04127971558327902,5.11835421501589e-07,11.429272462007459,1540,60.28950220830228,1
-9.31180110021049,0.01519557167865251,1.3815393633354914e-10,16.440784035943338,1552,23.81390502741212,0
-22.185141859152484,0.10643035748231293,2.2132798405002307e-06,7.4745360234105656,1550,83.18818957781836,2
-10.876080686052987,0.006076637093397695,2.3186459722001053e-10,14.967726721262117,1555,13.212870462154727,0
-13.779670692148093,0.007779152755003101,1.209317177831784e-10,16.582288725709713,1540,16.563701578296577,0
-16.1562489274719,0.02646232115786421,1.1892176690643608e-07,12.165954022178234,1550,53.23913700952211,1
-13.103733721303596,0.015409243857652351,2.8786994280298395e-11,14.47020520060088,1540,30.921915211302966,0
-15.450537121345642,0.045890808444488715,6.813027884191891e-08,11.719326404440855,1555,71.2175855964471,1
-9.754509900206621,0.010750957115873885,2.1704869400938336e-11,17.345768769879477,1540,27.261656981869432,0
-13.614863643691814,0.02542919191934007,3.9311358419469416e-07,10.284901798140025,1550,56.26896415896394,1
-18.7320139143196,0.05157084395269138,4.7600095592573453e-05,6.212612500311973,1540,90.0908551485797,2
-16.570412120688935,0.02699001469426989,6.279375498919003e-08,11.927457166071342,1552,67.37796193852787,1
-16.194312414471376,0.03868079727859927,2.8948326530224232e-08,12.601667808361338,1555,73.87866166830533,1
-17.59896146093137,0.04253237581707309,1.9127903772937526e-08,8.499431589988033,1540,60.70592356070421,1
-10.19049093697565,0.017504749429063785,7.601209467832941e-11,15.209332997405975,1555,29.815480350046112,0
-9.490419460810585,0.010957803294756933,3.0942728729966524e-11,15.793631364063732,1555,6.770889878680361,0
-15.216970509098532,0.045282963084509034,2.021419055794757e-08,8.163671703021093,1550,67.13158994308729,1
-11.964616103105099,0.015165223116765474,2.8409818147698834e-11,16.40792541189781,1550,36.31616497909554,0
-23.890043393889542,0.09057682390843393,4.223636655345786e-05,7.353500554492103,1540,87.28575897900629,2
-12.642953097766428,0.012450431342269197,3.702952881354566e-11,14.535313451998773,1550,30.260254345101277,0
-17.568408632569177,0.042146567166210264,3.518873570366421e-08,11.119312708086646,1555,54.49466327485763,1
-11.926320865162644,0.016307976107553874,5.532696441628595e-10,16.71591397215217,1555,29.57511336636403,0
-21.600001673746704,0.07299215752024847,0.0007777091316510994,7.911105479467738,1550,93.5464778494589,2
-20.058169574125678,0.07116557746730467,1.3638297688420693e-06,5.783452907051547,1550,108.50849312826051,2
-21.925733374504055,0.05558169271505385,7.367688208719646e-05,3.2594040328524034,1540,88.62643253614611,2
-11.78585314807838,0.017709041149440857,2.5823277194253847e-11,17.808382606611694,1550,31.917139660590347,0
-14.025352412816346,0.024910708517114095,1.1995827919044702e-07,10.540368651591054,1552,40.38923840622092,1
-15.978821220802603,0.043283899178431964,8.069636399799933e-07,8.39473482418311,1540,46.18430146948167,1
-24.655174857024875,0.061263235063680144,6.696847468634535e-06,5.974329254438009,1550,93.80131865860251,2
-13.643213293838961,0.03534328501752869,1.3503699418460895e-07,8.029667483730282,1540,60.69527835392181,1
-9.62244386723692,0.0077421085498535075,3.604780428812503e-11,14.518402604781768,1555,29.588917553718243,0
-24.610051730146033,0.1142957105481985,0.0008729460388552141,5.155217076059175,1552,93.32501842090446,2
-12.68012240145085,0.011412613363889743,2.9219762022578777e-10,15.345232377654998,1550,34.95738163569543,0
-13.087256192302004,0.025423097579027096,1.5204542956761528e-07,8.448496485041273,1555,63.70802551351597,1
-12.267379160236409,0.010964185678293058,3.377166917615058e-11,14.821331754827199,1540,30.905647906651208,0
-10.337756340809552,0.013224808755896364,1.80291983657205e-11,17.52854245712824,1540,6.829025775010832,0
-13.94041008510879,0.00709538558904408,2.700672068656609e-10,17.891174806625777,1555,21.075629087457582,0
-13.415606197045305,0.019787876606164063,4.142526516585514e-11,14.521295786809313,1552,29.946381416690446,0
-13.984391743217952,0.009552651873171673,1.648977784304221e-11,15.891173381206332,1540,7.895727907178438,0
-18.666035287399094,0.09215400863329483,1.4352268831782812e-06,4.983229029275656,1555,113.91426943198974,2
-19.52567587925907,0.06447361016035905,7.2171000092368925e-06,5.466074217977968,1552,117.4730189205915,2
-10.116381847641536,0.006830525781865925,1.5437661043410072e-10,17.745796695534644,1555,20.382909102151856,0
-11.417878058906945,0.016797835735862705,7.674721327994417e-10,16.987106558134872,1552,33.49439899569066,0
-13.630901118599738,0.021580199954890914,6.001916152599361e-07,9.095921728261658,1552,68.69162725882282,1
-23.23949356045918,0.10617912302167098,0.00024470093976392595,4.675063798675253,1550,96.2592680126005,2
-11.332598956276087,0.013945903995386921,5.3958085441394696e-11,17.22842808127805,1540,21.61523944948745,0
-17.400579642075567,0.0476762830655848,1.4548543939806325e-08,11.44210673121583,1540,68.40567530250112,1
-16.004096175055544,0.03779575272673838,1.2320698948865448e-07,9.223672386174902,1552,57.12191167768299,1
-14.038920480976127,0.021861357812654886,1.4563417492563486e-08,9.492470563936843,1552,56.306843580685495,1
-12.431467439739674,0.008718100380926354,2.4856078687543626e-10,15.456451100041997,1555,39.083014467500234,0
-13.457525662733527,0.033936007539742914,7.051982375655804e-08,12.248765244671663,1552,50.17009610458175,1
-13.553809312365871,0.02629479749271684,9.199295991533356e-07,11.509767669851628,1552,63.96702540842311,1
-17.872432255676152,0.046995440180213045,1.0182445962115558e-08,9.821139405731056,1550,58.6205890051549,1
-14.509157944520087,0.03401752544432062,2.4095701769902865e-08,10.602869686574145,1555,70.3647638233704,1
-20.349465744667416,0.06602561950211297,2.6103728204086376e-06,4.0080743101493574,1540,87.88770769488164,2
-16.91754716366941,0.02790718852755803,2.6124926699944697e-08,11.82531715682782,1555,66.67939445878184,1
-24.740240419231924,0.09560848480674349,0.0009235521743053971,6.1702338373462435,1550,113.05165459749409,2
-15.533368616017267,0.024957136706312028,6.751113653457806e-08,11.93146964420849,1552,51.4384271790179,1
-18.73547334933925,0.1185958178195363,2.7471192246800482e-06,4.478932712467599,1555,113.05935763924285,2
-15.209292532985287,0.03337771879854028,1.3771259102686418e-08,10.424695152913817,1555,40.33944048333772,1
-17.2872187143253,0.045148823510022904,2.900197941739326e-07,11.32167422231139,1552,54.24714137313684,1
-17.256555638025098,0.03045933435067153,1.4705522180716414e-07,12.35316174365996,1550,49.051305091746706,1
-15.789861957847881,0.02576696013581192,7.941803781681463e-08,8.78581411495875,1555,63.993184168253315,1
-9.568098190199292,0.005707950525460685,8.372077487498528e-10,16.71665027327825,1555,13.157548416179223,0
-13.303342727970621,0.014066260689167259,1.2013849374287159e-10,14.812244898939078,1540,7.694296844007755,0
-21.841284626441862,0.07802833160470259,0.0005664706684884236,4.7958517558489495,1550,111.03317406858945,2
-20.835420427042042,0.05919909165988835,1.5984879321251512e-05,5.844815679626465,1550,94.27600536318822,2
-9.962848740916193,0.019431481786461764,3.80213136294457e-10,16.762240929782564,1540,11.479652509351688,0
-13.937872031030338,0.01819715653579528,1.2307722961491555e-11,16.924884439492985,1555,21.375081192195598,0
-9.087587096993762,0.018677278543091706,7.555467148909047e-11,14.159791893144376,1552,8.39563763829813,0
-11.424131587965936,0.019633119735241344,8.279001781277742e-11,16.22922147556019,1550,7.987238382752535,0
-22.848151520824274,0.07626110652090548,0.00014996910359590018,5.404588379543265,1552,97.23141874115069,2
-12.05120306286754,0.010692543550620779,2.8409315237049724e-11,15.5264477594688,1550,18.314019213964336,0
-12.251928005961389,0.013945197462451639,3.5352959705773325e-11,14.106433464310737,1552,14.114108807576795,0
-9.332724473750739,0.010168948935904577,2.0987894060913573e-11,16.25265755381582,1540,11.225792841122,0
-17.29738137909957,0.04203477201833153,5.369540456092463e-07,10.68174813949778,1550,57.39956955650912,1
-10.450474771101959,0.0051603798517025215,7.558245982051084e-11,17.373048171287056,1540,33.8653107426922,0
-22.739848647414025,0.11397318334966582,0.0001879109618323142,5.004006154310115,1555,89.59671675418099,2
-15.054699429170181,0.024059032167020603,2.051234998051963e-07,12.018870254321094,1550,79.26084058305176,1
-13.487518354053936,0.013031974244854312,1.4800870988144097e-11,15.211780671560335,1552,18.630213802718565,0
-9.587954067781057,0.01357518317524608,4.605912553868563e-11,16.89222850184132,1540,12.354122157907508,0
-16.18589984764334,0.038393227878667696,5.707325219092012e-07,12.777354952475822,1552,67.33986468392341,1
-14.129326706462864,0.03208999277160807,2.7868153450894034e-07,11.419901662800946,1552,56.60181975815601,1
-10.024942315357649,0.007450316746147347,1.6166878509587604e-11,14.582061931149436,1555,23.346869487215756,0
-9.760360581183257,0.013183777740037216,9.192098829270282e-10,15.801914285882381,1540,33.13350908177064,0
-15.981517832337204,0.03713770704891134,1.0358634067773253e-08,11.264540527214681,1550,68.10796131268927,1
-13.007949494032186,0.012409807702152368,3.830717664701823e-10,15.902816312756226,1555,18.930225312633524,0
-15.284585554471086,0.036976692681272974,1.6275846565222776e-08,10.179745752175611,1550,79.787605198581,1
-18.569495081500076,0.08944584588813911,1.1637989751552267e-05,3.8217918785121836,1552,94.57618824544949,2
-10.505831647769835,0.017807989902878053,1.906912944198989e-11,16.176732595907207,1540,20.63588338589875,0
-24.905189732529184,0.10579735156338654,9.634207084382599e-06,4.786547347040251,1555,112.20480099282841,2
-10.73938377234781,0.009682220850446706,6.281912636039311e-11,17.431945015690822,1540,16.38165224786432,0
-17.34114555701482,0.0314890103319294,2.5544492699964478e-08,11.219989768152367,1550,62.91546404719625,1
-13.144670839463508,0.023828069249454242,2.2395248736019978e-08,8.836168916830378,1540,64.43125424311789,1
-19.258451615809303,0.11309927654655422,2.083969439497712e-06,7.465074667563062,1552,106.7482467701739,2
-10.869726455095993,0.0061291807497751045,1.678008105597997e-11,14.1972359484393,1555,20.569377576918534,0
-15.977598662499057,0.021258504544701504,2.3200917227816804e-07,9.53724797480676,1550,71.57518533847698,1
-12.649989776097097,0.015019051168220977,4.099308108439895e-10,14.656590962236008,1555,12.08636397335125,0
-16.361724850391784,0.029595077698759013,4.497681058631548e-08,11.364820865559079,1552,44.50732183022027,1
-24.699792681124123,0.06334132107845782,9.827233420680371e-05,3.491618335459819,1552,99.7113173807848,2
-22.852639255429338,0.0872219912130249,3.53920291207687e-05,3.097077799382828,1552,92.9786196509556,2
-24.440704193336746,0.06715833400206404,5.823423268262725e-06,3.4744458761962553,1555,82.54352169863147,2
-13.36727770643296,0.013484673235771828,1.9236374296946686e-11,16.819183344528746,1555,39.12741229095509,0
-19.23064342333436,0.05457592890841159,2.1405595056596465e-05,4.716654695762127,1550,113.77644595770653,2
-20.75077433215833,0.06932503386561042,1.9161959280943754e-05,5.422688751070283,1550,107.17557274506812,2
-16.47120256428248,0.03378761017638332,2.3611078460962646e-08,11.181721576590446,1550,43.95617786148205,1
-17.32318769119871,0.024286638025768015,3.241037312382761e-07,11.606341467427086,1550,65.75870397014089,1
-15.591500809938296,0.032019735453138604,9.383408495233844e-07,12.105618130588622,1555,75.42095355012788,1
-12.975103835870446,0.016129930866892583,1.2722082470135078e-11,17.410170579502,1550,28.91642269197055,0
-13.326071075412809,0.012441132177507967,2.1787520103322238e-11,14.50454314518306,1550,12.366161168912429,0
-9.19253837712944,0.0150180186005122,7.352079177894217e-10,15.06198562971629,1540,27.868422446753822,0
-24.481860068208743,0.06653620467169215,1.489708886568328e-06,6.093059799449034,1552,103.93557856671237,2
-21.55852898720165,0.08582564416908338,1.7789749935986058e-05,6.946314984956425,1540,117.42272683064401,2
-12.05734425996979,0.017985908556601905,2.810895372461184e-10,15.615244020989998,1555,12.480909172139269,0
-10.271308424794054,0.008079075118259877,3.8531107613608434e-11,15.384443948376461,1552,34.353000407235996,0
-19.07739196759343,0.05421056186182627,0.0007227727907487408,3.506974419165067,1555,92.44952187458938,2
-16.25734108942655,0.03303016554944875,4.6812976799025994e-08,9.679796240977566,1540,67.94907694815517,1
-23.105463907473855,0.10637915154393651,0.00011228612170545188,5.6145451733430365,1550,119.16277613533892,2
-9.018688567375616,0.008437579268212432,1.2409432804843985e-10,16.6827021015293,1550,29.991845318234436,0
-13.88524839988892,0.03307518916803659,1.1837004309070176e-07,9.397639427059094,1555,49.25668373169933,1
-10.8218400067998,0.019894151986743606,3.592816016784778e-10,14.903358528893568,1555,29.268213848159835,0
-21.650750709306173,0.08095401968240667,0.000693596802620044,5.398815955641242,1555,94.726009299015,2
-9.184529345510988,0.01876317341894517,3.3817112908050707e-10,14.316304083906592,1555,9.511590477572463,0
-11.27900668748149,0.009128587715555124,2.6234798281302023e-10,15.085968010170845,1552,9.618786186838662,0
-16.39913854689321,0.02959551478537249,5.284267075337915e-07,12.514200642263294,1555,45.06102705262312,1
-20.45696396683376,0.06421341670734292,0.0001622845854193854,7.192058613200676,1552,92.83925894369914,2
-17.137729567757695,0.037094854408185364,5.165727760846825e-08,11.87133372093857,1552,57.09742678205188,1
-11.037796223007703,0.017711092023938547,5.173682512590779e-11,14.433157425931668,1540,12.959760505323525,0
-11.944432915025757,0.011670691652875036,1.4226235048074435e-10,17.933363073656906,1555,19.178781910574983,0
-12.994317287048114,0.0076794331513144925,4.736919381677839e-11,15.673797988701832,1552,26.57613073800791,0
-22.68819226141801,0.07900436759021387,2.0007132085422037e-05,5.056703952075108,1550,91.5008079452851,2
-13.303516552964496,0.005334086826008358,5.473224074291488e-10,16.216514864841827,1552,14.822245295678051,0
-13.307890739506151,0.03531214066157094,8.606389567901561e-08,11.362172009811715,1552,77.46277699613358,1
-17.357242010697753,0.031596279895222436,1.4828025849266252e-08,11.19005403463901,1540,40.550587733416,1
-23.447637480351126,0.07113515190130675,3.1139192757520785e-06,5.128630974106267,1555,80.70772644547083,2
-12.505820568313432,0.019028027229491894,7.846950721395732e-10,16.50121864085579,1555,16.880756738998212,0
-10.994544163018485,0.017729098278481695,5.988033587396591e-10,15.935399880132893,1550,14.430380620627925,0
-14.765819817012328,0.031616699152105354,2.3825620623841108e-08,9.114002687042401,1555,60.87139066859544,1
-17.339606088263416,0.044414065317804896,4.223249986437209e-07,10.93459678295043,1540,50.32175576146862,1
-14.637164024526886,0.040715198960334084,1.2354924965889505e-08,9.693722471218361,1550,56.093050270346446,1
-13.926156593264876,0.032693545926431915,6.406625457667837e-07,10.416591107761267,1550,45.68007275217592,1
-22.60811161656844,0.05659027265982565,4.582569620648689e-06,4.118861457904267,1540,82.02400339618711,2
-10.966692351120662,0.01563690787228906,1.1018324715822946e-11,14.14570177320688,1540,7.748768497747954,0
-10.199529607809513,0.011634481435713655,4.206336193999139e-11,15.28297096175251,1550,13.048411206188016,0
-18.661162028772587,0.0897021170129641,4.477063334850279e-06,3.6139239905957536,1555,89.22784493794612,2
-19.544036450966992,0.10271697758401435,5.935087764206091e-06,4.5511296396882965,1550,81.83789045186012,2
-12.364834192183807,0.01501390078345377,4.1275456375788203e-10,17.049140539106464,1540,16.10185008678895,0
-16.630787404503703,0.023939697492929523,4.348395125103867e-07,12.98072621062096,1540,57.67392348695428,1
-22.200037822333503,0.0998926928635587,1.341622875929267e-06,3.6452669325470306,1550,101.01316529072825,2
-10.846147899136897,0.011834743241598162,9.205230750011913e-11,17.03110624150063,1550,10.941572048748927,0
-23.49722115828545,0.08156119619815679,0.0001202670705428387,7.1898108741804245,1552,100.85083800716781,2
-24.295335294364598,0.08110712721284996,3.235208886041618e-05,6.7883203899253015,1540,95.64872660165685,2
-13.98216199299845,0.0264635983086693,1.1343487059403735e-07,9.203424546116704,1540,63.10676680932676,1
-13.261741734594555,0.03106032271547434,1.0475645903774101e-08,11.445786158622541,1555,72.78070419002346,1
-19.136903438154548,0.06957468296362088,1.4484403779467777e-06,3.630190153343957,1555,117.98883962842284,2
-13.765170166124724,0.007494250531341191,2.9927279030530023e-10,14.331194671700505,1555,31.984507393741747,0
-14.450586556118427,0.03334700149461614,2.1777232753349666e-08,10.305049244198106,1540,58.47457836000679,1
-22.38532760531332,0.11069105549304062,8.525881144791823e-06,3.3971184981628824,1555,101.37424611601034,2
-20.175727687397305,0.11787105282361564,0.00017217382676487558,5.4567502027968775,1540,112.13631306358542,2
-13.873142559788421,0.016252254219477767,2.6884832289788707e-11,17.337894973850513,1550,33.17539546786033,0
-10.735933165928785,0.017842192254294308,3.752007297340334e-11,14.734913361365749,1555,39.67804745810783,0
-11.910157459930565,0.008767880069067008,4.376583029675505e-11,14.539913944286567,1552,24.59011025749097,0
-13.342340992952105,0.03664683128525628,7.143011109209452e-07,9.66915761851036,1555,58.917674541668596,1
-18.266625905978174,0.07953514415122458,0.0001971595049529703,3.582603736456882,1550,98.1838442781888,2
-15.381997134703813,0.02385188515406755,5.235708604374989e-08,8.317247804383017,1555,66.37208375886918,1
-10.067281720449763,0.007390853986233817,1.2251363701693914e-11,15.575950030852221,1552,6.170329494638418,0
-24.99863596363878,0.11306541468704964,2.3605310656657273e-06,4.222562075970231,1552,96.90742676848637,2
-20.778620124472628,0.08171877848325235,4.652853021501044e-06,6.691960826430714,1555,84.40614558318508,2
-19.00737457526855,0.050766316168195824,0.0004541314976195639,3.3753115691382276,1555,110.57701834445419,2
-21.850029489810417,0.08850852742570567,1.0455717307078221e-05,6.749088736375029,1552,111.39757393938272,2
-22.59124072873922,0.06317684588916868,0.000524077112922476,4.084452734987359,1550,88.6416089789432,2
-24.782158980077263,0.1180629145628019,0.00010384883770416741,5.098065107003045,1550,84.08494792080853,2
-12.250983227442102,0.011372427997653508,1.804555404659989e-11,14.49168751999589,1550,21.477474895444754,0
-16.329613912910762,0.02817339323326495,1.2540399775153424e-07,11.609265802665561,1550,67.35535893785081,1
-13.899736451079958,0.018357043609758348,1.3758236352060486e-10,17.24763645983962,1540,31.365952615774,0
-13.476697798267594,0.011344153156123367,3.9008275618215337e-10,14.56553421686536,1550,20.832836572229958,0
-24.88542565171942,0.1076869502743455,3.2167164496805574e-06,4.96110114301014,1540,82.87853545127277,2
-10.334434887923596,0.006973515276908897,2.701779669551433e-10,17.636130082662564,1552,27.138918662920712,0
-15.849408631961547,0.040732208198137096,1.102027315072455e-07,12.884657083986577,1550,71.66295635720111,1
-13.688503915129381,0.024779224467558078,9.28373425949817e-08,9.092115643315298,1550,43.77103911595744,1
-19.459154396361836,0.1039448118960466,0.00012315598355746034,7.103479951173706,1540,84.47137196419769,2
-22.146742577474765,0.10750559618286643,3.3575608810729684e-05,4.388570162592826,1552,106.27862787957262,2
-24.905519103810107,0.11303076917188092,1.4442771961362575e-05,7.3455799335549115,1540,91.53627727796541,2
-14.692177159132973,0.0406574961793647,5.535558573164639e-07,8.169106437857597,1540,77.10929119132015,1
-9.564567878674413,0.016698133187864356,1.9233720128877163e-10,14.336559859980195,1555,32.486922788988025,0
-13.599682987355171,0.01211679769766785,1.0469802021376476e-11,14.339064617705333,1552,15.036840714525928,0
-17.57914781719898,0.026350124810135097,1.4502624725163596e-08,12.901926743222182,1540,62.220294093081826,1
-17.954450280588993,0.043280665353207334,2.0006447246955491e-07,9.063123746817537,1540,61.40294999116858,1
-21.64394737658327,0.05420075731992614,7.280681553822702e-05,5.907030784282831,1550,86.10302293238125,2
-12.70749716150203,0.018509991261629426,4.439340960249125e-10,16.730909191181247,1550,12.702318917464211,0
-16.336727495474744,0.0377797594365634,9.77021829916387e-08,12.72868979701147,1540,46.46438322381456,1
-19.38691914756739,0.07639780367390561,0.00013279678576344725,7.186148345143662,1540,115.64243349010185,2
-11.342725429053473,0.009319180140139887,9.674737025906682e-11,15.19976827910809,1555,30.685909578088946,0
-12.999955394436261,0.006962635420232297,2.247104510555507e-10,16.239532662307937,1550,15.668460062579635,0
-17.361286182286555,0.020149174559670475,2.2685389530861298e-07,10.749541935635808,1550,43.01088964014416,1
-15.548992707218666,0.027391141958839457,1.0343965530069728e-07,8.709249109596211,1540,73.83872578618565,1
-22.289896057065953,0.09904352111117862,5.6330104732129766e-05,3.408995569137249,1552,91.02358272291374,2
-14.29460597728602,0.02948304745348473,3.362622437147665e-07,8.110699765169358,1540,56.62238128493266,1
-11.886566901712872,0.01577102241801291,7.680463046269974e-11,16.92887682524889,1552,39.378962132781524,0
-9.852170842858158,0.007005434815991543,7.426581977681061e-10,17.00569327012521,1550,22.08411402018072,0
-12.729894254522186,0.017895931752533487,2.5140650961408393e-10,16.190959637876546,1555,28.804999501908693,0
-15.283562621432562,0.04927556238030767,5.421568026728111e-08,9.038420476987987,1555,65.78867351258972,1
-12.013642635797702,0.008683259389167365,4.213590832860802e-10,15.371355859221802,1540,10.65930936458954,0
-17.563879305791385,0.042163918695482444,6.359442820675493e-08,10.4019854410116,1540,79.91538832913842,1
-13.520454306342547,0.03024653695565315,4.155423877669851e-08,11.633780286991179,1540,59.85188366561127,1
-18.200935616189437,0.07457964695169594,0.0004013134738949816,3.4660573538743478,1552,82.31782625644007,2
-16.53777269501302,0.02244170949898949,1.0540600498166936e-08,10.137252666212428,1550,64.98931407582458,1
-13.909623181922395,0.01240840572775152,2.2784810369479597e-11,15.46587513833144,1555,34.722819367296225,0
-13.372251050507614,0.019452199212114912,1.6447091886905004e-11,15.913964280428758,1552,14.724580712229793,0
-16.925769941818732,0.03892731292585234,2.6455103296812158e-08,8.93938269470573,1550,60.928720798691685,1
-9.984301218100521,0.012054509516690577,9.265018306994033e-10,15.595297769778213,1552,8.16014195190429,0
-21.068969843617758,0.07909490966534811,1.6441665605297623e-06,5.114017362244092,1540,87.46726179268524,2
-19.610223146844966,0.08888287347072374,6.465221053237667e-06,7.686907732827162,1550,93.395011045318,2
-11.23668866111626,0.010582598828703457,2.1053995184101204e-10,14.564894173492597,1550,34.914620753261914,0
-9.659716549462749,0.017088881001764318,3.8024268906402587e-10,15.218716556392163,1540,16.28847922462453,0
-11.896848815605903,0.012214124121264554,5.657487901735489e-11,15.4527564948649,1552,33.19966773684212,0
-24.317670184691732,0.0900661448141708,0.0007250925233664074,4.7103007219433675,1540,118.0489498255842,2
-17.198532630895855,0.02631807477897525,3.6793588266841245e-08,10.547566351454183,1555,56.33067095705704,1
-24.045538030700644,0.11756699195401941,0.00033957542034752,5.811593912993086,1540,109.62067198229818,2
-19.56188261446825,0.08942645482126259,0.00010169189364190754,4.63775882420381,1550,84.42442245220118,2
-15.402761310938297,0.040048681584130975,3.972965139612781e-07,9.137810151599329,1552,53.045988684774464,1
-13.570381647915983,0.04542834122646948,2.638522455528514e-08,11.12145200391635,1555,50.56975747248849,1
-24.624807756497916,0.09065900134265883,0.00027024992472962487,3.180672699076801,1555,114.90471880786453,2
-20.499705647085566,0.07929780198800498,1.1898065279628021e-06,7.779185184875187,1540,89.61283821170422,2
-12.509738956802785,0.006580473833762847,3.661404632557429e-10,16.576596885903662,1550,8.668282274915024,0
-13.523003613433946,0.011430530314796504,1.1437721755418062e-11,15.923560586412036,1540,5.015497350302276,0
-24.61783089506383,0.09611251197463583,1.1594577610413293e-05,7.630197795412494,1552,108.20029896483011,2
-13.909698901200198,0.01224092581215175,4.592323978341202e-11,16.961212239596335,1540,13.47642059578187,0
-17.913056285372832,0.03215546311402884,7.119588623366376e-07,9.76577201141269,1540,62.09071009801072,1
-15.40907528828445,0.03565447104149767,1.1991367443365951e-07,10.58870328552231,1550,67.52668470195675,1
-23.25899022614796,0.06176748028442936,0.0001595790739448121,5.690484677364185,1550,85.55158534944057,2
-18.959555628022358,0.05349081896146487,0.000502958243813397,6.481734072488926,1550,101.18419416263845,2
-13.791968841707478,0.02397708210035404,2.0866820529937546e-07,10.875670272018287,1540,63.73037880701509,1
-14.89136692345559,0.0376921283766861,8.726396835554175e-07,8.30390921242335,1550,67.86854401412114,1
-11.041514188468373,0.015539506596282743,2.9844680692704514e-11,16.049455110183164,1555,13.196455638541998,0
-13.317583759914625,0.048792563132010705,8.668346451829948e-07,11.12820814101261,1540,63.201742211923936,1
-15.203528061773499,0.040153038813690874,7.292727476392543e-08,8.578059440962074,1552,73.26139889787501,1
-18.767084680914735,0.05022171198968803,7.0199629224694025e-06,5.69138619772415,1540,99.7827049815257,2
-17.098549346921796,0.041724079364978996,4.21190994762746e-07,11.39564415667431,1552,60.98342316294097,1
-13.644966098887057,0.01838168023536622,1.1523017049664332e-11,16.993585424838972,1550,34.87182332842713,0
-12.770036999643729,0.01245710695628302,4.1560968314383537e-10,15.882151739161099,1555,6.792222221661517,0
-13.016732075235206,0.01606139128656016,3.7414426951895776e-11,17.210561249411718,1552,12.019354224584326,0
-11.251919781405377,0.017458016846072597,1.372226067153316e-11,15.697187543539552,1552,7.876008361674957,0
-11.26468504540779,0.014749281472488336,3.217632234636289e-10,16.48803675523592,1555,23.486220249805598,0
-11.343215841236525,0.01093666519490646,1.6838516321238537e-10,17.22240887508095,1540,36.42843256647567,0
-10.757725429092826,0.010693990346724984,3.236836998472937e-10,16.689307239974564,1555,26.5371744220001,0
-16.62479870529633,0.02425486486063025,1.0173963832527796e-08,10.660787424924179,1555,56.060650167384075,1
-23.474316017379177,0.11479714457504381,4.9763698956762026e-06,5.650395509918876,1550,104.44036993816756,2
-20.0792752947303,0.11343300397231351,0.000777242401667862,6.9755247150139565,1540,112.53810300923138,2
-10.614531076081779,0.01667773820092495,1.8282232905025135e-11,16.40382877998999,1552,18.5834557370455,0
-24.621191725374455,0.09105274404283831,0.00045907963905664727,5.6424100047977355,1540,117.48779708474615,2
-13.749677364533529,0.0181045073395205,1.4161491223118988e-11,14.98675371897599,1552,27.88759760059921,0
-16.74312996354793,0.029279803226504357,1.712682079582457e-07,8.86292897024636,1540,44.91306170298917,1
-16.1796856410167,0.040009085886446194,7.836517559783019e-08,12.67029910042243,1540,65.76965603303927,1
-11.936032246966239,0.015573883245334295,1.5724328802800637e-10,15.838726051044524,1552,33.66858111859699,0
-18.25258946589919,0.09369842647632731,3.3070874831565254e-06,3.5838317991016755,1550,88.07608613599757,2
-22.109783790942494,0.07407493875864546,3.300722333989675e-05,3.3074583560145476,1552,86.70251644239474,2
-16.676352520005207,0.0293237573760394,1.5844866441263214e-07,9.188646811391267,1555,40.208500739076996,1
-22.59211916757232,0.07031758541336347,2.3250940092849083e-05,4.685208442440725,1550,119.93417405292905,2
-15.713695977040897,0.02445872391409715,6.456454246465475e-08,8.51599905952918,1550,41.0422221118028,1
-17.274783641654064,0.02043850652952842,1.7764795046304396e-07,8.584567860877957,1550,60.16593958913265,1
-12.782610157975665,0.014775659718664524,4.1818827875511253e-10,16.456325244738945,1540,21.080636894209533,0
-10.56712853962608,0.01124888341676298,1.981773668199707e-10,15.237729883877932,1552,11.582049826767646,0
-10.840599203765574,0.012905752347388454,1.4624046350685026e-10,16.735152803559497,1550,25.385227691090357,0
-16.159892652803872,0.03126766622029772,9.092850457072289e-07,9.51950438486234,1540,73.3139616636577,1
-16.21509097061121,0.036515124223106536,2.5879326777091083e-07,11.42361268610666,1540,74.11114706526246,1
-11.053926928260722,0.011814175951847337,8.000758714170735e-11,17.747711454924556,1540,9.443054481424044,0
-19.173625739379236,0.06226216187832326,0.0003900423023475399,6.8516046701633915,1552,106.6329105622237,2
-14.366297173853402,0.04832996707244875,1.6653172854450035e-07,11.579250077634056,1540,76.98280878746934,1
-17.828339144285735,0.04947692601756282,5.374012466239201e-07,10.8981972776701,1540,79.66030753114008,1
-16.549512766192635,0.02993925662970186,1.0152814649077816e-08,8.233832841264169,1550,40.74321336220397,1
-13.15120750896432,0.019484797621496186,1.0708095727665827e-11,15.924502767267382,1540,33.70969009190291,0
-11.27747115475386,0.008066913290820677,3.2405457187301875e-11,15.182778696166416,1555,34.92605705669773,0
-13.01864216098398,0.030668999654220673,7.197891229656848e-08,12.045636126790441,1540,77.26429980590643,1
-9.493703961017182,0.007458803930704173,5.7918541879785406e-11,14.563474415803444,1550,39.716250006187465,0
-16.319451768896982,0.03919243136113039,1.1681715932873489e-07,12.077934902578843,1550,47.728179395274054,1
-18.052017670012575,0.08174326736455767,2.6445039602089666e-06,6.636546885148235,1550,81.74088354493239,2
-10.274275950860897,0.008203509505042884,1.0503754816511302e-11,17.10622988714088,1552,33.213386178626166,0
-9.312594138004478,0.015378910448998879,2.0497602796716393e-11,14.973770467061643,1555,8.277151266677024,0
-16.180989457838326,0.04110755176996314,2.2775214357512866e-08,9.816617417868757,1550,63.53775310562092,1
-13.493700426924205,0.017707092345406777,1.1539066860254391e-10,17.366893446978704,1555,39.581258815445715,0
-17.195222562716353,0.03228028891486834,2.1045220536178314e-07,11.168548717115556,1552,58.88786811032486,1
-18.43992895571964,0.11258656414894695,1.488591333588547e-06,3.845359012783825,1550,101.82367077138814,2
-22.59283701715544,0.09457720232655029,5.2419849112662715e-06,4.122193616229083,1555,96.68159835876929,2
-15.093818275727672,0.04355276611774971,3.8696698277366235e-08,11.779636724986187,1550,49.94828623865871,1
-21.956737916320076,0.054177170223597505,2.609461056850274e-05,5.583803171483998,1555,93.99904123912724,2
-16.88625614863148,0.03012968506402819,9.565350362260507e-08,9.584427760861354,1540,56.562744777617695,1
-17.820357674720714,0.034485047042050805,5.241479201089068e-07,10.46183863792665,1550,66.48990190085921,1
-14.689363255728756,0.024738391172653043,6.431723531162103e-07,9.153173228307066,1552,44.610369161041476,1
-12.29162713090773,0.019299745583014408,6.402968738375526e-10,16.854825034706828,1540,7.527461486731578,0
-16.14291544003384,0.021181704886690602,5.327118493794271e-08,11.053213754608224,1555,62.79301909328535,1
-13.66601461368914,0.01913515261507036,9.389310139739737e-10,14.35427269530032,1555,10.809806123629382,0
-24.39937926441783,0.0883218568703642,3.681467543792632e-05,6.628539085788446,1555,89.31968210183759,2
-19.891084379016682,0.09975588875605029,9.184903572216343e-05,7.389753402920039,1550,119.30439965618977,2
-13.978831054838867,0.036497632115589894,3.4615637198232746e-08,11.930842107246857,1550,59.63700375945323,1
-11.50552167732029,0.005181546751641611,1.0425020992219305e-11,15.42811737588005,1555,24.31966057422524,0
-18.3008487314039,0.11396761201566838,0.0006013256575257079,7.89251191648864,1550,89.16458671026706,2
-11.121070686127942,0.017804818234116677,2.822111501474781e-10,15.441576160216446,1540,18.5382534718158,0
-21.706701242474786,0.06276301337885498,6.185865254989113e-05,6.465660875968005,1550,112.9245156340906,2
-16.186316760137583,0.020507880572766053,1.1071092359195787e-07,9.676239178501655,1555,72.65337595580331,1
-16.10204543122633,0.021446067261375105,2.2107876732230916e-07,12.93273382653392,1540,41.597287570624374,1
-13.206210424439583,0.01884022151009918,1.0123631676129378e-11,17.575234172866523,1552,30.782985732657668,0
-10.119240679471886,0.012296136484866299,2.8151405100721984e-11,14.780698460160025,1550,26.396108546857846,0
-12.637211255922997,0.018073185210621897,9.332211420827376e-11,15.222305837311303,1550,35.54009067541756,0
-12.00436949777517,0.008633857363771511,2.552560175069663e-11,17.81821536967,1552,27.497209471797476,0
-15.416155464279717,0.03567546880448154,1.5864963649225723e-07,9.341655325596626,1540,75.32820807493849,1
-20.728488187283588,0.06290172660136535,2.5733632447474233e-05,6.387552671206182,1540,118.82856217685338,2
-11.207978751320976,0.011363330138704643,6.496938715942333e-10,14.444789929224605,1552,13.878876085559856,0
-12.787951337924598,0.006722552371088053,1.6643324655078526e-10,15.154522212961023,1540,22.713638472577145,0
-13.459153062246203,0.019800451941206356,1.7325927705357814e-10,16.603465581016565,1550,22.023706983111282,0
-9.664239244994391,0.015095122494330156,1.2414488908656423e-11,16.26529152066613,1540,35.878227835726776,0
-23.8135820755596,0.050069430512873894,0.0004051354666853023,6.357638939070338,1540,111.10118259908926,2
-11.416518712867166,0.014856669927502501,7.43610986009141e-11,16.920157266247273,1552,13.67058463254051,0
-12.130394764935932,0.01916672874041455,1.920740945611034e-10,16.68591659466883,1552,9.066683478390608,0
-12.521262187024897,0.008836155523224505,4.5169149942677067e-11,14.65848205294602,1555,11.952560191409201,0
-19.535824549741907,0.0989986084123824,0.0008171582551596336,3.124581398429655,1555,114.83221010838642,2
-13.731727602753445,0.041088478735360104,1.534245764077636e-08,8.08040043202953,1540,48.63244745674633,1
-14.445621862082287,0.03523331858208694,1.7853863875621804e-07,11.5025349783944,1540,63.704632463925854,1
-14.5255645709636,0.04452783640854639,1.2260252907035023e-07,8.160982110436684,1550,58.4892386363121,1
-15.76354230063686,0.04370497447792849,4.0205804465688113e-07,11.59827536639057,1540,56.180656124605264,1
-12.02739100695935,0.006601340989038266,4.691590839024668e-11,14.678719615582262,1555,21.229444172899374,0
-10.608034267970464,0.01490798623154729,1.6954525422848542e-10,17.39687657877642,1555,25.87348964411302,0
-11.528630749308643,0.01359941567269101,4.744756466476004e-10,15.617526006196098,1550,23.162119684899313,0
-14.699986977127002,0.028668734574221515,1.9119948879601515e-08,8.783170905952593,1552,40.392324588559056,1
-13.405737107618814,0.005224249566563584,6.026120369551977e-10,14.979814033463825,1550,9.142086680125727,0
-9.853428829371204,0.015600133005165499,1.7156852269580491e-10,14.623923454795733,1555,25.324467959399975,0
-19.63704592790093,0.07210748793984914,7.212865755794453e-05,3.2484604175138747,1555,98.38463983487799,2
-9.982595348075758,0.009230518588569598,2.2640138930532097e-11,17.002459006563434,1555,25.15736013403296,0
-13.688029657008613,0.010029185751174435,1.3615483728961754e-11,17.90137253391628,1540,28.42580132066577,0
-12.804723339013671,0.012645863701275472,4.472725201185632e-10,15.118814153885918,1550,26.020801667621605,0
-10.153747203792067,0.013950844851593255,4.72502456093921e-11,15.050034417066176,1552,8.959757818590827,0
-9.544891585163942,0.017204132200510338,2.69095011650688e-10,14.995188255012591,1550,19.608402963016566,0
-18.3655677797277,0.1004745575112021,1.766622494632439e-06,6.353188731632228,1555,103.33986139857433,2
-17.911074293687584,0.021006775449417536,9.244995975365587e-08,9.490986490754647,1555,63.54892361228296,1
-10.051358690960189,0.008228309678995682,1.3547456921732035e-11,16.12729404324322,1552,32.870506508868225,0
-11.3621817550029,0.00757394550597785,2.1623176288923018e-11,15.850374188420613,1552,22.69322771032216,0
-10.659096690210475,0.01843718152097868,1.3048974848491947e-11,14.562613356934667,1555,17.473526748305986,0
-9.747478858357015,0.016113039025778268,1.216596755523709e-10,16.61434708017768,1550,31.466728193737318,0
-17.26138235801434,0.029447286425801487,1.5323435048195987e-07,9.792011193469083,1552,71.08574274090184,1
-20.039585114203117,0.07913537765303388,0.00046688165264620535,7.917601538613673,1540,105.43539072984831,2
-16.353063390067017,0.031044007699434148,1.1974696334095988e-08,9.634393948826599,1550,45.73193372057301,1
-19.72841578228756,0.1052980897955928,3.1402801919521674e-05,3.479348373541092,1550,91.5967294371432,2
-18.05083886867159,0.10157324163124698,1.1223628448854365e-06,5.481299890209193,1555,101.38825437118834,2
-16.151978511931176,0.03820243070976592,8.044541634532918e-08,11.889930593602536,1550,70.5944794874975,1
-19.46324220791911,0.10707447012823013,4.91592633048352e-06,3.242114732133889,1540,96.80299460225189,2
-19.41972580114475,0.08470268400622484,7.827632189992906e-05,4.65625623495998,1540,98.2688564829734,2
-13.913559776183185,0.013245269204848673,5.194315101223927e-10,15.896408303369068,1555,12.826089191328489,0
-22.157685472621182,0.1127550831581767,1.0051859917507078e-06,4.757376057538933,1550,94.97256633134714,2
-15.82654803668207,0.03279322385877296,1.131086202920533e-07,9.806913057827712,1552,76.12004340605985,1
-9.83804479149046,0.019874365144418423,2.1243809987631225e-11,16.76711055656793,1550,21.345625328260958,0
-24.9237316888226,0.11090791287762057,4.5274638754942545e-06,5.279616368501876,1540,92.38637233493093,2
-22.152149628740588,0.0752302181376353,3.647686813583424e-05,3.168755293887291,1552,106.14824419206843,2
-14.868925045707273,0.04095830666163286,5.570101859730441e-08,10.397484182391299,1552,65.68054338700965,1
-12.542579315787318,0.012055573510772997,8.175078126112236e-10,17.06682095198726,1555,38.573240236333774,0
-17.914259229908193,0.028779130451665268,7.048624424209015e-08,10.552848748076432,1552,65.24263112670785,1
-13.491779111148453,0.036369308549729404,5.460778121667271e-07,12.413684194911223,1540,68.1095795356214,1
-16.825706535006997,0.030233669381429434,2.4601795986006756e-08,8.750669229150128,1555,59.2621358850904,1
-10.736201220119373,0.016540936652612033,2.0578731061972342e-11,16.96606900930796,1550,36.07137282948952,0
-23.328564737351506,0.11180830144438667,0.0007231808820851413,3.194850678996608,1555,115.80552103846065,2
-24.50800905551614,0.11087404349242337,2.3372192019803953e-05,5.314757998193239,1555,100.98484406477499,2
-14.216541133619831,0.033617983469106855,2.656577719070457e-08,9.00969080970933,1552,53.21244021587386,1
-13.86818328573905,0.03640418388543455,4.312996912642324e-08,11.716929043679798,1550,47.20199599867142,1
-13.683125147636162,0.01984940348584918,4.412733400757093e-11,17.23949778341854,1540,9.858867070470712,0
-16.688152073555127,0.041121229799322104,2.261453306064235e-08,10.321352024819802,1550,60.50892804294209,1
-20.650920760482478,0.05325780276954818,6.657836674880919e-05,4.872180786745072,1550,102.364316823514,2
-23.215514037853637,0.11404405287590862,0.00011551191442694957,6.686093582184702,1552,110.03893038668423,2
-19.399530466243075,0.08516558422458971,0.0001312891835279558,5.849545401063809,1550,82.19055110103302,2
-14.065196365072953,0.033854196020588596,9.958215849379075e-07,12.195457493260527,1550,44.00258686266133,1
-11.951635653537405,0.019673310027898374,2.3002964159167845e-11,17.196631884419126,1550,33.36638760254131,0
-13.438085125356453,0.010216067533389734,5.660331768663796e-10,14.806620845067568,1555,29.68769418138387,0
-9.259007466284663,0.012301265725284734,2.538925507802049e-10,17.407877014223367,1552,7.46925222984631,0
-12.638463367403155,0.005275860148212001,6.739033466622757e-10,14.471004331560565,1555,22.4331763728852,0
-22.61097291648023,0.10352388237194562,8.185139253163724e-05,7.789580434201964,1550,118.49521308908156,2
-12.265570118178072,0.011534671856847648,3.881160794471032e-10,15.11251662194645,1550,7.762879103129444,0
-15.676390219006253,0.0493284610257126,2.269844105083226e-07,10.036232086310353,1555,50.13877378862654,1
-13.678343526168952,0.04344303544173844,8.224215055991963e-08,9.607070505100038,1550,57.701488631091735,1
-15.147199741295509,0.033269732100986306,1.2966962719206628e-07,10.588052387064126,1550,65.83666105622056,1
-13.393759258361527,0.029184459527557244,3.1291180196331586e-08,9.9215009378026,1555,52.336843553147204,1
-24.750039032042796,0.09761542827010475,1.357939993616357e-06,6.910282344344116,1540,106.62901285164516,2
-16.87634177914151,0.030083914414494366,2.801892476007043e-08,10.260864777952206,1555,46.29501770293924,1
-10.400015986862769,0.006517484294196548,1.7630949743637267e-10,15.42426919647658,1550,29.386418522739152,0
-22.351552458213163,0.10862975062565997,0.0001673916040547908,7.776878639034588,1552,81.70453153483321,2
-19.476924098616188,0.10981746402111756,0.0005781297105874744,3.8060620695918495,1540,91.99853803525964,2
-16.350860852875602,0.02186153157906298,8.952656824359153e-08,9.349188024089388,1552,50.91313539657192,1
-10.735135390460304,0.01369428645842205,1.1077377704018901e-11,17.954159948182827,1555,38.48521518612724,0
-15.71227296313294,0.03022290468046662,8.622408459910878e-08,9.557078769405793,1550,40.4488355990985,1
-20.374786969375986,0.05851336210994894,0.00017120683939428287,5.601045369781573,1540,101.06639304445665,2
-15.840062037874214,0.021701454148466765,1.500325818839412e-07,11.781474619301969,1550,77.80470115549345,1
-23.95345583088342,0.07921907767285115,1.0156840455337494e-05,4.752044724090192,1550,116.8019542574416,2
-10.1613805596661,0.012572673228395267,1.2206778012067718e-10,16.0559834712349,1540,20.351539671635667,0
-20.731451958961905,0.08663896789826789,0.0002240301179335429,3.144440861359809,1555,101.45614043500335,2
-10.269775603672883,0.013750531476457394,8.401272991858845e-10,15.499482318094817,1540,7.901196259267397,0
-15.174958586735844,0.029878215174202628,1.9082951649592625e-08,9.85596118072997,1555,50.982907827183865,1
-12.184496316829948,0.018457795114469284,2.1762481420719464e-11,16.028204415461765,1555,12.07054839408715,0
-18.303084905193913,0.1018870462230611,2.4850360267966366e-06,5.556344095674172,1555,111.20104258295558,2
-14.60908707705466,0.04706582355148027,5.90832879848844e-08,11.895520936693233,1550,51.4063611804027,1
-11.373747675847559,0.01961046837458096,6.651322516893713e-10,14.646851113320432,1552,37.97498687981416,0
-11.17126346724427,0.015720534745733865,7.506011591536918e-10,17.649018244404623,1540,39.068800200261514,0
-13.886180322663149,0.04026366854069752,1.498761960373011e-08,11.415400867370677,1540,55.02823221521082,1
-17.309845424016817,0.021159901585342998,1.878463718824054e-08,9.429190723319644,1555,43.07244110559682,1
-20.643749178233232,0.050394703645027135,1.765495560269686e-05,5.184089103153771,1550,106.09832593951815,2
-16.39315022129565,0.02112463870608978,6.848651706984965e-07,8.698211651047918,1555,72.76520886244005,1
-10.117565593421666,0.016237367347647975,4.545153710185557e-11,16.4434403340674,1552,24.025845121895223,0
-16.945915410231578,0.02297978415834882,2.9389031362549003e-08,8.956553090158941,1540,79.65516873793183,1
-11.680049342677876,0.008960065249391988,6.768336536943815e-11,17.553856439691682,1552,24.50680093505528,0
-18.543213807972435,0.09963606769966947,0.00022688337977231574,3.425162267509686,1555,99.36219210062686,2
-10.759474827329383,0.018126770668370703,3.8110181801499426e-10,14.564430376085404,1555,33.85226565372723,0
-9.286951449206722,0.01726977156615808,1.4975762330077004e-10,15.008727927277079,1552,28.793381206046558,0
-20.299320960592453,0.08271066670399149,1.349247984157498e-05,5.7784559723931945,1552,99.7052113576867,2
-9.655496872297146,0.010635083778225897,3.924086292211548e-11,16.596298635177572,1540,16.36050404650946,0
-20.27122859920044,0.0722969043142982,2.1952903696103318e-06,6.076203574789403,1550,100.65778186365216,2
-18.443182325005736,0.1063401240826001,0.00015584115643056353,6.934351345925625,1552,85.29268063428403,2
-9.221752663667553,0.019304489117445343,5.065870790183556e-11,14.172400435793296,1540,34.85242343491035,0
-12.093850236125617,0.019860688379346576,3.127765423545211e-11,16.025825508146056,1552,5.731832931733224,0
-12.11015822179358,0.011955137086597671,1.503296444955047e-11,16.435996444207714,1550,25.562936779937267,0
-9.80026417663764,0.016592341700252068,2.8847445800804638e-11,14.525340505637512,1552,38.28022467876436,0
-13.830046189504518,0.024208550383639005,5.931004113774672e-07,11.648863186680787,1540,60.115763117616765,1
-13.368153314504102,0.02254685163350911,3.486908513279212e-08,11.83874045773217,1552,43.16578673112838,1
-12.580609092046434,0.012234369859943152,2.748896887205093e-10,15.435474763975435,1540,33.31004886617478,0
-16.917389838824974,0.02348190951952022,6.105799017237861e-07,11.198224718790268,1555,42.23553073012301,1
-23.764946842058396,0.11556032588516121,0.00022689024128828362,7.2840721856692685,1540,88.93618498544906,2
-20.769314144950606,0.11057231656894669,6.1876963226887005e-06,5.152824210849324,1550,98.24391553567757,2
-21.739645536896386,0.1007594238607177,0.00037511336414929644,4.514790405978181,1555,111.40724082893108,2
-12.793966126859885,0.007522116288421206,8.794111878921966e-10,16.470229252838475,1540,19.279802678685332,0
-16.40662423133567,0.03229652392625812,1.8541895214111072e-07,8.120559196631989,1550,66.23109207136721,1
-15.579304364410275,0.031236528902098926,3.677592552106531e-08,10.493757705454842,1540,76.47098188096572,1
-10.201942856501017,0.007817642788066612,2.751584831720979e-10,17.467733873407536,1550,25.50526759587317,0
-13.368582637077155,0.019186647458695208,1.8414000684905185e-11,17.098691748727195,1555,6.624101010529397,0
-13.356968352114903,0.049276800136876964,7.553750043787746e-07,9.359441609592624,1555,75.32457148297279,1
-18.368630415434566,0.10915786891498128,0.0008866728992484075,6.461169373227104,1540,82.18321242358108,2
-22.680166646907814,0.09602884130833372,4.8917162980312315e-06,3.5246710925720217,1555,81.04624578129652,2
-9.566598063509762,0.00891340435012571,1.07302312233361e-11,17.733745232317933,1555,34.97714444159128,0
-11.588873848313368,0.012804854392870785,8.922551648587442e-10,17.863081775537147,1550,13.19359327397242,0
-22.16864213284432,0.11017146738731697,0.0005339774243849872,7.520702361661378,1555,96.36832845407699,2
-12.009225277076125,0.009535754091686402,3.9031331796483333e-10,15.343146334011344,1540,8.161149610467557,0
-10.237861186922137,0.006357225429305761,3.778950394505722e-11,14.436438527062998,1550,19.144911257786156,0
-24.04781502585678,0.0994078826697477,0.0005748083548231183,5.881853049277721,1552,111.63640294281916,2
-11.261076528083404,0.01968436260561656,1.291192064331815e-10,14.759261211888624,1555,19.79550229128763,0
-18.44013159502629,0.06437230369632987,0.00013058036195348586,3.3343428859467714,1550,115.70461336356126,2
-13.508704581625878,0.038896511110135985,3.0313446457864726e-07,12.182229481298064,1555,62.5351583290246,1
-16.781694937290776,0.02581147826838681,1.0106221613219317e-07,10.1485040352158,1552,59.826575291876765,1
-9.993165420902404,0.016498827859574648,2.9324570507442303e-10,15.197774041967547,1540,19.743681865292523,0
-14.052808005922724,0.02538060077793656,1.4010250973367256e-07,12.919229614237729,1552,59.46266734431753,1
-13.634741115946698,0.010672920246216204,2.630623499370383e-10,14.080094138078826,1552,38.99541111073072,0
-17.475870752387536,0.03568976830714258,1.3972310175293832e-07,9.409298650003288,1550,79.12392477262853,1
-20.950972933858605,0.054116657153887734,0.0002194846337691359,3.3687452442292076,1552,92.95775809214487,2
-19.891450875171735,0.0816408922685784,8.626805917436077e-06,7.279503815752579,1540,113.60705191292016,2
-17.637507029974728,0.046858965131268415,7.717394924863883e-08,11.298586613199632,1555,63.02308502793681,1
-17.84484483727527,0.02814172051298961,2.900703339033539e-07,11.375747097244872,1550,58.05835384001962,1
-15.231476385556473,0.048140843820934025,2.8054320116399555e-07,10.754946222481117,1540,59.242687633898946,1
-14.318686161111799,0.02728465565033701,1.017747858997385e-07,12.087655526022527,1540,65.54842327051497,1
-11.206352782377305,0.014374134126610923,1.560189550994301e-11,17.80706206456931,1540,39.219948448892495,0
-11.525857716892899,0.016134653683005866,3.473950085681209e-10,15.998473647995048,1555,32.526906200356706,0
-16.539772209510424,0.03784469298471731,1.1349736509693428e-08,8.323501652519942,1552,70.11477778014282,1
-10.09737242378069,0.009122090533222042,4.4180297606059106e-10,15.69495301459505,1550,33.33354915189546,0
-13.535846868683803,0.04415286507872269,1.876902402705951e-07,12.427036614667653,1552,49.06215394105165,1
-13.869016457339676,0.005362876458370329,4.6067440899269515e-10,15.09228323989125,1540,37.53659230064895,0
-15.829618029015402,0.025759265175777136,9.471935202884306e-08,10.006074138556645,1540,79.80380170452725,1
-12.359199638231962,0.005806584674929751,2.1812928132224474e-10,14.925119713263822,1552,9.198352960583943,0
-11.921861089854225,0.008874506436913883,5.420298620983732e-10,16.67707316700334,1552,6.851760164473253,0
-22.305947124764813,0.05202115554684961,4.570136133828567e-05,6.402356944617638,1550,108.16332143602519,2
-21.39204286395161,0.08262835934874313,0.0004431995756045698,6.443009381580556,1550,110.42171938623227,2
-23.382617663181446,0.11903238210559924,2.87068545789409e-06,4.832558777794528,1550,98.27596283657962,2
-13.929016827641382,0.008864479981452938,7.941222209789445e-11,16.77163564409907,1540,12.459974175987783,0
-14.897656269742614,0.03379382039824584,2.4408303217282923e-08,9.517704539986495,1540,42.32253355564365,1
-20.024003285736033,0.06426730761294183,0.00034735236032165776,4.406473977641225,1552,93.17147895360169,2
-13.51066534029,0.031976446231592334,2.0235401040517082e-07,8.928073453531981,1550,61.42073457842868,1
-15.360279981261794,0.03442438367890298,1.50779033233946e-08,8.51081616953111,1555,56.03249777262999,1
-13.264562265122223,0.03808726434274057,1.4392792206071098e-07,9.159505608844574,1540,40.76390622412818,1
-13.550889352871977,0.008852450565877778,1.5312046607719358e-11,14.403766502225595,1550,32.39609859879853,0
-12.375386027966794,0.015309433438737762,8.379760649633408e-10,16.920973337431473,1555,18.97664030697279,0
-23.97901108781547,0.06804627418943784,5.7322002510318516e-05,4.5951363418667475,1555,89.13140248477615,2
-15.948509465843463,0.041294027962074216,1.0604599802278216e-07,12.653540058441669,1552,46.993476618648444,1
-23.347806763650222,0.06859688290995092,0.0009618490693159236,4.1777333688183225,1550,109.79697069131998,2
-9.882238866940906,0.01731044241150169,9.009502211995557e-11,15.403276437340063,1555,10.540636503696502,0
-13.29199480606313,0.047634414127754994,5.864404357848197e-07,8.489973710148565,1540,52.65288228037923,1
-12.517449281761007,0.011296712846694148,3.2539725665771206e-11,16.446054843462722,1555,22.896983960132822,0
-9.430618548391019,0.019715672933816986,2.1067910132043256e-10,17.267561158016672,1540,28.178125541535756,0
-13.254514555357868,0.04969169397664145,9.29669310865288e-08,10.340408105425492,1555,78.06932436097705,1
-11.911665020915027,0.006745377277467438,1.6810927340652705e-10,17.753928632856617,1555,29.266730380714733,0
-17.049370511554592,0.029977882531879024,1.6504094161167107e-08,11.011042321241018,1540,72.10521686400135,1
-13.051385547668469,0.030918166502121286,4.968088545489309e-07,10.67483352832702,1555,49.16100317167209,1
-16.22557898536571,0.04129865315689489,2.2763697934767717e-08,8.530524278577039,1552,42.83653243143964,1
-24.589515094214857,0.10276949811400161,1.3673906864689853e-06,7.6578072118425355,1540,110.8134448678729,2
-18.5190783588644,0.07028256221452675,1.567913446239639e-05,7.203395555772905,1550,108.3831677551306,2
-12.964620953945724,0.0060673742776014925,1.3740900196068435e-11,17.763138082012432,1540,21.100083845327962,0
-24.990438518874402,0.0931112591843388,0.0009819108206909415,4.460040247352283,1550,88.37873727220942,2
-9.965172545580032,0.011894973056039919,1.239236749907113e-10,15.731264008837877,1550,24.630606217691614,0
-11.376638466571888,0.01459062200814163,4.7423932307653955e-11,17.627466309359342,1552,13.955538928427448,0
-16.043858893582584,0.021947200886440095,5.974793445903835e-08,8.728705879369889,1540,54.38305604996998,1
-14.646448858329622,0.021487549115720067,1.2244672052233322e-07,10.575301728789348,1552,60.96289786026817,1
-17.88019307437865,0.04292661451526926,1.4515359502584924e-07,11.127947917348763,1552,53.865617278527715,1
-13.509777309445301,0.0129022574907562,1.3007629457981083e-11,14.442172665234322,1550,17.782977418990868,0
-17.521160569001864,0.02481033931715497,1.4822914479900337e-08,9.90655319976039,1555,72.8968924006511,1
-12.461485933050781,0.008632619755212057,1.399610480216016e-11,16.976114321390707,1540,30.155133964177082,0
-12.380049694466003,0.00630387522425524,1.8470623243001036e-10,16.94361845278401,1540,5.92862713558369,0
-17.509528168795093,0.049264714949931676,1.8924026853607365e-08,9.704428622345922,1540,61.757182501160926,1
-18.115130757855578,0.09151401984827462,7.485393930436862e-06,5.131728306829971,1552,105.64447105878719,2
-14.696323161876341,0.028371271613907807,3.3536183833519487e-07,8.602625011131618,1552,77.8812558769371,1
-10.2783157858915,0.016093797345173733,3.1277913510067933e-11,17.334158526175095,1552,8.508115736170012,0
-12.509025610622006,0.013978465252374651,1.0131788701468271e-10,14.207528310375968,1540,7.628277603185989,0
-10.49353328955808,0.016835609063030707,5.0344409101155416e-11,15.618614966594201,1540,15.234527935948678,0
-10.939168896384272,0.00749818382890702,1.1409317740888898e-10,16.360465689377882,1555,26.048447796905585,0
-22.415869190388612,0.05642037307245386,7.497052485608155e-05,4.193121218731984,1552,81.41209018056279,2
-13.14556206304967,0.015029648298866466,7.223571539891599e-10,16.227051572055718,1555,21.68168194442442,0
-24.59302980023776,0.07512475335174834,2.7816052630692148e-06,3.9391798114228527,1552,98.91680467447117,2
-19.000174345632686,0.10132929870837838,0.0006327656653173959,4.734216522827369,1552,89.72252766050048,2
-9.650352188015031,0.006892926365393549,2.268766688682239e-10,16.288218556725525,1552,9.432955549651787,0
-13.592626116518641,0.04373342354604319,1.2784017157682843e-07,8.369352089537339,1555,68.70889018973966,1
-14.520558211607156,0.027577852793574005,8.230158782111848e-07,8.150806857534194,1555,61.75574785970564,1
-20.609869855508183,0.09797309009201252,5.1487436313577346e-05,3.2208838812082794,1550,104.498057938293,2
-24.93325774539056,0.07742091458059304,0.0005248957018784801,7.4917950945993095,1550,108.2771654075274,2
-19.780479418308325,0.10763444122827198,0.0003695109730204064,3.53326358713965,1540,95.85122072957485,2
-17.599837151170316,0.02726989434361217,3.5266202178274554e-07,10.643429268394097,1540,45.09395105503541,1
-9.77290399149615,0.009452003075777583,5.111300832036951e-11,17.623807676778576,1550,20.724096217579373,0
-20.562431478634128,0.07007981037256675,2.047877141883019e-06,3.8932096545922636,1540,109.42496600870035,2
-10.373711697924318,0.012300034121370543,5.582728094649159e-10,17.602807456045035,1550,27.9253268591238,0
-10.203445724248974,0.015689984284798168,2.433996877867336e-11,15.885233098296485,1550,11.305552670641674,0
-15.30830254824992,0.04015868421484736,1.5809684198565943e-08,9.902879706890534,1540,40.35465112534494,1
-15.011564850282497,0.04781036338775242,6.26260977193492e-08,9.59547669936494,1555,59.12427784479988,1
-17.60658171529051,0.03278454645352172,7.792715446478437e-07,9.088645171235123,1550,56.605780154731505,1
-10.086519796279255,0.008980811137822918,2.2674241905707017e-11,16.766472222277276,1540,22.82977448524264,0
-19.63091814187105,0.06469491990956451,2.9435505216634433e-05,3.446429494589679,1540,104.61907561047553,2
-16.909125118610138,0.043939297380145584,2.3975295710627128e-08,11.606832818506494,1555,70.14487522337436,1
-18.861432004273873,0.08834492228338708,5.4673870768363356e-05,6.308536954249773,1555,106.28706021093913,2
-15.523154046828104,0.038079034602574655,2.2724802680270653e-07,12.422287377802565,1540,73.14205633860165,1
-13.455626118815337,0.02088658372824856,4.8963208840937136e-08,12.116918587520294,1555,55.22584586789829,1
-14.742704071419649,0.03466627282260484,1.1852665164206413e-07,12.163983368838974,1555,78.01341866673562,1
-13.008137300761494,0.01942460738472956,1.054229294592433e-10,16.9356814811508,1552,19.695463012379495,0
-11.884622386017586,0.009181336992029438,8.746648074523252e-11,17.67138969128141,1540,18.52551728257861,0
-13.145317987895758,0.011272171822441994,3.2701370682168384e-10,17.591858587391155,1540,29.16420026688752,0
-9.105402219400501,0.010795522057052104,3.4238708166500206e-11,15.686044730041163,1550,31.066275607047277,0
-21.98512844208313,0.11109409078873944,0.0003238160201239444,7.706906249885146,1540,115.483013804884,2
-11.719502366687042,0.010966600272965595,4.460778598977209e-11,17.925790381716517,1540,32.30294083072377,0
-18.425347930654418,0.09228073704791354,5.9863547228712766e-06,7.183195087034832,1540,119.76223827072454,2
-15.533532097186537,0.03495055673931382,8.97789823625092e-07,12.735582516181893,1555,47.02575330155466,1
-10.50243894616403,0.00707529638626702,1.8428536387181298e-11,17.878147468456635,1550,16.303476552943607,0
-24.97355270357566,0.11837805253130962,0.00015365974552541164,4.642494598489138,1550,115.6944432311878,2
-10.357546614191934,0.016646711697495868,2.0526914594247956e-10,14.709715077878828,1550,31.361556756969097,0
-13.5539925076955,0.02935816646470513,1.2157981396018538e-08,11.249380146157598,1540,56.12302170800912,1
-14.849072154727137,0.044112648427075726,8.017086620920578e-08,10.59545865169864,1552,50.755324491173376,1
-21.508980046543964,0.10581303600172551,1.5266037316940436e-06,7.444491481258155,1552,85.36331087819933,2
-11.676375984596643,0.014234179278835385,1.5491480237465173e-11,17.802137898112665,1550,37.51573100008804,0
-11.990240376923902,0.01768617317488645,4.926427564863121e-11,16.61848477406185,1555,8.025601361068949,0
-23.754905565260405,0.062114336444049345,7.066210557835276e-05,5.818024612770808,1550,109.2482233018198,2
-9.101087710727391,0.014842010270308709,1.81824707627934e-11,16.747443990700116,1552,23.45898677429367,0
-17.472756806243527,0.021554031002474303,5.738869510108117e-07,11.504546909773445,1550,66.83430813322781,1
-21.230217288365555,0.11902258929923333,1.2154314308479592e-05,6.856256764195203,1550,82.15804529096408,2
-16.168083038717075,0.03480325101687698,1.3364505076300022e-08,12.732290472952748,1552,46.46165839757078,1
-10.353826285431785,0.014126134038200268,2.589813717875386e-10,15.497921599872068,1555,30.295821328358162,0
-10.63858673743424,0.01263037911094064,2.7685062751511e-10,15.410764480678939,1540,34.48870779231306,0
-16.079763086212377,0.03829612754769067,1.0099970647646148e-07,11.592666464850183,1552,79.54098669303687,1
-16.883853040695335,0.02489392744945314,8.20409609320943e-08,12.003387178650748,1550,72.37776175514539,1
-19.228844319993495,0.09918572364336206,1.43467990446104e-05,4.92740156601663,1550,113.99186682614626,2
-17.837593389820526,0.0446255991408399,3.5600760379732744e-08,11.982742770232493,1552,46.159519611098276,1
-18.779497733741398,0.09744958290147843,3.2135034805759372e-06,6.524011724204303,1550,92.16845509018907,2
-16.410119752766892,0.03579240831184635,3.644615071944431e-07,11.844566050456308,1555,64.65520104595336,1
-10.713405874218637,0.011370185186276877,2.0226639831730396e-11,17.225611276986296,1555,20.89586145587173,0
-9.842008517794618,0.018987376696665198,3.16362373895977e-10,17.37180156070724,1550,21.987071399704632,0
-16.24947597857718,0.026731004830771392,5.0779478540440764e-08,11.22665406414761,1552,63.764185531017006,1
-20.175076479816173,0.0718135959778478,4.1792757694113285e-05,4.274961982054745,1552,112.6136730455108,2
-11.323322179922382,0.008498246173247018,4.8512508133007214e-11,15.895879765722224,1550,32.62099335125684,0
-23.694453220499568,0.11849039567923275,0.00014183471959777603,4.252434208006113,1550,111.82041839781756,2
-18.704437024347037,0.09139417676630146,0.00043883493664312426,5.459195521761703,1555,112.65352747616976,2
-9.726269339846375,0.017676224566032524,9.130782592284375e-11,14.709726608998393,1540,14.807574244669986,0
-15.59904961338986,0.028040988978556777,5.777956881886244e-08,9.773313758824795,1552,47.55714221794778,1
-13.775299789906127,0.047726502867306383,1.0244972111123619e-07,9.23672335571672,1550,50.649131452698725,1
-10.958402499961142,0.009215746252503338,2.2232694517084693e-11,15.51900609167727,1555,11.994444494867883,0
-10.258123752859088,0.00893052506760312,5.800088400418911e-10,17.567280845626453,1555,5.508694734309674,0
-20.686004578347834,0.10630049211883133,2.614147000854159e-06,5.992473550066379,1540,103.50509188965883,2
-19.697154499992774,0.10058552342630886,1.821435182803609e-06,3.1082034498729234,1552,84.76106311772286,2
-13.698248325957216,0.024208044849062856,7.242349774797722e-08,8.486122089632124,1540,43.40112865421398,1
-13.753252181512893,0.013540019478608376,5.827179317047514e-11,17.02875647872788,1540,33.41887098367806,0
-11.805456298968807,0.01929750765156751,1.6459875454823626e-10,14.879997888946502,1552,15.268638645404241,0
-10.449426168313604,0.006435935821165959,4.319061569563852e-11,17.874698422297428,1552,38.53413031218018,0
-22.70894449500379,0.09831818192551565,1.5244077769790996e-06,7.286673224614384,1552,106.01999938055762,2
-15.859359746449291,0.04949772832884709,4.546383781493028e-08,12.382146374212176,1550,41.61125032665086,1
-22.875773107567593,0.06938026520825953,2.592119665991335e-05,6.3807483921118235,1540,101.76214728991903,2
-16.213256541677037,0.040874855460864556,8.061800764675603e-07,12.815320563815101,1550,75.66337245900101,1
-9.069860359017852,0.007706357331220557,3.4044879318384525e-10,15.355204679708452,1540,11.482262907536272,0
-9.77608385941556,0.016415359864144982,1.7883010982507507e-10,14.524979510729551,1540,36.91426122359689,0
-19.215853608893855,0.05342089710949459,6.178081761097776e-05,6.21586897669671,1540,97.73650784791519,2
-17.04100221271704,0.04146666487385285,4.346498256335885e-08,9.66683319038098,1540,70.08177347530508,1
-11.986481395027198,0.015087608940104736,2.314106693411792e-10,15.260957738597803,1552,17.76347366820178,0
-14.104094967966219,0.03468399970257961,5.885583712685963e-07,10.95067878352276,1540,44.99533252962585,1
-13.410137581859692,0.005677270466184379,7.512764481141905e-11,17.375973887768097,1550,8.519695622920551,0
-11.101035780835225,0.007497553205742726,2.657298915944132e-10,14.703561133674649,1550,26.742928566805855,0
-14.634196336098679,0.04991613523552038,3.633991096589816e-07,9.452817557887276,1555,54.93856867170888,1
-12.61267660137523,0.009224240631584476,8.447352959716158e-10,14.041137983742768,1555,24.005750080336746,0
-20.315617854348396,0.08449980372334559,0.00012399645090287997,3.170489308333766,1550,100.8541590074729,2
-11.065897774632182,0.01749168606534942,1.3949011040825215e-11,16.762804157996662,1540,28.143168414165302,0
-12.246865343954097,0.005498046631870498,1.4360084461920172e-11,15.587693104806384,1550,39.211323521017505,0
-13.98194028521991,0.039144184654730727,1.3477819980007672e-08,9.7108649134342,1552,56.96948981181094,1
-14.791900006427955,0.026284586681587993,1.1502568536328797e-08,10.168112934508368,1540,46.89764317172923,1
-9.472305810355493,0.01753058795426369,2.476143122536273e-11,15.764602208922529,1552,25.580016220036995,0
-10.77088806856758,0.014553534761821148,4.799636342974643e-11,14.286847555390604,1550,25.859609476421863,0
-11.154245096727143,0.01892159134217131,1.1495462559145569e-10,15.414364583829274,1550,10.817018788306092,0
-14.50709864273605,0.03852369741193282,1.4112711051986636e-07,8.897696260997964,1555,41.82906459049091,1
-11.97142787909526,0.005616235474333329,4.949678019057337e-11,15.060914090010698,1555,35.9117568523263,0
-22.888210644278814,0.09668455809261112,0.000682539313293274,7.569990880198577,1550,105.35311147775771,2
-12.210943753322034,0.013906709479151784,1.4164030630735687e-10,14.645831336256961,1540,11.958492132809102,0
-10.817982012769944,0.017014239420235996,2.2611880663767254e-10,16.293468166687735,1540,21.03885116720308,0
-19.210681562000193,0.11822361817652959,0.00034420278923466476,7.275979030984893,1550,112.64614895530113,2
-9.137427589201288,0.005563341046102843,3.717631594491285e-11,14.781690346553397,1552,17.80200316370577,0
-23.03480632940139,0.08550470728202472,1.4765328648215573e-06,4.203772074089036,1552,85.58267269233286,2
-15.355530167340783,0.032524785570547984,3.9090706512997513e-07,10.713270281535607,1540,77.8652698386135,1
-12.215313510259325,0.019842799392513006,3.3507709597593556e-11,15.019213064126783,1540,22.742554062701803,0
-13.090913950175803,0.031092661678403067,1.78482515934141e-07,10.450644306682983,1540,45.22495867477167,1
-18.723198073458903,0.11102173615385152,3.411385089252694e-05,6.2987221413473025,1555,91.31164821071857,2
-13.184784888028927,0.031866166290834184,4.736634467888855e-08,8.961313280099692,1555,71.39092812569537,1
-12.520368255098559,0.01575571908060657,1.4741481045369723e-11,17.247446799330337,1555,31.189688708903137,0
-17.893055766624602,0.04832523090516986,2.1848761944079354e-08,8.047790930740343,1552,76.35556019396446,1
-23.393269810794877,0.0858631178688708,0.0005422778299025041,5.561142626827664,1540,116.60566974515149,2
-16.177149213878742,0.027982379308991542,1.517118896056769e-07,8.758365702716823,1552,66.08058461356525,1
-10.981022735253061,0.015298848702389102,1.6942413465575747e-11,15.535355532179917,1552,28.193257957077442,0
-16.14098504362732,0.02732283717477807,2.870958022814642e-07,10.098361460786341,1555,50.15523384496127,1
-18.17506674311912,0.09851777416829399,1.655053758875589e-05,4.948720918134875,1540,88.88756704833203,2
-22.99060375716591,0.09640644914007278,3.215190123588694e-05,4.673717334786627,1550,108.50551805726323,2
-23.241380327298764,0.09313019384855434,0.0002786109425718602,5.261305050376203,1540,97.93466209577905,2
-13.76043066043333,0.019227804912708726,2.644357539411644e-10,14.027186194344447,1555,39.12164954835822,0
-15.868401665978427,0.0413763279585978,1.9558332381917196e-07,8.926078590752805,1550,50.18309272855704,1
-13.774471795098691,0.03063881283329356,1.236136050412757e-08,12.933877986927788,1555,68.96823290783796,1
-13.185924751615682,0.007803716609126925,1.095446864695889e-11,15.562728443943756,1540,17.35354762083248,0
-14.183093701082187,0.032880283501123236,5.287680582792321e-07,8.753662036482352,1552,77.95186850234639,1
-13.035986026616968,0.010840520155721008,7.59667596181485e-10,15.70842625134817,1555,12.8223009989544,0
-20.018127222450676,0.0687820983262668,0.0008648811997134871,7.28947878637579,1555,81.02217138597518,2
-20.41513514172778,0.07014882051537613,5.277131662670593e-06,3.6412410282253242,1552,98.4164696010222,2
-13.47451224893181,0.01532601936064035,2.0744591174569917e-11,17.150707361343017,1555,33.15310449481952,0
-13.229920979404064,0.03533014290633761,6.724029291638286e-07,12.839060684957616,1540,45.488592478560975,1
-23.351066981326305,0.06721503730702415,0.00031581483905599654,5.740434340303247,1540,81.3437275631803,2
-13.199875317684029,0.005350281444922789,3.2540725240428303e-10,15.834092035527563,1550,9.551672387889855,0
-16.14052000229412,0.02084854784872939,1.87990492253253e-08,8.86601815379956,1552,69.07274563808946,1
-11.872471703640786,0.01348123909628807,1.101585761861369e-11,14.137725234293258,1555,18.374651808909576,0
-11.786009317281312,0.008915727893522721,4.8615348612885276e-11,17.33828716102251,1552,39.46960103884829,0
-9.83364358982076,0.008749384718592433,1.6559873675371022e-10,16.340779141571417,1552,37.585909754127364,0
-20.417424637317673,0.09461241177006358,1.1281756572423081e-06,4.587464461825457,1555,117.30481867023514,2
-17.83827356040551,0.039407850232947406,1.2840750956702565e-07,11.334181403806465,1550,71.85383101918596,1
-10.997326158967926,0.012950785088185712,1.1367948632901754e-11,14.986625787379111,1552,30.650710850936445,0
-23.685345557097016,0.10222604259751392,5.957187349714134e-05,5.702973269808744,1540,105.56621382601159,2
-11.814378631299938,0.015579254360589687,1.364494393523897e-10,17.80285099998945,1550,21.657434407773714,0
-12.736754530195574,0.00507623209727039,2.4627968287739147e-10,14.195134326692692,1550,7.836617556767678,0
-20.889585090862315,0.07127663346631957,1.394959685303768e-05,3.879203526891162,1555,82.96191862455656,2
-23.50537056689645,0.05118070272144011,0.00014931568767219782,6.220473467180929,1552,102.69078695510177,2
-9.764027804832091,0.0097272055869883,3.568409196403781e-11,17.92661329540979,1555,27.2584147507305,0
-11.695152038937302,0.015110020566047804,1.2106331569555028e-10,17.373711182836196,1555,18.4018264862925,0
-10.57432845062758,0.0066564779511665405,3.7876940575664974e-11,15.239227501289875,1555,20.51572783310114,0
-21.04046705637222,0.05916873326375387,1.6529896205232998e-05,4.646687059734504,1550,105.0889083544731,2
-9.43350144199983,0.014128747319598626,1.3173790724521577e-10,17.84447307208656,1552,12.333172850938624,0
-24.076384796186286,0.06777743637999892,1.1742249548623583e-06,7.319758600271327,1552,115.08066246470685,2
-13.33022934102381,0.024325683917184593,2.56334787927678e-08,9.231328619903929,1555,58.470932172451654,1
-18.066039226005927,0.06063601209352088,2.4549752274304354e-05,6.662251654544681,1552,93.11678205485799,2
-9.318237210875072,0.005277868651189338,7.508523490160107e-11,14.086507969847176,1555,11.760521289234296,0
-15.95593054963295,0.04078344519285031,2.5120745434204638e-08,12.86640075816704,1555,52.94310416158048,1
-13.805826327852884,0.009548982720098343,1.1862189410697296e-10,15.306604967184164,1555,31.94977435845138,0
-9.778952071118841,0.01148594540277635,4.5429116110593716e-10,17.29155227317401,1552,17.398610111623547,0
-12.571502029776177,0.006370611572906138,4.262375027461414e-11,14.172209610862675,1540,19.99602663470784,0
-21.243158250107914,0.09401248972361237,0.0002691631549504413,6.80961690861574,1550,118.97214962014374,2
-11.283835971050209,0.007388686074188968,2.555068210110168e-11,14.364657961624767,1555,31.982264562541822,0
-19.71370143126325,0.051288108827612644,2.5518954555720515e-06,4.824871673512843,1555,116.48137468133211,2
-14.393729512851301,0.04265353367916252,2.7669181682402898e-08,10.504984183060978,1552,70.26929252502508,1
-17.57561627591928,0.029995494664880808,7.767392836816136e-07,12.022666474222188,1552,45.90913223402297,1
-12.38256119178427,0.005347201578725125,1.0015377222558402e-10,15.934436027006665,1550,21.681715970868915,0
-19.995538115052128,0.05369197709345762,9.829749838046878e-05,3.2833365443885993,1540,85.98742668402554,2
-15.398416389029673,0.04964708089564494,4.270467610343561e-07,12.48737359082629,1552,68.69086756749344,1
-15.663206576905406,0.04171038104278423,9.776533662816485e-08,10.159667116817383,1552,49.50631246108552,1
-17.1183457311598,0.03225232363544578,1.6721428429869124e-08,10.205174029228102,1550,47.65172696808429,1
-12.718534188526961,0.012928097905344316,3.81578492969896e-11,16.750008371217664,1555,34.66884192867758,0
-16.77249094486264,0.03954736783940756,4.6187402753713513e-07,10.29659252549316,1540,52.449810103143875,1
-12.348786103317973,0.018590988285295477,3.414683007050442e-11,16.899425997260067,1540,38.72247343106559,0
-15.23682709085403,0.03690735028329647,2.9607041375343495e-07,9.350012405605977,1540,79.89464726198815,1
-13.115692656017181,0.04956536871165436,7.472036051829579e-07,10.480174047031323,1540,51.83778660953321,1
-21.807536535131582,0.10228288346692835,5.621955320808458e-05,3.8758308207539334,1540,90.23357132606935,2
-13.444825384880703,0.011641474352928418,3.210004446065231e-11,17.636929505846005,1550,27.019115252199338,0
-22.069563007664147,0.0811639752389444,0.0005390843851646303,3.5172914185247652,1550,91.5304537229433,2
-22.136810153597462,0.06368518131375875,0.0007721625992175774,3.772509057476517,1552,112.53818286313805,2
-11.582962820134266,0.017953212837718176,1.5047454689498967e-10,15.501319631678408,1550,23.285545089191256,0
-19.852582747300584,0.0690245141945811,0.0009528490577644878,3.9158282724694358,1540,99.61841264036948,2
-16.51502554430292,0.030812354190538346,9.498942648629212e-07,11.9147888298364,1555,79.45423182022964,1
-13.95173833964774,0.04469629826541908,2.6146309703382475e-07,8.656311055464355,1555,42.35506412061649,1
-21.756223473758,0.09992674064141399,1.2817592753648116e-05,5.738752295753096,1550,99.62213347960338,2
-11.587395251786788,0.012395384866577075,1.4674686173694687e-11,14.366816589033924,1555,16.503259087947058,0
-21.102333905217748,0.11551536398717291,3.374876424894265e-06,6.960106965897123,1552,89.30131789541139,2
-16.663765124644737,0.04637747129233354,2.1132861498785704e-08,8.321964732331182,1540,56.33007216660542,1
-12.195968443109987,0.01629271212637076,1.0001561991678187e-10,14.511247377441531,1550,23.717981319841737,0
-9.789542924906453,0.016533766119730963,1.3566629218062092e-11,14.183445065618532,1550,22.241633289750435,0
-22.659144498417024,0.07929984089121461,1.0863599141173034e-06,3.6121295559162965,1540,91.02329856631034,2
-12.173215901629712,0.012317147012131067,5.030776640392205e-10,14.351550498160575,1550,11.068075835316419,0
-10.135630318090735,0.010084548892592322,1.9326926312785287e-11,17.43155674098496,1550,10.724426344483636,0
-19.660823276395483,0.11283791143569324,0.0001618069463465658,4.697926796517477,1552,113.7214065855396,2
-11.49143591655754,0.009120312409811251,1.982856649851139e-10,16.886215530373846,1540,28.748097431954502,0
-22.067329733138976,0.08325263961392707,0.0004706849262262495,6.22637114832731,1555,97.12329927931712,2
-12.067695794204264,0.013466616360183238,2.4186048041139345e-11,14.847021402661913,1550,39.82032110094185,0
-17.312248712535258,0.0466823429286112,6.717629506287677e-07,10.303502190685787,1552,56.95650349950529,1
-16.49689720072179,0.03983462809157279,2.4613328533525215e-07,11.52049842198725,1550,48.80039912247888,1
-13.735252228302226,0.04126069580429503,6.013263417539652e-07,9.408018745515246,1540,56.21406454502086,1
-22.632601615345173,0.05304931696516077,5.746455153370154e-05,4.965365992324058,1555,107.61037446986563,2
-12.311446126378877,0.0171451138713211,2.46238142520342e-10,17.0631371708629,1552,23.554044776236037,0
-13.547905111041697,0.01921784850880491,3.2893836338339476e-11,15.348849961625143,1550,32.61307933772244,0
-15.718520584361006,0.025534636314931934,5.526750623994303e-08,10.611216257834421,1555,57.78323612060261,1
-13.747389451975128,0.021444523675196028,1.0231088417756444e-07,11.492991433635197,1552,40.26369621355756,1
-23.255054935435325,0.08399619129246057,4.2313049161206017e-05,6.831440687949127,1540,112.52957327364695,2
-14.189167208689765,0.043691908750265004,6.967578756948127e-07,8.595355003672596,1550,61.340306500659466,1
-23.7682707693731,0.0697251443146817,4.173657471794844e-06,7.85722372523218,1555,93.24377168001423,2
-17.521656447858938,0.03148749221989322,7.734769017566211e-07,10.947526920877127,1552,51.56025338937854,1
-14.670972697696136,0.028172918087766244,2.9429117599065047e-08,8.51968881294463,1540,49.03448726488681,1
-16.14403506675738,0.02067684952271983,1.9737265596080284e-08,8.13169350874276,1555,42.81322368349756,1
-10.535994006850457,0.01806451399793814,4.8380256318359695e-11,17.07908922954234,1540,16.279113783681964,0
-16.078151621328267,0.023931266274362973,5.512250623237686e-07,8.11573125513532,1552,76.22170334598262,1
-9.488771884518844,0.01813575554838409,4.007131750314464e-10,17.773712429061142,1555,5.923426630193842,0
-23.743970595051625,0.0643208360505307,1.0862657049263158e-06,4.751609360531112,1555,82.665078437772,2
-9.3372843695701,0.008727027866251132,1.9278075228518153e-10,15.100511029504368,1550,29.398189839126548,0
-10.522946645151379,0.017381874886944277,1.294209602781357e-11,15.920431311809146,1552,10.701592906708791,0
-13.69461020072568,0.009153164722208056,4.09640190644558e-10,16.993038761534635,1540,39.51899485533853,0
-9.545866232128656,0.019647350510663738,2.5143707607431763e-10,16.009206870646967,1555,23.9658060646677,0
-21.93183429703933,0.09427064702995264,1.6869663060763955e-06,5.9179024939009235,1540,85.77458235478697,2
-9.274429056219956,0.015449409068260849,9.804094765770315e-11,17.732508937633234,1552,9.999468768501615,0
-20.39189385116918,0.11423350289696611,0.0006914913861268377,3.838996335815792,1550,87.4840303694115,2
-16.380119467192305,0.0403663469717179,1.3378153813789322e-07,8.811147855482485,1550,50.239398151631136,1
-24.056711141726467,0.08851860703224826,1.141601873125855e-06,4.620318453724723,1552,95.49450335285405,2
-13.65653052550574,0.021911699800661547,4.919533308659742e-07,11.037391972515591,1540,77.84931601778109,1
-24.517537450583983,0.05703263480559505,4.604430638408472e-05,4.639004843210548,1550,108.51548596210984,2
-24.643342399444357,0.08483943759632592,9.940624770712328e-06,6.153531660455043,1555,107.45147050468171,2
-14.450519455643882,0.037466027022718625,2.4901036755825138e-08,8.245294268731323,1540,58.941585875955624,1
-13.98645925089774,0.017749197439177827,5.77804241093708e-11,15.984170904066332,1550,7.243314886266141,0
-16.02943308243636,0.037955102421550396,5.600302353035354e-08,9.87473858619332,1540,53.47714690588317,1
-15.699901161226252,0.040610715142136156,1.9585917006560198e-07,12.73672451465939,1540,46.22987727413777,1
-18.75784311452433,0.09026116881695631,0.0003358926902952256,5.587848595737967,1552,102.04001943045776,2
-11.729991894019426,0.015324113536703557,1.9103191757956708e-11,15.942358798637592,1555,39.210824129662875,0
-14.782227665217905,0.047065284799324515,1.0391885425155684e-07,10.052583201812752,1550,51.525979561335,1
-13.601730361897886,0.005728440849434926,7.868779839548017e-11,15.782555203288648,1550,16.224925774450284,0
-23.89183328031263,0.1116341027852858,5.243510923820286e-06,7.8507698129586085,1550,116.63816339887931,2
-18.884577377696097,0.07870586243389252,6.426203644205779e-06,5.458545347179782,1550,93.58023629087376,2
-20.289683478842214,0.10618737982462989,1.4062486858284201e-06,5.992529841203123,1540,95.18820890575554,2
-16.07072311639132,0.030190353131876763,1.857633978836182e-07,10.955310390244946,1550,44.51641355435504,1
-9.459052021517486,0.006454281853984816,1.6323735664485178e-10,15.805983756477776,1550,14.238629894615485,0
-9.557333557377575,0.011628617674683888,1.930597836571546e-11,17.057006392277582,1540,24.956552552993156,0
-9.66411322774324,0.019337647207627456,2.974613959436378e-11,17.530461830068983,1555,10.920666284484707,0
-24.567290143088822,0.11166361354937704,2.669556465730507e-06,6.369599370422682,1550,85.30762326711051,2
-11.31207687153717,0.007773804462007166,7.183074091031805e-11,14.245700517039332,1555,19.60881738152018,0
-15.957906462506537,0.02904810698891494,1.4469335395787783e-08,12.697168114480938,1550,49.408199723909256,1
-23.496999413361316,0.11403746255103449,0.00019588676155624045,3.5669035480350115,1555,100.9298830095992,2
-15.114347747391093,0.026677545114962925,1.2028772030092235e-08,10.766990976433764,1540,54.87591962299765,1
-15.021532520932158,0.02280767396217268,2.53840862698098e-08,9.549511136686343,1552,76.25069589159321,1
-20.56281311846272,0.06507088081250123,1.0195024319276971e-05,7.237104438133279,1540,118.45298872464866,2
-10.523707996222832,0.007132112803968766,1.9034891389877147e-10,14.218738483013462,1555,37.57915024615326,0
-15.14833786899376,0.04213504516095046,1.1906446530285584e-07,9.77531998082442,1540,71.11248573775669,1
-17.13775433213466,0.020622240284186022,1.1565436389113638e-08,10.53682736032415,1540,72.45812121654762,1
-14.383550258285918,0.022120045709242354,2.3097567365209667e-07,11.433583298024242,1550,70.28128217844133,1
-11.666359531160248,0.006150842402793278,2.1483500334929292e-11,14.24441867047853,1555,39.92122861535702,0
-11.04914613175128,0.011340538542907591,2.522053879283206e-11,15.222808543241953,1550,19.22282418471115,0
-13.01149229095738,0.0492557723321458,8.566325721248871e-07,9.741940300510286,1550,52.16298355325405,1
-15.335875693436948,0.03874469426280314,9.466148506591432e-07,10.192094323509558,1540,75.7808497419974,1
-14.130097018665449,0.04354027942186633,2.8597934607580073e-08,8.962674088618867,1550,79.33470241459781,1
-17.837769131121377,0.04925903539699857,5.509154172884144e-07,9.914737043490481,1540,76.58763698832928,1
-22.475372130717698,0.08888581942506815,0.000399607202702278,5.092754875833883,1552,104.71629696474594,2
-17.872380777214435,0.04181793975778249,4.5922351767325435e-07,8.625068450579048,1555,61.245785302586555,1
-9.251989264831842,0.00993616125335048,1.5478947432437585e-11,17.98739555143768,1550,29.281527212217632,0
-9.50488008675258,0.014356155891313935,1.8537441292349873e-11,14.4630401849853,1552,38.15035276022242,0
-11.3348556637693,0.0073693223425302205,2.464893935692606e-10,17.17304540175302,1552,26.471559852371172,0
-10.491431829669523,0.0057896316894074165,1.3140678488795396e-11,15.221303596133065,1555,7.480509522920576,0
-17.976000875913147,0.03527341077466638,1.291330275908885e-07,12.124692399086987,1550,49.268026327034335,1
-23.852265168273476,0.10926424373051474,2.4872063424043884e-06,3.1762222453507816,1540,103.63667696101714,2
-10.567067489427835,0.01049685381129787,3.2477492097527857e-10,17.85753367513615,1540,35.22519510987011,0
-17.49752620380123,0.04214545181662754,2.583714705091605e-07,12.931814508484406,1555,43.26815838408915,1
-23.048143707525128,0.08083385559377747,1.1769139332741464e-05,6.681729313446634,1555,109.27509419885905,2
-14.490257495097474,0.04909811631341275,7.411243130674004e-08,10.030171032971847,1540,69.40463299361583,1
-18.060871584122225,0.08722915583514254,5.256882419234263e-05,7.97958707438692,1552,116.6493533325286,2
-15.684409830247748,0.024728340471886046,1.515737589361121e-07,11.71500959260474,1555,55.9417485746153,1
-23.132247632826584,0.06390127315455266,0.00032788855998197055,6.4824928642248905,1550,113.28353270723323,2
-14.356788381415498,0.03937131034236912,9.364603717192292e-07,9.069478681873958,1555,70.56050502662883,1
-16.03936998599316,0.03678219237073692,1.1391586447833459e-07,11.079895872052225,1555,66.7345338914177,1
-11.676552657774174,0.017311037612235954,1.6946578841241996e-10,17.328649814916474,1555,6.166311980382796,0
-12.422334096684322,0.006599354284048968,5.4149773115101904e-11,14.397978675491858,1555,39.76428187504113,0
-14.191593220098408,0.04815095045570779,1.687728260658692e-08,11.523921467238633,1552,65.89018045496303,1
-14.191618572768757,0.023197923494880503,1.7129424511477186e-08,11.028124013230764,1555,70.93568898515089,1
-15.776972003819495,0.04324549539602297,3.0174721381806814e-07,10.690717150407272,1550,61.48029146375696,1
-10.98103621356941,0.009483892251474998,6.631820931448736e-11,14.87079919542893,1555,20.529550646038373,0
-11.383537685555025,0.010161132400555335,9.868787288748376e-10,17.089643998509136,1552,9.673044297348685,0
-10.08914368454377,0.0068657424686198645,3.93635919400378e-10,16.463647662706883,1550,20.31814648518712,0
-11.385092424470837,0.006717592947034721,6.33418103027254e-11,14.827042096279047,1552,12.525166889451,0
-12.77691862973867,0.016191964673579633,1.1006042164849005e-10,15.074228562482563,1550,25.535603458641315,0
-10.854265830148405,0.010554395996619767,2.833369402162769e-11,17.49132093661328,1552,7.719934643710392,0
-12.886753823866073,0.015761053331078155,7.701880828640531e-10,16.111088836275506,1552,13.36166434836518,0
-9.390628824884416,0.006327387530778793,2.4658447214487332e-11,14.180909155642151,1555,34.558684703735295,0
-16.637134320431592,0.04746502628736246,4.539410148944147e-07,12.902789704546468,1540,64.64394248597418,1
-16.96726015115552,0.0320083102224344,3.0219440097868236e-07,9.272583082682349,1552,71.20826288804764,1
-19.178425586728636,0.07308057211793673,5.9947495302945265e-05,3.6946661472022724,1552,87.47141689026142,2
-17.508955554755683,0.035715668211284676,1.0690655372561801e-07,10.340510222248026,1555,57.998151431234,1
-13.629776741329549,0.010376985928164089,1.7050539260269287e-11,17.452413703502373,1555,20.730773594837117,0
-17.037119513265797,0.03068269021264241,2.186144510065183e-08,8.531529106564758,1540,45.12070834566663,1
-13.544746915347327,0.037810252231937055,4.090828698809938e-07,10.13715535580107,1555,74.20935733131381,1
-15.255306607406625,0.020105325527319518,1.2023731830859954e-08,9.004256080255582,1550,44.50218029462063,1
-10.28047406348924,0.01878812046580588,7.039474496627853e-11,15.368530400447579,1555,26.848425794913133,0
-12.700859310298503,0.018291291632202746,6.185572314553717e-10,15.189148817125306,1552,8.889800156620435,0
-20.310568991705573,0.06817256495027355,8.127062088757345e-05,5.690944723043327,1552,113.53382697184419,2
-15.360628960552187,0.037827607015997564,1.37268650876763e-07,8.58274181716777,1552,40.69200490963879,1
-9.964645480666485,0.00792860904434738,4.905507053269205e-11,15.34244181707937,1555,10.506419800063988,0
-11.906033404629193,0.008902366864430768,2.89495575085751e-10,17.925188361988987,1550,10.073777533293597,0
-17.699891012058647,0.039935402989468044,3.710776740440723e-07,12.909643621750883,1550,55.604528537357325,1
-15.461759569911877,0.029467199245399256,9.59777746835024e-07,10.157157335187442,1550,48.458812801989865,1
-17.263177989225444,0.04082680448125113,6.098198818058254e-07,11.168660025288183,1555,47.9891407648962,1
-16.71064998225996,0.02282667136242522,4.2694760364477274e-08,12.375936067293644,1550,58.32095282134357,1
-17.125267431210062,0.041996587087442305,5.291210859205177e-08,8.931826154652587,1550,77.97311114181838,1
-15.85953561687528,0.04527765138301003,4.0832523672624815e-07,11.655379408672744,1540,59.0121469867048,1
-17.293425132986215,0.04654270730787373,1.1493279630620768e-07,12.74236409727698,1540,40.684883431886476,1
-20.666226936228774,0.10079516317964671,7.046207940947883e-06,5.944909217945979,1555,109.97428310051058,2
-15.441684013210217,0.020857676298191453,1.3552295613240364e-08,9.918702847564157,1550,73.25505134857482,1
-17.2728857045228,0.03773465013868218,6.08781883417513e-07,11.500170204824277,1550,53.24705656404271,1
-10.248671180305788,0.0072807285113673775,8.25367167891147e-11,15.404877549395124,1540,15.288218535591414,0
-13.864373788606022,0.03823032684466172,1.1160564390893627e-07,12.721760417358752,1552,58.51322628795231,1
-13.310525287927117,0.016639652747228634,3.936270704183327e-10,16.15167810531697,1552,34.657426886827835,0
-10.599340344482743,0.008462437837310181,8.198176984694493e-11,14.76129945127627,1550,39.794877642740865,0
-13.954568420983279,0.03703464141501413,9.941376210604834e-07,12.765260361008206,1540,65.6698577000423,1
-12.897769978772905,0.018292726581940175,7.389383871547482e-10,17.665682178128264,1550,16.08053659680279,0
-24.27194057658756,0.07256955162794176,4.117140946925559e-05,7.868404771991032,1555,86.7928583085656,2
-13.627857907807421,0.01255537641856167,2.3187304244535176e-11,16.295900700126968,1555,35.60459512833374,0
-20.487086708317094,0.08763384255262532,9.212363396166635e-05,7.537842811118195,1550,93.05803081670012,2
-13.639684654092889,0.03885814778189699,2.888945296622586e-07,9.851810777788296,1552,72.62169749676029,1
-13.148824687859896,0.04830497689111781,9.274718954416426e-08,12.975258766375028,1552,69.39812632467077,1
-9.330243307086409,0.008051195032974726,1.9669273890249223e-11,17.423291628495615,1540,13.175315197782572,0
-18.660242552361133,0.07830132606438596,4.912041146321137e-06,4.1633908841104255,1540,116.39002874525497,2
-18.60139328406919,0.07271314208261778,0.00019473325826143353,5.281882966239726,1550,99.58540056818218,2
-9.613134640360222,0.016111529266313065,2.4776016523736955e-10,16.809936335948436,1555,24.34869919177677,0
-16.49684035709162,0.03714054697120836,1.995051212036144e-08,11.919561902936168,1552,56.87928664426285,1
-22.143699008273497,0.05261559620970278,5.142670548509531e-06,6.896096416861496,1540,95.76679802112892,2
-24.720313959985198,0.0926689159343832,6.686927470085038e-05,7.494697239587241,1555,88.29511921745367,2
-9.86307903196321,0.015179741557742998,1.3502044450586761e-11,15.22973013019135,1540,21.425604872600246,0
-17.161890146222994,0.045132723360510184,8.346035336923005e-07,8.204435487453347,1550,55.63001390836373,1
-17.069497190303792,0.028692788060859682,2.3328961818327948e-08,11.371050801938239,1555,62.617969409379356,1
-15.409988318017078,0.04230137494926847,4.277266206058009e-07,11.430365777113597,1540,55.52197080233657,1
-12.14754281470243,0.013533821087670744,5.799865726632792e-10,17.76762234904168,1552,35.58281416469582,0
-22.547610185184723,0.05603251791996252,3.6124611354553843e-06,3.9475098766319103,1555,113.98731154399675,2
-13.450684431296086,0.018255259515319845,4.851313334106135e-11,16.73548049963613,1550,7.529693165061181,0
-17.782399073221185,0.03201335679355655,1.8227623454011177e-08,9.74936545350077,1550,67.45679575990567,1
-12.53255912640981,0.0052111973407262665,2.4985313794028204e-11,16.8453678109946,1552,31.9944621340081,0
-22.92811750398654,0.07252155614190736,3.713066419091312e-05,6.305418836344273,1540,96.65046371397466,2
-22.71377983816616,0.09543253231429652,0.0009479329320184623,6.233856444079719,1552,83.11140800801871,2
-22.82982268328636,0.11513106191761384,7.040934517520428e-06,4.442209761191233,1550,114.74356566244006,2
-11.421602861517512,0.01879087959821626,9.861136394868967e-11,17.96863205929325,1540,18.686496707036106,0
-14.645027589858419,0.03794137467401071,2.4226222266517573e-08,9.103517602754529,1555,52.38035835048926,1
-11.81259036695895,0.01824101571010133,1.2699946375156042e-11,14.764474837984011,1555,12.850271914976577,0
-9.848749036093075,0.011288738739784487,2.443362546566736e-11,15.139410706442455,1552,33.09377069470716,0
-15.990652421753754,0.0422777955392669,4.964500005550668e-07,10.300516495881311,1552,78.2192357912332,1
-14.370734578308024,0.04370848206118526,3.781233104249927e-08,9.937486892844824,1552,56.76800029082938,1
-19.552743592989557,0.07053964849409211,0.00013290742570087134,6.499861849367627,1540,118.62187671575782,2
-19.397617146283103,0.09688430922261546,8.93353838501528e-05,5.104124764338971,1555,91.35432996576702,2
-24.1084019185406,0.057851028560610765,0.00041424747037269215,7.65217424017314,1552,119.0660222263387,2
-21.82451137989404,0.09427049080582033,4.145458885318785e-05,3.7530928005661868,1540,118.3023451402292,2
-18.045961654413073,0.066053062858286,4.210417256611294e-06,5.723942614995947,1552,99.78740595266328,2
-13.556163029461157,0.019424986039322197,1.8617445500081558e-10,17.01935127976339,1552,23.753968956557845,0
-13.356379010039777,0.04050279771254012,1.0845830622975169e-08,10.68537107951663,1552,73.92916530211394,1
-12.308572038950455,0.017121165015509383,1.7742324119128493e-11,17.882400271429834,1550,22.612992088514115,0
-9.255572313733333,0.01948448049611839,4.138040112561016e-10,15.218455076693482,1540,13.081283896775215,0
-10.01241296652057,0.00731092479290972,1.7794761985908584e-10,15.354573085791452,1552,29.148752499422685,0
-16.5740228685779,0.04378594961307414,7.507147341795805e-07,11.895686283987999,1555,46.25258393367271,1
-13.116588429118474,0.013703427982987126,6.427912745900542e-10,15.280724669713754,1540,34.667411532823934,0
-15.310858604366256,0.03773071964585965,4.9552745897396575e-08,8.029484700183934,1555,74.63096489424302,1
-18.9098423096758,0.08261529483107646,9.979977739259866e-05,6.35614038928335,1550,85.80056673289795,2
-9.633445633711359,0.005624660335099705,4.5842841551121955e-10,16.285332019887715,1555,27.18241496615507,0
-15.084498576846002,0.04807613875893374,5.436107868345927e-07,9.66323817667073,1552,76.38873247631105,1
-13.267458108540293,0.022152438926771413,9.384634803921933e-08,10.985621885887745,1540,62.249509028011616,1
-22.59085531273737,0.06963531558642434,1.7413008332197976e-05,6.570243996912417,1540,118.61848300176821,2
-13.691816883228457,0.03531281588381658,5.786042321339408e-08,11.02363059816487,1550,74.6305091958731,1
-16.2596481456943,0.030395026620972352,1.5536789138754168e-07,12.854876649300301,1540,75.88154065002738,1
-18.630903881436872,0.11834190300774478,4.805562982417213e-06,3.9641558285667076,1540,91.56136256893988,2
-13.979886052404346,0.04137626027398991,5.442592897408065e-08,9.683369171268463,1552,73.5335128237354,1
-14.271243350078615,0.027604074237286818,5.641553953155979e-07,10.299112154545895,1552,42.70112748903509,1
-9.925874431267438,0.006201722695770127,6.160746118978837e-10,16.190369504614946,1550,32.43413936966017,0
-19.04561348630471,0.05335286150271974,0.0002509607557776439,4.972387204910593,1555,100.40419762614263,2
-11.967686410239638,0.01657754052845165,9.284414670176215e-11,17.590129306088336,1552,29.121349364963084,0
-20.27554756026852,0.07710489518917321,0.0008627448062040492,4.218012711415729,1550,103.05706019616548,2
-9.637672383707304,0.015680951321137563,1.445186716478518e-10,14.356012711930719,1550,6.327840952757743,0
-13.526595047476025,0.005492850466105945,9.961842394783448e-11,16.40242651674873,1550,26.540012026152432,0
-13.98990741125883,0.0076112251296714395,1.7144786560435614e-11,15.796338980043787,1540,38.065769057407785,0
-11.285368054501077,0.00890094122063286,1.49754628849505e-10,15.045313583763608,1550,35.05352192253237,0
-11.375329578782662,0.012156946510935247,7.856837037626866e-11,17.10076307717562,1550,37.01638654682859,0
-24.49521298518776,0.06488844425390909,2.8138722854912884e-06,7.7566089145592025,1540,88.44092305355362,2
-9.822598818088363,0.010555954794129598,5.618328591084351e-11,15.896025713932623,1550,26.103000676781154,0
-21.869233574362713,0.056710244789382955,1.885195059521742e-06,6.8867089452217725,1555,100.69656755267593,2
-21.203969026920433,0.0963691022256811,6.862153186310523e-06,4.608984542938044,1550,117.86228081546298,2
-10.591072511057726,0.018331287256254086,2.4267666920752596e-10,14.974113355598146,1555,32.049402919927616,0
-14.043292379901818,0.03721482720751572,3.3932256421015355e-08,11.337741361671686,1540,70.72890685345926,1
-14.54896667489599,0.032700093273991454,7.023681853132791e-07,8.364585059635028,1550,63.84552246786139,1
-11.980819144709796,0.0059733837066347235,3.2198143223050406e-11,14.987504251354405,1552,22.40369770623349,0
-13.280827645048445,0.005138623826082715,4.133463414792248e-10,14.704777624656991,1552,18.813103078248105,0
-13.077695210130674,0.04156457131020582,1.4749642468559669e-08,9.974802138051743,1540,51.88363875121283,1
-11.346246988059288,0.013847515916596335,2.5190265346658305e-11,15.149321332910597,1555,38.40405284408731,0
-13.390827450164466,0.03498686933420706,2.617883355526376e-07,9.094342461647734,1552,75.97999534635403,1
-10.573023282769972,0.005374493331800858,2.2022587967709392e-11,15.814315999691337,1555,33.09838271885752,0
-21.32388728855458,0.0669163967262207,4.170670853028491e-06,4.984296330849109,1555,107.22746135635612,2
-13.400529095905178,0.03280528366686868,3.8620849304022816e-08,11.19832133394921,1540,44.30045652228547,1
-14.028596413186627,0.04471203239115659,2.6481620809848684e-08,10.411081362801932,1555,67.69761410072519,1
-13.537442904529243,0.026810955028468062,1.2787477438005034e-07,11.221440782638894,1540,53.66809516436793,1
-16.526550072803126,0.03652448976352116,1.7981678252710848e-07,10.405659054137326,1550,66.30467797305258,1
-16.992799350388168,0.04981310127033088,9.674981690309937e-08,10.864330019834263,1540,47.76648309658039,1
-19.262018640726726,0.09625819089689366,1.093479578831085e-06,3.900685135661031,1555,86.71849585583509,2
-16.849728161265514,0.02229705925460349,6.915167958083856e-07,10.652053439877017,1552,79.40504894704497,1
-11.832638836221829,0.019957735308544257,1.3125582011605598e-10,15.284648610543814,1552,7.450122924657302,0
-9.866463201292563,0.019760197448156963,3.7740780349494577e-11,17.84454194163037,1555,6.082817565596969,0
-23.30336478245521,0.07637315403283051,4.187258220494352e-05,4.152834411195405,1555,94.44148027236163,2
-14.164234489283874,0.030208323865065712,1.0093052416487103e-08,10.773528704768635,1552,69.73261974621084,1
-21.836846603074314,0.06739707368818756,8.897833232724633e-06,6.759427143094821,1552,92.3001109785372,2
-17.816951420788996,0.03308441299747235,1.7184390810960165e-08,10.084203296301839,1555,70.7666112849328,1
-14.631246768705706,0.04187706528405083,2.4049457314795206e-07,8.569809906790761,1540,59.756905817981824,1
-13.7776140559842,0.01628184257372941,1.439655494057042e-11,16.62588607012066,1550,35.700421512991795,0
-12.86785197456175,0.012210710847265339,9.947227427092614e-11,14.860340915140371,1555,7.57534530713918,0
-12.630194363394331,0.008218836795625612,5.682221596881509e-11,14.155852529240935,1550,28.90523706957249,0
-24.986590056747005,0.06072765510905574,5.3930697992378163e-05,7.097615610479682,1550,107.15533467557209,2
-11.466571045729985,0.017840016123397293,3.16160320821307e-10,17.22046740526471,1555,17.145081739427,0
-18.808747424665828,0.05418025188839008,8.057682518532104e-05,4.588300037285742,1555,106.706772590848,2
-14.952767964121639,0.023740143655046054,1.4352819508491199e-08,10.241385729153652,1550,42.275497534245964,1
-9.457827240603123,0.012021035813514352,8.562465327304114e-11,17.04230256982113,1555,26.533877864884488,0
-15.140505161698151,0.048940566693405255,5.637847297223169e-07,12.379669627226624,1552,62.10674144771909,1
-9.97453311600237,0.017758702959598992,1.262090800806937e-10,17.303552905707257,1550,9.373479812940632,0
-13.591663620699519,0.018864306061919918,4.4838071124492364e-11,14.511098611159962,1552,5.568520512330879,0
-14.337220696414832,0.021178934996864105,1.6188291470646563e-07,11.444962841854885,1555,55.369221521573955,1
-9.094092206030789,0.011993799222917531,3.8359350573742915e-10,15.609228165529487,1555,34.19574378729544,0
-18.276139620366678,0.11196348843686077,2.1218960304874155e-06,4.329901956966966,1555,87.25868875512687,2
-13.974639195859488,0.028460250103191684,2.790233844422833e-07,8.731128746089569,1540,47.70075487279192,1
-16.88967412729304,0.03417994188094534,1.3251811816716451e-08,10.610242080856292,1555,74.27875341315865,1
-11.374753298773076,0.015609183678585006,3.194079746757495e-11,15.786905874810563,1550,22.88397600657717,0
-9.14628923161376,0.016603083373018458,9.124687185945378e-10,15.91151379208897,1540,23.95966843435014,0
-20.96961992913401,0.08856735549931069,0.0007591386749909028,5.7609305446736805,1552,89.15261903995881,2
-13.053718806924707,0.04308800453884197,8.397514377471876e-07,11.898171780667395,1550,77.53018310860682,1
-15.002021688699212,0.04896045340028922,3.859099391394935e-07,9.66451402322253,1552,60.99561131020602,1
-10.142439690007562,0.014778512983436909,4.6220471007256376e-10,17.90189211325609,1552,24.05207106720124,0
-10.093546762971538,0.005291018684273232,4.508307567516105e-11,16.51183494137163,1550,39.72261676069747,0
-20.995337752902785,0.07083279973049983,0.0009802591437402654,6.404085449767679,1555,112.17287765736484,2
-13.761048648185628,0.04591600267964625,1.5576223124364792e-07,10.872168786481792,1540,63.27950083801434,1
-16.941923363253093,0.025165655826672885,1.3628789102724465e-08,11.35664908693295,1552,51.09175587625904,1
-10.29668209466687,0.012275269812860617,1.4818561958085163e-11,17.88984556011161,1555,11.285992350403358,0
-11.59456025806207,0.012455179232318734,3.3940056592244485e-10,14.411925917325263,1555,35.162496735473106,0
-13.485609994711067,0.027022371776068387,1.2468146999662395e-07,11.536724795955282,1555,67.12717173648267,1
-19.486273734996534,0.10135965166483424,2.2648554376308213e-05,3.7956047143597775,1552,96.34850090958075,2
-21.219346052316,0.05564279019263523,0.00019968032441997096,5.9246054736241485,1552,112.70442123668974,2
-15.95789238193133,0.026988725804683186,5.424106313995962e-07,8.80808324052389,1540,78.56113163329758,1
-11.570571969051933,0.013487776811160077,6.815724167970829e-10,17.203272399439,1550,5.026169792968587,0
-12.331858020815671,0.01687337303887055,7.99076255928881e-11,14.733768785613737,1550,19.159902974140607,0
-14.186734553274448,0.0454031774477262,6.569947307363718e-07,12.563146556882389,1550,43.8065560032086,1
-13.38594609077133,0.008538590518926218,2.1430930146936946e-11,14.745283517976482,1552,37.22946589160803,0
-17.1842992822252,0.0319569016338208,1.4589904518005422e-08,10.63382585545456,1552,75.58385852544774,1
-11.862521748216205,0.008093261076262098,3.975918998563786e-10,15.334427156116172,1555,17.89571219708026,0
-15.256808041522113,0.03902110920240826,1.5072640874474545e-07,12.575968557122833,1540,46.10787241786243,1
-11.443304551019336,0.017100287821453692,1.2581405298825604e-11,16.413616848880984,1552,15.054019320697368,0
-24.274237967402797,0.08637249668306424,5.40211547944944e-05,6.712480302536824,1552,118.7631280104302,2
-13.068651263522174,0.02045068022713624,1.0387330242980734e-07,10.580564250409072,1540,40.08322556705143,1
-19.33839225705182,0.08799056568567784,1.0700438636135584e-06,5.349219101199236,1550,118.75292553828676,2
-15.209755121852563,0.021698449194041704,2.1865819076704727e-08,9.42648860445114,1555,68.21730782789612,1
-12.831954839818817,0.01667557856818237,1.6487058781948117e-10,17.88361884579948,1540,32.671103766941435,0
-16.9429990771955,0.03609886712905412,8.240700059569593e-07,10.942628406966818,1540,69.25380380741086,1
-13.231983161246028,0.03951450049984063,2.2193541243917795e-07,8.894642557804179,1550,75.45744221421562,1
-11.375916248176294,0.013159046184354022,6.076955076508107e-11,15.240161674925657,1555,27.050249740628313,0
-14.369596216609057,0.03434054919978617,3.1419792971893367e-07,11.305566205721966,1540,61.13378773746217,1
-14.795541675813965,0.04834127152476237,1.6780674856454503e-08,10.259293325671202,1540,53.89335062924253,1
-12.162327888542343,0.006022584640782404,1.1262214999138156e-11,14.54066515661929,1555,7.798788802575568,0
-14.24674870748666,0.027343911864658867,1.012951769980761e-08,12.55980084322269,1552,64.64807434229186,1
-12.48402970269477,0.009349551784154135,1.3383751424503098e-10,14.47981477209556,1552,32.137115264109745,0
-24.050001460992963,0.11147283869164876,0.0007350802107465961,3.0061726230144425,1540,101.8952493387774,2
-17.277621517026972,0.026989166362341173,6.471112573082375e-07,8.184466444553841,1550,46.89247349189798,1
-10.767963123859555,0.011875452191394593,1.1413389533161879e-10,14.1375074334069,1550,7.984391956408709,0
-18.32307825616366,0.0945052954359399,6.185610954512717e-05,7.987192524436633,1540,89.28435851519104,2
-16.169933040799243,0.0464104458755597,1.834734964031177e-08,8.611170964272631,1540,64.76637490880803,1
-15.013936529070033,0.048417436301187874,2.431014153641961e-08,12.528860478927632,1552,65.43588468682444,1
-9.626281751717169,0.016061471621406833,3.203869376721877e-11,14.269138451686057,1540,14.500080249661863,0
-23.97029992647692,0.10364420076997996,1.2721961733337505e-06,6.122708986699058,1552,104.0981305265438,2
-14.175813014486238,0.03215770341716323,3.137261708492958e-07,12.748470904596063,1540,49.80387670114545,1
-15.106524606411767,0.026207086845527174,3.901958892689492e-07,11.158222447057485,1540,50.96695430045867,1
-10.929081380077303,0.017064804891457588,6.287827430290596e-10,16.495013537476932,1540,5.094542589195721,0
-16.198007974402426,0.03175244262815635,3.864048147768075e-07,9.620772014810866,1550,58.43919146773429,1
-23.62819137136718,0.07771184959121945,3.9109847741284106e-06,6.011991590972782,1540,104.71822084173002,2
-10.706531841905274,0.007444016406221445,1.384004476410622e-11,16.56967711282526,1540,35.35196267442513,0
-24.93845170875319,0.10046619715695781,2.3878139595926104e-05,6.401180981415556,1540,95.99904596348568,2
-18.739422369281876,0.05459555018433339,3.923446650749875e-05,3.680672019635586,1552,97.64022403724655,2
-20.22428058265407,0.09733840249839727,3.317529827732003e-05,4.387593952739204,1552,97.41088955455766,2
-11.497095552758505,0.01783383341113345,1.1518352878475852e-10,15.020929737377134,1540,11.602128624842619,0
-12.753981147043564,0.010127984026435256,2.1703055883163123e-11,16.326605330692026,1552,9.403081772111797,0
-12.09655159419567,0.01121704573309015,3.2185436330790097e-10,14.082685475567619,1550,32.322110109894496,0
-23.113467283471447,0.0955170455926597,1.017138312034267e-05,4.8362291912481,1555,80.12991713046036,2
-12.483959031201625,0.011441718456180538,8.737997067679664e-11,14.629486333399642,1555,34.911665902596724,0
-22.26967054385309,0.0805504109046323,0.00010232638240879705,3.205438914837126,1555,95.07799644665559,2
-10.679371303583249,0.011398878515815902,6.001208441030968e-10,17.38090223264296,1540,6.106701338311238,0
-12.33496183473878,0.01060349429058621,2.6828731842220204e-11,16.3404866437085,1550,37.842656010360606,0
-10.13923986192081,0.007556937673724631,5.875321378873442e-11,15.387835801510343,1555,13.387602473514482,0
-15.56529643380376,0.04371245750957631,6.800512992640074e-07,9.941834388357737,1552,68.98443296572465,1
-17.256812221689668,0.030588599946643327,4.722518650704805e-08,11.797964413689872,1555,71.95401840802538,1
-19.49920173276815,0.06565729186745176,0.00020747517313841597,5.282267015978642,1540,105.00485935010387,2
-10.34160200606259,0.007312212865045012,5.143838542767643e-10,16.05867809620731,1555,36.53177055934467,0
-18.145354352246787,0.055178883506420334,4.467315276162039e-06,6.783149211920989,1540,83.46123109092706,2
-10.854431900439405,0.01689515461438399,1.8419920391809825e-11,16.07455476266405,1555,30.757738717810593,0
-14.545397149644025,0.03264019449833145,5.105415127980248e-07,11.857749676439086,1540,55.02031911049047,1
-20.42497262409562,0.06701117340795151,1.3281119488666737e-06,4.262403801952998,1552,82.40353410973138,2
-13.297504951022413,0.014338240943196707,2.604040191168577e-11,16.016280318993697,1540,37.46860895248317,0
-21.56928542601099,0.057696917323352595,0.0005463493160584684,6.366027049817751,1540,101.00824277828355,2
-10.380134722669531,0.006808376246055354,6.381262564912006e-10,14.2657753774231,1555,39.694212935677164,0
-20.33661754810203,0.09114027983802928,7.366894597781296e-05,4.275008790134599,1540,97.19099337765465,2
-13.172241126774349,0.028446053335206382,6.564281181726864e-07,10.052926493844694,1555,63.27748855976133,1
-12.98263628751202,0.006004604180379073,5.684613030865774e-10,15.557619755915502,1540,31.007853887098303,0
-19.18899644463184,0.11800444395312495,1.1154913435195394e-05,4.454752127760645,1550,102.25229882458716,2
-17.679999586238065,0.02408683334955347,2.30229730230027e-08,11.159910464916532,1550,69.78756086551121,1
-12.7378440294898,0.005278375047852883,2.5027493374415435e-10,16.579174409843,1540,34.303399983041075,0
-13.718122516745364,0.0179708356438258,4.224759763199927e-10,17.99887069314452,1550,36.9608013290175,0
-17.050017453988577,0.0303033284988203,1.686496886282546e-07,8.478431036529532,1550,54.884807840321145,1
-22.13790607332505,0.11316887490053353,7.711294452914304e-06,3.0460979710545133,1555,117.05617580101415,2
-12.116617797852687,0.010088609917607544,1.3330997732581111e-11,15.944694616419532,1555,33.43367534651528,0
-9.680192096324948,0.012220000648034973,6.242367680174294e-10,16.697395916093875,1540,39.34173852074405,0
-17.804015822721286,0.03545653388813878,1.2533215084540427e-08,8.356000492372491,1555,53.25969093019531,1
-11.87405308213171,0.01186192469878733,1.0848191335035864e-10,17.327296473543935,1552,29.078699404154815,0
-14.182073936817538,0.02210992348053319,9.260171339086518e-08,11.710354288497903,1552,74.43204813328852,1
-17.17085011980253,0.021594487765188436,2.416610816649664e-08,9.338686093872823,1555,70.97872783855009,1
-13.986445502928351,0.00675044096212522,8.837560544848178e-11,16.424407524223355,1552,17.210389329004833,0
-12.899353779012367,0.009229053265126377,7.712575041387661e-11,14.684409913653607,1555,30.244026777683864,0
-14.18022234844931,0.041200824920497946,1.7067748638554513e-07,12.424294482416695,1555,48.81284114849713,1
-13.332284552472244,0.00965865523326181,1.703931402874522e-10,16.763805465071822,1552,15.075782616719561,0
-22.57608013465814,0.05598747515096234,7.744453086255e-06,3.6868432728745137,1552,101.17615853426908,2
-11.23839251312861,0.013983246421359757,3.538534563185532e-11,15.600118543945165,1552,37.8551755692252,0
-9.976234390051527,0.005690851012849346,4.131983367776013e-10,14.711552496196093,1552,30.51015047944814,0
-17.218693300943222,0.03606577648086799,2.8896413520768984e-08,11.718684074762228,1552,65.50505739785056,1
-15.222455108022583,0.04069907036425175,8.766045029616453e-07,8.418404941238487,1555,71.323947050006,1
-13.985789231680137,0.01896347216557144,1.6666348611061222e-11,15.62499638390762,1550,13.928052784748935,0
-15.04296293550543,0.020869607902812743,1.4020179567009904e-07,12.192512626618186,1555,48.56158767079863,1
-16.885965787998575,0.04982898901412117,2.1660228944798708e-08,11.943858577827466,1552,45.89533070389394,1
-22.238341838246164,0.08219362453686124,9.300941073639076e-05,4.304178079915079,1550,82.42390785849975,2
-11.507789005354713,0.006303804321311356,1.1863506802965847e-10,16.347364472083516,1555,25.528740213126568,0
-9.710414638782161,0.00947821888973246,7.038599633069443e-10,14.91922536569066,1550,16.936675549071822,0
-18.255083661721848,0.09795283563156847,9.613718139386346e-06,4.543034671355669,1550,109.71635384195211,2
-17.909002039244736,0.04406534298573417,7.830546099991541e-07,8.160322607420856,1550,61.02524112001478,1
-14.45235968211701,0.03837208724308916,7.983923447962409e-07,12.088889419858141,1550,67.6052539174757,1
-10.317323858326038,0.018244907372446596,2.5425252127950787e-11,16.35034348443761,1550,18.074418036668867,0
-13.522949417547943,0.010562273782973995,2.176118320905038e-10,16.663689426469986,1555,27.31451149743246,0
-11.081136097429441,0.01928332678546392,1.2157508906851752e-11,15.061304550221868,1555,38.22230194046793,0
-22.497877656517527,0.10847762046789972,2.4300881771228503e-06,4.337140363046036,1540,113.7631493752894,2
-10.315915840851499,0.012139133263215862,1.7585969394907292e-11,17.711736804948085,1555,6.948548523389145,0
-24.44337970832762,0.05139948803520345,0.00020369228957636256,5.741787122178379,1550,80.11920523129324,2
-24.780297955221943,0.058156683324352795,0.00021150580206476442,6.778304524067999,1555,82.30107134858616,2
-11.05022051431182,0.012200689505277126,6.935400690096951e-11,17.13867305577724,1550,29.642791883472825,0
-16.957568966286054,0.02858263334614907,1.6821053130779964e-08,8.328452146703233,1552,62.6194513333668,1
-14.856802550182161,0.048045044065257066,3.262031682927514e-08,11.056246864168633,1552,50.71006662158167,1
-10.16671932399797,0.0072455595193543654,7.04513996850555e-11,14.61193520331425,1540,30.790581073046376,0
-13.95110309847119,0.006126843652317638,1.1784743204191883e-10,17.417820332741613,1552,37.610599866383865,0
-11.834184443424167,0.016614540244168925,5.07189098043411e-10,16.16658567286704,1550,10.47668506012602,0
-13.838420244451747,0.009196452607534187,6.643752445766772e-11,16.411127528093193,1555,10.691592877071194,0
-16.20013240911665,0.020481092000919375,1.3332079126164248e-07,8.618803330420056,1550,66.62659339770647,1
-24.506885432744475,0.11312035371583835,3.096696746955688e-06,4.685848014171578,1540,86.26202699711423,2
-11.915826923886032,0.013403141041114175,7.221753888417942e-11,17.864224531060795,1550,11.19651530849391,0
-12.96345498406221,0.01673582494190131,2.945478426854477e-10,15.201957542401729,1550,24.928207641379895,0
-18.980404339306798,0.11613675981262972,1.7379761943761838e-06,6.824413535932102,1540,99.8184053268944,2
-12.166605601485093,0.010863761402617434,8.972491567968619e-10,17.818665427516276,1552,20.55384664578782,0
-13.539523733835487,0.01330068524190061,1.9198346142465692e-10,16.815169243962032,1550,13.781256599188588,0
-16.51872123341608,0.03635025247171822,2.8041062578329704e-08,10.219583490232699,1550,62.167747864615926,1
-12.920894862515784,0.014343357137285004,1.4814770564945455e-11,14.206726884674431,1555,19.39738667698375,0
-21.477611706205117,0.05079160806760704,6.886010580711698e-05,7.599405112643932,1540,100.72074281891324,2
-24.533410857773287,0.05156725862501446,0.00020868392286350494,3.3988955572161745,1552,102.15573553664052,2
-17.696750047332905,0.02416217561329234,6.119287431944873e-08,11.498432099673842,1550,56.39918903546267,1
-17.43222728078253,0.023421508931161964,4.958421967108565e-08,11.814277389481859,1550,72.18130382972495,1
-15.807658294389212,0.041866511230165604,9.01385435846899e-07,11.917111507860529,1552,78.91739250014808,1
-17.551964698037896,0.026475737022956372,3.6619050478538097e-07,9.395100887093227,1552,53.363155821352706,1
-11.0784284403845,0.018517370157364835,1.2328003831367798e-11,15.12385275836892,1555,7.025236421519759,0
-23.025305866898446,0.09428801772027552,4.5200828038559e-06,6.237683341355965,1550,113.40949267296205,2
-15.99142040157306,0.033752151590915866,4.980301068227168e-07,11.793242963712236,1550,73.10684542276776,1
-12.604574319243582,0.013690695910219229,2.5383667024457308e-11,15.080995500246857,1540,39.47050481397607,0
-12.548190573166595,0.006230161118122815,3.953540537219211e-11,16.689447431728777,1552,18.20719670306091,0
-19.61959343519971,0.09411747952749314,2.015437878137635e-06,4.311706828185354,1540,117.915752907387,2
-16.21050957227176,0.0387813341139715,2.0775552042806345e-08,9.030824223156035,1550,54.57298420461606,1
-14.24957962525669,0.026133539786975902,2.3725217472269818e-07,9.746324529238194,1550,46.53823433335633,1
-20.119368016918106,0.10973962886564001,3.860744246138795e-06,4.647164402827434,1550,103.3799391871865,2
-9.689361913672748,0.017142741120873172,2.0440144480877625e-10,16.203429482436558,1552,14.848683620213437,0
-17.06749708297598,0.027065433546699887,3.85446823930902e-07,8.466505891786268,1552,62.07107753248911,1
-16.22341867837323,0.0301267176068135,9.966240182701319e-08,11.373404207892596,1555,57.97927860741712,1
-15.27742977695393,0.033091576249036414,6.77630415450114e-08,12.440804160100546,1540,59.88392974709477,1
-9.017747474499554,0.016808754540040445,6.568740019614663e-11,17.29338990778456,1552,9.038995039828988,0
-14.77484332724025,0.04545717228746139,6.357120105537431e-08,12.14978754578091,1555,79.94240993940275,1
-13.952305229872275,0.01104335046575073,6.523585136588881e-10,16.961252123375807,1552,37.46309554977386,0
-18.76769332260342,0.050647774415187446,0.0008488079041705941,6.121963821479213,1550,91.44801588259935,2
-19.906608966002935,0.06006188792138035,3.0743898332938595e-06,3.8141607291473143,1550,99.52637913108887,2
-15.025722492684885,0.045517534094667425,1.0417598312601774e-08,8.183158199248096,1555,71.92731958299372,1
-16.54710385547669,0.049218506229732825,7.998778639222144e-08,8.557985100034827,1552,57.26217159812429,1
-11.25285693855742,0.014842685543340305,5.813994813716871e-11,15.127166590037064,1555,27.334896588069427,0
-10.512693663866365,0.012593465541363202,1.1252901043733082e-11,17.698989903457445,1540,8.725665609158776,0
-17.854708940574884,0.03563860371497568,8.754352716704998e-08,9.534465910945398,1550,64.26726184765165,1
-10.875629501965005,0.013576189747156232,4.630850424255033e-10,17.62434824192504,1550,13.662852559914418,0
-13.34956879934684,0.01637394793893534,1.1198860450521775e-11,14.088494206115989,1550,18.01417352335536,0
-21.248301966092306,0.08019578095832702,0.00013403947272825833,5.940210022717139,1550,80.68125844352014,2
-24.14829674897287,0.0720646294763805,9.657852861697094e-05,3.7870710029608885,1550,98.91124120444252,2
-22.90909369058929,0.05071225018124873,0.00012214712130171641,6.101515450216899,1550,112.52293270062887,2
-12.878407205732369,0.00839118606515844,4.3113236298424856e-10,17.7215936806773,1555,11.763729533195885,0
-9.70793624078494,0.011434910410625276,3.174988346424374e-10,17.01817149633873,1540,18.22051101617032,0
-15.994174198364865,0.037019288925247584,2.8983794728784346e-08,11.24708586821596,1540,68.51623161459351,1
-12.507746694261197,0.014571390886946787,3.769678143395883e-11,14.944031721294849,1552,9.694186794842656,0
-13.684345420804679,0.033455768236474476,5.334731766645923e-08,12.973735256812317,1550,65.25894268531,1
-24.865526268485397,0.09563965984645006,1.447086940819135e-06,7.89970119286223,1552,97.36804111909757,2
-20.912964030962755,0.11095347727855048,3.6217754648597115e-06,5.949976456810411,1552,102.49882454114709,2
-14.383206941405936,0.03145064917246988,4.347102960095175e-08,12.264172865927385,1552,49.987242573573,1
-20.041384865749613,0.08815008730146254,0.00036979910129494756,4.672531814992535,1552,98.77087385451716,2
-9.782604154372429,0.015325608190788837,3.8880447614837487e-11,17.653651752656128,1550,11.962088480802866,0
-20.157676284657057,0.10129359767653892,0.00015162157922216194,7.681169505984265,1552,90.13711847965587,2
-9.544284431509645,0.012915516636294498,9.681208919128413e-10,14.295186258941595,1552,29.339389308732663,0
-10.832679403821137,0.006587005391362099,1.807540603303295e-10,14.380160962606478,1555,33.76305107389701,0
-11.434084581216105,0.007916714666475328,1.536003619641138e-11,15.641983176242219,1552,33.19770818771697,0
-14.63129712878222,0.03715836087221006,9.418682449185481e-07,12.129317105211594,1540,74.46628621988192,1
-14.956556197353411,0.024579589400018212,4.583177215547029e-07,9.777247317902393,1540,70.60009295966893,1
-14.439455335732122,0.02484921007012323,1.0618191671429145e-08,10.980982233612462,1552,67.36657548231122,1
-13.365780365537015,0.011928878063086026,4.893093062261804e-10,17.59024877381264,1540,14.704044572221514,0
-13.569419447468132,0.013387049846944526,1.0129007289804953e-10,14.57774593662031,1555,31.259514031512012,0
-17.685621089427563,0.03867676409964933,2.3842104241830103e-08,10.84521824997833,1540,53.08366024006554,1
-13.496916339490253,0.02392590577830136,2.0847819489824296e-07,10.738153256900887,1555,44.38895204988481,1
-16.176304852801056,0.039431340046044955,2.902854340604406e-08,10.79235960836344,1552,47.44528617472398,1
-16.20834352976941,0.029862864774274307,1.524977739413878e-08,10.928206063192084,1540,56.704209892095875,1
-23.170279234392822,0.07894699492885153,0.00043029949530283757,6.930880524621241,1552,108.75358992822667,2
-23.999002364905436,0.1112738200925341,1.6386168841964968e-05,4.379201565343571,1550,115.95036903919899,2
-18.62281983990369,0.08699509037829518,0.0004087285851615975,4.45371360402082,1552,106.76816019823062,2
-20.769015071538785,0.0671117780700483,0.0002743594120830897,6.994907338864618,1552,92.77267401666943,2
-9.46528595582583,0.006985585685524587,1.534719462768748e-10,16.3964823401613,1550,23.66853200678769,0
-19.44413371313834,0.054256718303633406,6.559534317699413e-05,7.182609919122228,1552,90.52974625092986,2
-16.069844754868903,0.04779736751429378,2.0133009106203916e-07,12.563301979502778,1555,73.55524322020484,1
-13.340583590817872,0.02435635060144012,3.8353692441122955e-08,9.52137325086328,1540,54.85067696460284,1
-14.318474920095447,0.021116978147478125,3.3035131999808015e-08,11.477265616942443,1552,62.67801902555241,1
-23.655561694424513,0.07205514231296826,1.9298024041360635e-06,3.717396348728041,1550,99.29014954242487,2
-17.082862921937718,0.04021204782471954,6.777582299221532e-07,9.619640407828848,1552,53.160504551357306,1
-10.001089889628652,0.010240804985739996,8.639003637816125e-11,16.49990394820421,1540,21.522343078849975,0
-19.186660799193632,0.06032387823160873,4.395463758286426e-05,6.556202959014698,1555,111.56097767816948,2
-13.478115831695037,0.035775489087914406,3.8295715913262297e-07,8.576456299418002,1540,53.16546822224321,1
-16.024254457511816,0.03961368952510169,7.517329146648612e-08,11.879869543749441,1552,67.61510286525694,1
-11.94404241002707,0.006951210047434204,1.1087963262299883e-11,15.441707308565945,1552,19.210413059713872,0
-10.167424752337077,0.013755703815970459,3.663700420296964e-10,17.006987969583363,1552,28.711569518821552,0
-15.469149571723987,0.03587489302866988,1.0687911678393615e-07,10.847459192600049,1540,61.7173354957185,1
-12.377440999123289,0.00904267793438409,2.4090908057183783e-11,16.77856383557491,1540,27.914817637470467,0
-13.378273412787946,0.008214077139653893,1.3458025935438352e-11,16.297174158834295,1540,20.89797383324042,0
-9.958823949953889,0.01921532038946706,1.3951887012153107e-11,17.820460829166805,1552,35.41304882977008,0
-22.354461255584628,0.10821477381962503,9.321696046370854e-05,5.547647233154139,1555,114.06434801881196,2
-11.105173398520979,0.005817678911567394,4.247052346227725e-11,15.996795787365327,1555,12.944248881503235,0
-16.225992903593134,0.03738885582749432,2.930103678244632e-07,8.315746009534317,1555,63.64190219426753,1
-19.199367368819065,0.11075858407078232,3.715204988004166e-05,7.562788859393299,1550,103.63072238305932,2
-12.613266191376853,0.012503472183887029,2.0951074099247982e-11,15.362741694299206,1540,10.973710235578178,0
-14.80229824724856,0.030260885438138093,1.7203405498288273e-08,8.457463486704562,1550,49.686884921891085,1
-16.246295505585948,0.04046518934708126,1.4039758599850572e-07,12.890336544231113,1540,50.05036653868508,1
-13.039918745160255,0.017599973348659145,2.8172506855869995e-10,17.57904794804998,1550,36.042973880900355,0
-10.14215136972087,0.01821322135662105,4.087839015341605e-10,16.410045454298913,1540,11.259437397772977,0
-9.409947449528248,0.01867808727267511,3.0053267235928144e-10,14.791297715365292,1555,38.48851347068072,0
-10.810228686576306,0.017504647012159376,9.973866243593284e-11,16.14010201839573,1552,37.76982175141243,0
-14.346613149852818,0.022668057342664045,5.0256164957050956e-08,12.55691661664001,1552,44.446773310153645,1
-16.36371313150168,0.039745922246401,1.7714152252189407e-08,10.53523829523839,1550,49.8050401781803,1
-10.150131908966996,0.006559390638685844,8.408734359854453e-10,17.560882682218224,1555,25.451190611694816,0
-15.46814289621869,0.03142655366326305,7.584859389055907e-08,10.351174798046406,1552,62.400159569156735,1
-12.136974482114601,0.008455142481535267,1.3243832299024194e-10,14.537960425982009,1555,36.68626399316314,0
-19.435096672677812,0.08002755557094314,1.6061234270573445e-06,7.341522872672504,1550,96.64770030699218,2
-12.008563080121823,0.0063754900266714525,4.7069645519548e-11,16.090076766538093,1540,13.357200101890582,0
-9.809203992994567,0.012878033003461957,2.6100804500089557e-11,16.098753648373908,1550,26.60518766184162,0
-10.139937618450048,0.005407511318383397,1.3502344440909167e-11,15.855725507249332,1555,14.88508145402791,0
-17.21099561487167,0.0317641977534845,4.878439461779614e-07,12.034356966344397,1540,52.100158414056466,1
-17.671116482944278,0.042902534426620155,3.54361766872912e-07,11.358863631811149,1540,45.77189609101118,1
-11.873932477653833,0.005337039624801761,3.4463130040006455e-11,16.166536858643468,1540,19.08925152589432,0
-13.3027488189742,0.013538096946941414,5.444515687087322e-10,16.332423029119592,1550,28.099770754736102,0
-16.194547105023535,0.03637332456216832,2.031587708257236e-07,11.101714306586079,1552,58.05449100803784,1
-11.746469708748071,0.016304151972169806,8.152276918099509e-10,17.08835809552514,1552,24.50986606345497,0
-13.893624113569153,0.040962643666476256,2.4230337706340133e-07,10.53119633298579,1552,59.56069521386377,1
-13.622939120036058,0.008755380943562832,2.1808752945215857e-10,17.553088786046025,1552,30.00968211326047,0
-19.1485523966899,0.1069536676196769,1.6376414439179422e-06,3.435033836553156,1552,100.80250300738453,2
-12.220144837558028,0.005237197943494431,1.4265609677446767e-11,17.644673140720315,1552,21.06291808088871,0
-14.225365816811527,0.03551467911466874,1.394040831125481e-07,8.649464131493778,1555,42.33057254164209,1
-9.03933341829664,0.009257817929129674,5.227596509768451e-11,15.535388607471186,1550,27.10460770323822,0
-12.277859768914059,0.015406119480474927,3.304636290410905e-10,17.411935876120545,1550,10.39057138810282,0
-19.682934749894493,0.07414333564958717,2.5422079289508253e-06,4.574388629588749,1540,103.32646845734943,2
-10.705490967125714,0.019836879786631,3.389179531029337e-11,16.68823801064694,1552,12.072832763028227,0
-11.989218090780163,0.006535916941897648,1.3274295244611853e-11,14.20533748529471,1555,17.335257953430123,0
-13.339824115550023,0.016343503847243198,3.5633345264131684e-11,17.619847520679656,1552,36.039103881413574,0
-11.676078970312496,0.019962706184928437,9.705115944197416e-11,14.713593007714325,1540,13.505066994507503,0
-10.227315420487697,0.011681793946014318,1.5291243307423612e-10,16.803741460071997,1550,15.860796873659163,0
-19.722306891922305,0.11515295303735061,0.00011841468509363488,6.372386914920793,1552,84.71732779580698,2
-22.36327396752986,0.050314527278024414,0.00011085364053745751,5.054769172326019,1550,104.25705963219762,2
-16.323558414602648,0.049566214420221175,1.1057732942307481e-07,8.70347711930373,1550,47.183249140365206,1
-14.20787637146229,0.026168147571174,1.2260346788866086e-07,12.021405467810865,1552,55.82679656385264,1
-17.537885415474648,0.03290557600335539,1.490275720295905e-07,12.547586582225264,1552,72.7165850418666,1
-21.689087772954682,0.081020659141843,3.1245933050668585e-05,5.171757599229851,1552,84.2499926352457,2
-11.536093270675222,0.007410700237864785,9.047548650148279e-10,14.634080936109637,1555,17.2168348561543,0
-11.336620566192225,0.014526336588645782,7.937512385172498e-11,14.87377273153323,1540,23.924446682571862,0
-15.025958421100542,0.04266164231916575,1.8915159410690716e-08,12.084533550472925,1540,56.45744949706649,1
-11.486814534474039,0.013653558269395388,9.661295989662238e-11,14.780971951192178,1540,22.47176829596633,0
-17.675631810824463,0.025768751696932393,1.3710458394203734e-08,12.339969666680553,1550,74.46711944778028,1
-13.631454123037571,0.04368365267096505,2.2258160007004164e-07,11.046560959534304,1555,75.71173425682639,1
-13.993268645217182,0.01067151154681176,1.935489145257394e-11,14.073544568606389,1550,29.232400715404495,0
-24.080812946750147,0.10762509554977345,0.00021663059765351806,5.499605137056003,1555,87.31578547790508,2
-15.963225941852752,0.040966582553512036,6.431867647618695e-07,12.026240434817192,1540,64.93727173773443,1
-17.023633333764195,0.02127436299895403,2.0902213302939225e-08,9.920574556218845,1552,51.84328356541801,1
-22.836331579102037,0.08524865057118894,4.74393639776558e-05,4.200479481392438,1550,80.47849051834974,2
-16.492016962770382,0.038384017164083926,1.2190017550432688e-08,8.608831887997827,1550,78.12710153052558,1
-10.888485104629869,0.019016303252637704,2.588623014119212e-11,16.940104596420394,1540,9.636472971967429,0
-12.717562383964228,0.013906261286107693,1.0751571830304855e-11,15.038208994659954,1555,33.98957476855959,0
-13.15881710445754,0.0078490211549153,8.344961602249146e-11,15.145119448447764,1555,8.68268443333594,0
-10.712158471076938,0.018246791100121625,1.4258824509913766e-10,15.416078552128045,1540,39.23943200996458,0
-17.14783399060002,0.030573883531977195,3.534622193751209e-07,8.15211157196642,1552,71.11033016931943,1
-10.177796359622478,0.01114506580063989,2.043371957799559e-10,15.040946391940917,1550,8.915821579219335,0
-16.751154935703422,0.03395265988743636,1.340924848907358e-07,12.99935719137067,1550,67.59651890226152,1
-11.690782593624448,0.011217740972251884,1.0629236422076904e-11,15.183771555434626,1552,28.577589611621768,0
-18.20565408019208,0.09869359620007732,0.0006826378817230888,4.582753997388119,1555,91.28372307262558,2
-13.559327845116542,0.01665197655812946,4.955588838489683e-10,14.727270611349354,1555,33.968631817344516,0
-16.166664110626833,0.0493368796335838,7.393333148509232e-08,8.752242753866081,1540,50.603656077097995,1
-24.535335749044542,0.07661854150293246,0.00036753079319656293,3.39014332142784,1550,92.33204415472834,2
-15.107122943083882,0.027124300850168724,3.3445916677081894e-08,10.455765871552252,1540,71.25778415537755,1
-10.61819466063638,0.015194497735927154,7.79559535326393e-10,15.183296389986143,1555,31.47169943540103,0
-20.309247854588957,0.0842803477688665,2.047658827071029e-05,4.451283202179303,1555,90.55439542227853,2
-10.300068066571942,0.019254691293958875,2.5460840435065012e-11,16.26219985968576,1550,16.707895105967623,0
-16.19648398546984,0.03445724814409476,3.8364886817560743e-08,10.986219841610422,1555,55.14762653332009,1
-18.58083023335514,0.10286345817380214,9.242884464016661e-05,4.2701384629152015,1555,96.97750416003574,2
-13.26357838455116,0.030269218544825595,7.598074504185883e-08,11.535603069721905,1550,76.18624249635319,1
-19.27795311536281,0.05685783632765471,0.00010946360909471388,4.466641666032551,1550,100.8066473609717,2
-10.691838248144267,0.019679469311007957,5.605231245881986e-11,14.070063963448249,1550,26.624653407042484,0
-13.301138116868552,0.016929009677898354,2.5307814358249502e-11,14.654623771462818,1540,11.524174537585044,0
-24.070217268904493,0.05890858443380579,9.26748806204262e-06,6.736625143180978,1550,81.98873169951877,2
-10.494278900166734,0.005835919785514767,6.65971580635864e-10,16.808330267537986,1540,21.806423034166073,0
-10.839202504067714,0.006949120584019118,1.3188135326406184e-10,17.122927412803605,1552,22.811169445686957,0
-23.148469169403985,0.0640404984436501,0.0004067705390080831,3.89595164775758,1540,89.32279334779405,2
-11.199420084953259,0.01079693846491903,6.926266593361921e-11,16.248443530492917,1555,20.83235634675507,0
-13.792307661543315,0.03293246139450472,6.34851114289178e-08,8.141621787735138,1555,58.71479654535726,1
-20.476668813267338,0.09197580975325355,0.00013855402157003982,3.2837559108651195,1552,103.61458487468079,2
-17.498402504033603,0.042858885166678684,5.378714927330434e-08,12.39909988352726,1555,57.04341054690817,1
-15.390740277523577,0.024069503178116243,2.5409615844097565e-08,9.556303310747817,1550,67.61573354374735,1
-11.361189673317762,0.013361614507454,9.050271656506526e-10,17.092670766987837,1552,15.67848903868343,0
-15.009908175816816,0.02515448534903831,1.6161676064708462e-08,11.394320445427567,1540,54.740803689041556,1
-15.253743643110528,0.028190863870275782,3.083294403920822e-08,8.685298417682906,1552,69.6207575847147,1
-9.46945459676481,0.01752535382557541,1.9716306790753176e-11,16.832679687342285,1540,18.912079734791973,0
-17.793079021501395,0.020978053161543428,3.6090234887585605e-08,10.652530500447714,1540,47.07452848375662,1
-13.49129161979679,0.029855271630135898,8.03345797810161e-07,8.124379410073027,1555,73.16780564063754,1
-24.0554665992778,0.09177447593258475,6.9579003728744065e-06,6.074721808289523,1550,92.08315197093987,2
-11.57989713745298,0.012711431638268895,4.1393920666006764e-11,16.292168802476063,1555,35.95243026595138,0
-10.880202452839928,0.014391471529805702,6.059008961066047e-10,16.02262542972088,1540,26.623461810625024,0
-13.14600925363664,0.041495815286642146,2.3197562605592496e-07,10.795015350374154,1550,79.26662599719623,1
-24.86007700738577,0.05390076546113214,0.000568885653885323,3.6143406613870077,1552,98.65788359035565,2
-12.590003236575141,0.008281915273650839,1.1062923980659585e-10,14.621373210040067,1555,12.107470752202175,0
-9.388845650806351,0.0122035507020654,1.7680090795983682e-10,17.320731866470776,1540,33.01438018727873,0
-14.003549970478927,0.029191431108088688,8.710446530219646e-08,8.098161356938267,1552,59.45703340104287,1
-13.362117655416535,0.017889992295856274,1.5476238994724205e-10,15.341316029835742,1555,33.10659336365579,0
-12.25207402107804,0.009390071686391362,6.097832641351512e-11,15.368090656991926,1555,6.930480671062491,0
-14.405450923373945,0.034702720736430846,3.1779053467710005e-07,10.576477188157227,1552,53.31761441688765,1
-9.512356888115677,0.011707407567959953,7.480139928912041e-11,17.13814607473958,1555,11.627630652715197,0
-10.434915821331106,0.0073655543188923785,3.195495271200262e-11,14.626589513454533,1550,14.599164755561489,0
-15.559699218651685,0.04823421005437521,2.846414726619545e-08,9.948130086790052,1550,70.45554660419789,1
-12.844626017059642,0.015078391153980925,1.0950175393552304e-11,14.416434327938296,1552,24.930523121722512,0
-24.451919131091667,0.08893190476348274,8.266951412895755e-05,4.05706507887952,1552,90.57630856223803,2
-20.75893206741678,0.07681729167909625,2.018508995991815e-06,5.912375337770532,1550,105.62287082680243,2
-9.129027780918214,0.01770591240475849,1.114781952759668e-11,17.59424241869936,1540,26.21512977267179,0
-22.37541197553147,0.06560378251807647,0.0003293885089832529,5.379157975006456,1555,107.25114121259199,2
-12.198394311542186,0.017197150854490046,1.6716797858770623e-10,17.116375773527082,1550,8.102154116235326,0
-9.565375498953653,0.014687162189828091,3.730899740186696e-11,17.263787755874468,1552,35.77440309992434,0
-13.424296302413026,0.04172577339962465,4.277911843816916e-07,12.359569943793183,1550,65.59995614386992,1
-12.70784189854091,0.013160248687741273,1.8712918557675984e-10,14.884253485814913,1550,34.46994935115215,0
-13.394222693695072,0.00628112724212398,6.590029035266582e-10,14.774495239181842,1550,15.845297729296965,0
-13.998794976574327,0.008618665040570418,2.6089371515706705e-11,15.001931786999053,1550,10.836749410544222,0
-19.57863329081943,0.09685031667072302,0.00019057558310796533,7.897126979159695,1555,92.57991077519155,2
-16.9585932068746,0.03825711013590952,2.7925433216073573e-07,9.86920042982726,1550,64.23800692030844,1
-19.75276019392352,0.05844103512827645,3.5455529814774625e-05,5.22121960401161,1550,115.96258367122424,2
-20.094382630886393,0.08850977723777217,8.96172112397497e-05,7.065923350997979,1555,106.49949584141834,2
-11.843830651042211,0.01021278192970632,1.2609534491465566e-11,14.21106103143841,1555,23.32552698275085,0
-22.52283715475473,0.0822375635285883,9.104618501720435e-05,6.242488755845535,1552,82.26820583866957,2
-15.044506003640038,0.034456736938113186,9.034744886162656e-07,12.231038849394814,1555,67.33890377734386,1
-18.936823217455554,0.0712735695467275,0.00024781485152805343,7.855036956390059,1540,91.45859268580088,2
-17.41118003861691,0.029908610374763306,2.8167027087428547e-07,11.060019486657229,1540,40.4596987853415,1
-19.130239671416817,0.06269222332574717,6.558943992915113e-05,5.194649717914821,1552,94.98928053812486,2
-16.608364647506804,0.025408828558586536,6.355301682032053e-07,8.845187581812755,1540,66.79705368645293,1
-24.445136756217785,0.09595713053317302,1.4679752266457435e-06,3.576129106547984,1555,90.66390307321669,2
-16.630640901473146,0.0379288697958668,3.9676370029229767e-07,8.666943085466297,1552,71.28137079539675,1
-13.375649615470387,0.012881676895432691,1.6557011297030728e-11,14.81141295491146,1540,16.435861169902175,0
-14.335388701847155,0.023261269388844538,3.19241054664365e-07,8.228524123192937,1550,45.63540482281595,1
-10.637407719614808,0.0162856179415652,3.8296412064459113e-10,17.158472571178216,1540,37.58251869905524,0
-21.34298080865,0.11189149226354381,0.0005788748687653741,5.04619198523731,1550,90.95312389679707,2
-21.03644358632546,0.11438936172915369,7.2733201698669315e-06,3.774383018971046,1552,93.16413724191074,2
-13.701913373276705,0.015380758295596174,1.905349952283758e-11,15.663274272073643,1555,28.651645251332834,0
-12.333500700647376,0.012378920360586939,1.3981218387571118e-10,14.953348842511987,1552,26.160093859038476,0
-14.389222103416861,0.03845220020055532,2.002560435905318e-08,12.179745554557842,1550,51.36543456821594,1
-14.722030243775805,0.036262895275949565,3.396229271841387e-07,12.20038579843862,1552,52.4404135395704,1
-15.669294260210929,0.02626722296068781,7.856208317494564e-07,12.411347822597882,1540,70.34695538747124,1
-18.11764613176323,0.11717579370046818,4.933275650434564e-05,7.965318583586804,1550,106.63426176231509,2
-18.192576380363143,0.11625541967782203,4.935249053960419e-06,3.8544817410607446,1552,84.93185865484992,2
-17.527714743656404,0.031124125926345426,2.6176299246411395e-07,9.129933828307463,1552,60.226629723375126,1
-11.778173253792428,0.00913321908829225,1.7542000729866298e-10,17.969769157499115,1540,24.742591009173122,0
-23.43163311577355,0.089307035113811,1.5898693100483063e-05,6.841576489641108,1550,95.06858060980954,2
-11.013253495110735,0.012086931708723356,2.492451107702752e-10,15.734787732427838,1555,36.10612416630747,0
-16.035313474860967,0.0463912394721216,9.111845058364935e-07,10.468847456863308,1552,46.0908274268919,1
-13.435709276436189,0.014142016450499329,4.376761471124726e-10,15.140977369227066,1555,31.19262917000169,0
-10.207490595418047,0.005219423883165136,2.597075645194845e-11,16.852943472333347,1552,10.945835211775735,0
-16.762208021823454,0.023119867109400068,3.4612451061809834e-07,9.600625247973555,1540,75.22329772483866,1
-10.096503479141857,0.018652941862170445,5.829976303580615e-11,16.522541179932322,1552,12.621204669190769,0
-22.457579386563417,0.10423055157202041,0.0001806233028354298,7.5062739855146585,1555,99.35167624518871,2
-14.308696596254794,0.02094139064050559,4.271789071937221e-08,9.337227071977058,1550,71.50834923545675,1
-24.422464406841822,0.10893994159664294,2.315384960247385e-06,5.417299215149408,1552,86.20238885649654,2
-20.513041187116908,0.05014570586449442,0.0008020839805828328,4.1603954409401105,1550,82.83236000210486,2
-9.833952715448689,0.01558429706270216,1.4278528423151945e-10,17.558941339132225,1540,30.278700232949095,0
-22.93691312290626,0.06278927066135145,7.464335815423646e-05,4.470095355968717,1555,112.81573411995953,2
-13.612008134192905,0.033081476618656735,3.5285476192945596e-08,10.946691889752739,1550,51.26865901332843,1
-17.5357745673469,0.03550401784071872,2.6723649230449315e-08,10.682147729491788,1540,49.38489068025128,1
-17.42076423701331,0.03736154031770714,5.3526642476430594e-08,8.401582239726226,1550,49.47192138384475,1
-9.980115102995512,0.013076022355711814,2.1052823532329826e-10,16.9514230676261,1540,36.00922118826655,0
-14.692989834406085,0.029746246012978664,1.0780356509259673e-07,10.224146287989795,1540,73.30606009010562,1
-12.483585302977364,0.015749094484400466,5.2158215702169014e-11,15.071169898090535,1540,32.220476852372755,0
-24.850901134511492,0.05195368630768387,0.00047431833969401255,6.6125805354813085,1552,83.9770636125178,2
-17.301115170309284,0.022256263710559755,1.2296212813446333e-08,8.808980874451205,1555,66.04204467911786,1
-15.49137676608337,0.04774622505988198,3.1224980783149746e-08,12.127901009562196,1550,69.90687080320632,1
-20.642836878567582,0.07272682145254208,2.3548316735267156e-05,4.078315799087069,1550,114.56753450219342,2
-12.651849956164085,0.017295155041706884,9.970124946069392e-10,14.845725031995645,1555,19.479711116851064,0
-20.18278877581322,0.05432247929174444,1.3115527521858043e-06,5.831946147885127,1550,87.73718366719827,2
-18.229575809104645,0.09631280475558746,0.000518782930319424,3.8937925173553216,1540,119.14709267278363,2
-19.58205550602998,0.05058042657061519,2.4514632296411604e-06,3.998502080331416,1552,91.07921039899736,2
-10.875101258119823,0.014575258661306476,4.11425585833473e-11,17.43871834032133,1540,21.64165003314568,0
-19.383967844130474,0.11808681530235032,7.72771514790085e-05,7.3721999270019145,1555,86.2448035270678,2
-14.28714944628772,0.02992735657035124,2.7816023045399874e-07,11.5382719155906,1555,55.39406948607359,1
-19.9994438663687,0.08738065221150325,0.00028229408872210995,5.38385260303213,1550,101.19063941543362,2
-15.14058705866945,0.0291668918306429,9.796010605241195e-08,10.508149044615472,1550,75.78155408962364,1
-14.336070138178028,0.03845396554440053,5.439824760763281e-07,8.816458409987796,1552,54.49642567253207,1
-11.07425233837264,0.015891812661077722,3.267099822766029e-10,15.511402197103145,1540,20.76904473585327,0
-23.222848124269476,0.05347680941305665,0.00032377178176448137,3.3215076544564215,1552,96.39115486307901,2
-16.967955661540522,0.04132481760304617,2.90744879353941e-07,8.885288483912852,1540,64.94887877116733,1
-14.09964300747975,0.046441935575674026,7.149213040466019e-07,12.269730861652274,1550,42.74011852408523,1
-13.990179974887148,0.04259891361647246,2.464490981220247e-07,10.43734904157772,1540,77.80645828711587,1
-9.364995160378523,0.013099356954208392,4.831328733223047e-10,16.08383190908817,1550,13.996654325122796,0
-13.078674619146282,0.008195908265263032,3.4843837549169265e-11,15.216985245946338,1555,28.417800590179915,0
-24.629197576257425,0.10475365595476517,7.038120519933973e-05,4.5759967332717455,1555,107.18806081484729,2
-17.855440883667214,0.04944655213751662,1.7766416706232026e-07,10.503527952469426,1540,56.34639189820723,1
-21.051603286593483,0.05117443999858815,0.00023359714494626156,4.477114921383027,1540,86.02401093710371,2
-17.522318961818815,0.03188073038907038,9.257268769711214e-07,12.042301447385743,1540,44.32744779520155,1
-19.29847562953386,0.09981555672149652,1.5304213388956987e-06,7.648800488688121,1552,82.18212459518031,2
-13.740053240111463,0.005476156480594829,7.025387575132185e-11,14.338261512388952,1555,26.571007228151373,0
-13.838054311120025,0.010037652305589739,1.0659407161164782e-10,17.18657947606055,1540,33.34925602892153,0
-14.112124864804748,0.02814549733199214,1.9660181319574917e-08,9.458973233618625,1550,74.67135111753385,1
-12.370877079902757,0.007876043260853997,1.2912031008296487e-10,16.335677157044543,1555,35.437738968426,0
-12.972100958121812,0.016816848330717386,1.6122896403303867e-10,14.457069200222751,1555,23.8088461028273,0
-20.25464442185609,0.0760408708802179,0.00040211170924120887,6.671365669379332,1540,116.35812422242412,2
-12.370372680239626,0.013853959083284337,7.353489860871068e-11,17.937405629611614,1540,5.406718896783522,0
-16.942356870682932,0.03180306468310581,1.3436015756653968e-08,9.131347923792177,1540,52.93709421288861,1
-22.46913651424707,0.06541863072286519,3.3263844941695315e-05,3.3412465284262383,1540,108.80981603099927,2
-19.514851398078687,0.09882479072020023,0.0005278603577918732,7.429121455233117,1550,118.41726317262327,2
-13.688483819868004,0.030358234832557153,4.784005192116697e-08,12.499757019532131,1550,66.37596319621485,1
-13.995566147604102,0.032215785490575605,4.3585189892876104e-08,10.31622072741904,1550,57.27129976661984,1
-22.63968613615227,0.061589978807367884,1.0201826163138517e-05,5.929420650260545,1552,91.02576920969109,2
-16.641251066397373,0.020447869017080532,3.7747876160287466e-07,12.066421065838385,1552,41.562184736502246,1
-11.538919083562666,0.018209758661968667,6.696106913005873e-11,16.149975014692938,1540,28.790402860061537,0
-13.72516846580089,0.01367812727305297,1.4626631367178245e-11,14.618083319962075,1552,17.521416715279997,0
-11.494235004089951,0.010957681661438165,1.200784954055138e-10,16.511800211090545,1550,35.72910121557743,0
-19.73944847600363,0.10539540118386112,2.725782036322839e-06,7.665817557749402,1552,117.27940071489898,2
-9.742092999913814,0.01795684434447505,6.509497988637074e-11,17.049444854828693,1555,29.142693655950314,0
-9.853041865207437,0.01598183910264434,5.129583608600615e-11,16.79324462891029,1552,23.251087355251517,0
-22.578297569579217,0.07914864956344642,0.00024692817255182455,3.810546777151007,1555,111.00149706172776,2
-10.881284575679954,0.0164345393675144,1.196398978009101e-11,17.348478511322607,1552,5.187115629902756,0
-17.533725651073148,0.04122660067757959,2.9377072095945887e-07,9.427288601435754,1540,70.28495295908837,1
-11.076169470254232,0.011004507333654219,2.485050092084014e-10,14.720269089397194,1555,17.09835491633521,0
-13.932986867839173,0.00924118534368143,1.2279758243085876e-11,14.145150490454009,1552,13.644257967519994,0
-9.189707505293242,0.012634385606330713,8.04728922731115e-11,15.114777263714103,1555,14.1952330246456,0
-11.008469621519906,0.005464559051337652,3.5464293828060884e-11,14.131199497107584,1550,37.753546843890106,0
-10.77986781444028,0.006533362566979168,4.88700814247493e-10,16.329429820255864,1552,34.69462042506788,0
-19.441425695662904,0.1126720678549955,0.000157103655808535,3.7438428809520286,1540,85.93042302685318,2
-13.747738633188707,0.0447389440396734,3.089800199789406e-07,11.1671601564098,1552,70.75871372413495,1
-9.493084516790326,0.007307105369624117,9.553725351834085e-10,17.819387972153873,1540,6.5718954648465555,0
-23.18367759723822,0.07024869509852227,0.00010804597727801313,4.063566474758982,1552,93.76960554875804,2
-18.243309437619267,0.07978423292317838,6.23916060131962e-05,4.395981167490627,1555,98.52946942949364,2
-16.672633875011755,0.0262622760028517,7.736282484719145e-07,8.096522083589333,1555,57.70283226646838,1
-12.095240774882624,0.005818481124240485,1.5809650868358382e-10,17.609613104442698,1555,31.32450448402499,0
-17.102358537531668,0.023734966948038436,6.75704422241298e-07,8.701336067295845,1555,51.96464526447831,1
-14.01981422568219,0.020241578648758436,4.842326874931145e-07,12.773768394729785,1550,44.704345385326164,1
-10.421686739638442,0.016822396822035596,2.559815836548993e-10,16.358916144305862,1552,14.641026854835959,0
-18.233585324739032,0.05883877595460925,1.3588424713767423e-06,4.548221048535825,1555,87.83492831839938,2
-16.077856334663085,0.039443537690625044,6.555068689852907e-07,10.08340190215719,1555,56.01243596924452,1
-11.686903640331352,0.01677607792345269,4.396989044348233e-10,16.217956457284682,1552,5.933686691310538,0
-14.82258492226756,0.02317637064421407,6.174327025365936e-07,11.962438636850356,1552,46.77866340778118,1
-12.643059058816176,0.012074128561116384,2.6422620241784697e-10,15.756165955284592,1552,11.148530428900457,0
-13.097704145727114,0.036143453764835645,8.135171159198764e-08,10.310574613508763,1550,57.41165325981328,1
-15.448686768896753,0.03301353206622118,1.5365340400816806e-07,9.166977258642033,1540,42.13320272826985,1
-12.273677239714734,0.007591351343693148,1.7537253518641728e-10,17.52790222056243,1552,38.591100251168925,0
-23.8749641293047,0.1085646090550446,9.32678071989403e-05,4.660866438942428,1540,108.69769631790369,2
-9.015628740770264,0.012532925154968639,1.5515652156413476e-10,14.26830590955371,1552,19.937611686786227,0
-14.459241561296995,0.043360239946824676,1.3422979157608877e-07,10.012275891394848,1540,78.25086403230749,1
-10.581502271376896,0.005295248230721206,2.9599564412425846e-10,15.948064162064957,1555,14.053862083049996,0
-13.092822824551014,0.013745623414545383,6.963845081457027e-11,17.5706868443079,1552,26.86664448651379,0
-10.70185316802629,0.007424297169288071,3.243296768188319e-11,17.78655181679843,1555,39.47463796493063,0
-13.414664917861971,0.007144875230792538,3.3344273800957384e-10,16.472872253265045,1540,34.346826731739476,0
-23.966553704149604,0.07763794261589385,9.884235305165075e-05,4.527443777001748,1552,106.86031157187776,2
-15.572168988582854,0.030286762740469392,6.866537880497921e-08,12.644733677863115,1550,43.10382327904596,1
-20.229878867161254,0.11563576498905846,4.321152755778368e-06,4.279978102632885,1555,85.97204796574164,2
-18.198213746008594,0.11438442205817156,3.998837552010195e-06,6.628112389923478,1550,80.29091925914366,2
-15.730299709346092,0.022503563472133805,3.490434866120328e-07,8.23908176371681,1540,75.90820905890322,1
-19.838121862223176,0.1183771486429192,1.2916309993054233e-06,5.699603010754886,1552,118.86601991726423,2
-15.965679462303502,0.027859266928355525,9.097069784232422e-07,11.986197875114001,1552,67.47824276911163,1
-21.9885993228014,0.06067100190855325,1.7103356004402558e-05,6.948658816600058,1555,81.92745497899548,2
-9.075426169915477,0.006139902594737477,2.2781192011399884e-10,14.704330532126864,1550,11.898711358827827,0
-17.68887913673879,0.04692842025027156,1.19096626646723e-08,12.763829485766665,1555,76.11651567867077,1
-16.958365411359793,0.023761436860294416,2.394368444896755e-08,8.158945747775688,1552,53.255765557705494,1
-10.532450814768398,0.005595668113583708,4.773270816529961e-10,15.792683388085274,1540,18.958753442342008,0
-10.301891576735025,0.012488643612871622,3.504058284938098e-11,14.677585998526315,1555,15.718373582994014,0
-13.505944534862891,0.04351882361183054,3.6461161916856615e-07,12.635918844396738,1555,42.126163417483184,1
-14.89884973732622,0.04879096401653013,3.195055732790012e-08,8.355138290006405,1552,56.987406338890196,1
-11.844565686883552,0.013240139673541363,1.165474561035972e-10,16.547046868177308,1552,27.273099853668104,0
-10.089923325335164,0.013157085917993562,1.5839214575229472e-11,16.752177775344055,1540,18.268291703517768,0
-15.841485106717904,0.04908048843259476,1.9083017103279463e-08,10.93683389728743,1555,42.729507324121634,1
-17.512104152118653,0.021207343118577523,3.209761981031078e-07,10.12677637164342,1540,57.01661977090067,1
-16.567263007230913,0.04916779405225132,1.3092793141181522e-07,9.866308660146345,1540,42.238234416585065,1
-12.562232717895375,0.007404807070504016,3.667002179387106e-11,14.933006765065567,1540,23.07912786362418,0
-12.708865933700086,0.008652005661001402,8.232452345135088e-11,17.038080594867775,1550,7.681784069727096,0
-10.690492117640357,0.01151073302717271,4.353672005874633e-10,17.62232855029253,1552,25.996002581847115,0
-10.002920605155104,0.015420447062816402,3.501791421381347e-11,16.36092266747635,1552,16.01087948832938,0
-13.889327744852515,0.014610653370908323,6.727475364804137e-11,15.080233864406223,1540,6.856605841895993,0
-14.518193665417638,0.04695969151263337,2.61983526100391e-07,12.85496074261907,1540,79.33848141537611,1
-13.947861503012984,0.008831202270278293,3.3222063181889945e-11,14.277017225143439,1540,23.56057466372054,0
-15.808095514295342,0.020505886102463133,2.0101167192749824e-08,8.460402465618099,1540,47.7204853594357,1
-9.387828581719377,0.006091024216680026,3.640840273175757e-11,15.399751414282857,1552,34.53142653955528,0
-14.930520788960433,0.029349533018289554,9.576128395924905e-07,10.22555517360064,1552,50.15536043844273,1
-16.480732095658887,0.03621587753266807,2.3964785981976566e-08,8.934361072017277,1550,48.690296019754584,1
-12.320670714250824,0.017376609971339895,5.3225337552086064e-11,14.136912443282117,1555,26.84521177471969,0
-21.754090217792385,0.07063489464250142,0.00012239420796872547,5.209563838572383,1550,83.15078055659605,2
-9.461531468257268,0.013878331082319263,5.0169121169331345e-11,16.8327247823328,1552,32.20014205746028,0
-17.584191334337675,0.03930924118636179,8.799190941253849e-07,12.891118342906873,1540,74.17970453582677,1
-9.182578606719137,0.01865407656880925,1.8240732921094256e-10,16.319287092400298,1555,16.485151318027402,0
-13.713448449947567,0.007618847768707796,2.599276918727081e-10,16.847111779963797,1540,38.94366026218247,0
-12.825132975020235,0.015573065150650725,4.3078074601978667e-10,16.18572126431139,1540,23.925709849658645,0
-13.868653804126868,0.02127573900557278,6.910253026529994e-08,10.305244836094177,1555,71.26889063951839,1
-16.85084736133325,0.03436060392441774,6.48862364376371e-08,12.365796795947023,1555,52.73106184477922,1
-12.766981825109877,0.012261156045653024,3.125279139842071e-10,15.895239313591787,1550,25.37730659188809,0
-23.491892090217476,0.11021439460447086,2.173931568784263e-05,6.477552382291375,1555,88.43150535817534,2
-9.69383886369807,0.007320272722772917,8.000074763314544e-11,15.632080365140325,1552,7.783189965377456,0
-22.397471460442176,0.05299854435628726,0.00024098124845754106,6.221115847555206,1555,107.1039284315377,2
-9.30793128070928,0.011222226790834209,6.377785524553549e-11,15.562374430327129,1555,39.6737704973018,0
-13.346413382051214,0.01507563288866091,2.8748792015445374e-10,16.300242293835257,1550,30.41389407706229,0
-10.194960382523039,0.01057586099603515,6.094195364019448e-11,17.01705989338809,1552,7.019602494556461,0
-14.73871741113228,0.03521130610810129,1.9949964119169587e-08,9.648474433525259,1555,63.74271026996169,1
-15.686200295530135,0.03631395484413824,2.197443928289828e-07,8.096592017671702,1550,74.97007506737344,1
-21.691954455787254,0.09056552097040642,4.551872949821466e-06,5.630218124454777,1552,93.97893204556689,2
-13.469541101935453,0.015056699979237639,3.7816282093029e-11,16.34241667135803,1550,10.84325626620642,0
-16.526908501575484,0.02022623278147996,3.920255314448599e-08,9.406552352353712,1550,64.76735114071404,1
-18.02818159039745,0.06685211828799653,0.0005027475449760995,3.472577506750346,1555,95.24323082569222,2
-11.053341775261359,0.012877112776544446,2.5467547121205834e-11,15.807476178609111,1540,16.34878058481897,0
-13.272542763760868,0.017559952308995614,1.0742988046897277e-11,16.583857049996645,1555,39.772554613849785,0
-23.648494083422882,0.11796906563325248,4.45064996347037e-05,3.912511115002874,1540,108.27203553771712,2
-17.094748197639262,0.04877021260293304,1.8944297820620423e-07,12.235234594352775,1555,51.045456652127754,1
-10.307470607447407,0.014999256273190584,1.7342990871523735e-11,16.290571412462338,1555,31.371523873085884,0
-14.308915999318401,0.03205235616274936,1.3861679228315142e-08,11.83753347697682,1540,61.50930283132804,1
-9.158960361483167,0.0188439511715091,5.863414445259134e-10,15.80835404135589,1552,29.081068163319344,0
-18.10367217225828,0.07066609841601444,8.593632134779452e-05,7.277391700801568,1552,113.61645126029913,2
-14.157499463186111,0.025061030868207313,1.078335276673611e-08,12.216513376019954,1540,53.13431140532077,1
-10.837033658475015,0.00848398588696288,6.236856756194285e-10,17.451154182685563,1540,32.53283806267214,0
-12.733994183150116,0.013329437379922721,1.1354270718687931e-10,16.621743913762646,1540,31.33209958861846,0
-9.291540066709846,0.007510355483551715,1.0016566817788665e-10,16.76353590620329,1552,39.09866789506646,0
-11.977402377708824,0.010454171737850957,2.714116916190285e-11,16.678445026150072,1550,16.64569538943494,0
-13.43807033854237,0.00902757375879253,9.656139213686273e-11,17.34691874457514,1555,30.014363115231777,0
-9.044717456304564,0.006529288243704162,6.445996374044823e-11,14.24979012479003,1555,14.007791044057193,0
-12.95291164589073,0.013056251833851552,2.9815249443852024e-10,16.50925654804105,1540,32.73889186674678,0
-14.631687900532828,0.04684105583072551,1.1636896549837775e-08,12.06225565860297,1552,63.114867075112855,1
-9.436063073067373,0.00677543341776947,1.956673466882638e-10,15.000329875655767,1555,15.351349211711529,0
-10.497725672878211,0.011027201879025427,1.4210354372904586e-11,16.930800735483228,1555,18.42183929012649,0
-15.166993265249044,0.02067340901485347,9.553725286349665e-07,10.78762188097133,1540,48.96839248835373,1
-12.21951637051077,0.019797728731894695,1.627607336236712e-10,14.948907166943979,1550,12.886647919938488,0
-9.887597181828195,0.006987870091127726,5.296987700885635e-10,17.691028762053577,1550,9.871930861613544,0
-10.272484573236136,0.012579980500038203,1.9743227485601806e-10,16.01055921990214,1555,15.037850521598893,0
-24.111208953612472,0.06312501024428895,1.9644430792272414e-06,6.126962602151534,1540,89.84314419808867,2
-14.581346532447306,0.026852553704958076,7.015019659708185e-08,10.786725323582335,1540,69.84761933269218,1
-19.34011211037017,0.11717637929677129,5.663873583543799e-06,4.14619581386016,1552,114.28463769269469,2
-10.296100664196638,0.016762807688481193,3.361788447256794e-10,16.8904468993378,1540,29.692134200252212,0
-14.983542446939914,0.04006700316855853,2.0419701670759636e-07,10.22924817099359,1555,44.29994548437716,1
-10.306109855407012,0.019398750344631364,2.2755934908648506e-10,16.282245618498425,1552,35.68948861586153,0
-13.53854706885627,0.012217180910844398,2.3744850206280903e-10,16.046628054189046,1552,37.23053401861346,0
-15.091257910259031,0.027228561279108283,7.814308351180109e-08,8.613528496686534,1555,71.48491451757768,1
-24.800911511946214,0.11138680022880698,6.661140390614901e-05,7.0750924893512535,1552,105.1925374864071,2
-18.390965397028644,0.11267741620560737,1.0229240443256185e-06,7.670074457907985,1555,104.24774498937316,2
-13.366436323828806,0.013494442155861312,6.263267106175148e-11,15.138383178143673,1555,22.023023528880167,0
-23.196307807847816,0.06977541308921115,1.8996969535195745e-06,6.43118744980406,1555,91.2081146855568,2
-15.899686652102766,0.021834385431430587,9.520541780312694e-08,12.066716645225542,1552,43.58845504212136,1
-17.42066002904307,0.026006479912535053,1.2707487579823597e-08,10.191137472745499,1550,63.22783279000794,1
-10.786269769623603,0.018391138144945328,5.885024125569496e-10,16.798177895062185,1552,19.34466855914225,0
-16.649264597529452,0.03627325126645499,9.648933814021322e-07,12.280717990350098,1550,56.62239977748569,1
-11.856178544426582,0.0058067294626606685,1.1070613545038276e-11,15.431844778131058,1540,28.21587483264007,0
-16.614196930779027,0.046201083189482565,5.992254330347655e-08,8.595500288046779,1550,62.605838822277754,1
-16.767418377951426,0.036908497567949006,4.201146239316455e-07,11.732628410804733,1552,67.01418508034637,1
-20.07790177537442,0.051844671151457966,2.2370114920314612e-05,7.146265475618089,1555,86.39589441175752,2
-18.29154605899025,0.11865651999430038,8.209354829725835e-05,3.9679923887743365,1550,89.89338187755455,2
-15.77745518965348,0.02036347116798945,1.845878354791668e-08,12.248373090673038,1550,67.88565401969596,1
-22.80852407481203,0.0523691059583102,0.00027025857507007907,3.644525269408187,1552,86.15825208494523,2
-14.29595317633628,0.03804413302643622,2.2043768572132373e-07,9.9458230825674,1552,48.63941102918013,1
-16.939783189035204,0.03564624347580542,1.9842539300846128e-07,9.575893477579445,1550,53.67152421924904,1
-12.544278761074105,0.008106423772648568,2.0167662796678057e-11,17.597820850184405,1540,12.988237722279468,0
-17.97029122077823,0.02143125024361616,1.973393249783981e-08,9.744310483851365,1540,61.812128094630296,1
-19.08246490393641,0.058170738828752996,1.2833720045329567e-06,6.0426906045665785,1552,108.05479446930458,2
-13.013824642062065,0.02091625934449215,1.5222458131547654e-08,8.385133481856158,1540,70.63517833399425,1
-10.269101807238638,0.017030574054243026,2.0950162218510343e-11,16.149361987372725,1552,36.47371214012209,0
-22.522181145652343,0.06119505797756647,8.811166907235565e-05,6.50984301621739,1552,118.10986403970153,2
-9.581333055843066,0.013422169156050153,2.354329702408538e-11,14.897476702793945,1540,5.789900412083198,0
-24.536323485381526,0.08202268946120372,0.00016336620048960386,3.7885382235597564,1555,116.72379172802155,2
-12.161203245613551,0.011211946287933906,4.519348071378739e-10,16.93445752224561,1550,38.733779641882286,0
-19.57062564334316,0.06331925645635826,2.870168369343461e-06,4.7383833665725,1540,119.56295905471389,2
-9.502937389163375,0.007003013497411241,5.934619783128793e-11,17.284569698881388,1540,34.224082498903684,0
-12.468432506108936,0.0168347773988119,7.81338155218027e-11,17.19352136207341,1552,20.754317641367628,0
-13.057216975782175,0.042843482624222384,1.4488719999995512e-08,11.30094138921288,1552,54.31871302238662,1
-16.02387174638767,0.030001913833089006,4.754120157338878e-08,8.983003984074452,1550,41.558894558736924,1
-13.551376295000154,0.031851703208097513,2.7246907180461054e-07,12.697823516173397,1555,60.23705017968682,1
-23.635283527765427,0.08585561402132771,2.0728366770189214e-05,4.353976481737067,1555,107.06445792652335,2
-12.92717589953575,0.016072261322625344,2.389336913360258e-11,16.293967055563908,1555,24.378724173880165,0
-13.935463860095041,0.008400359781123854,1.360772714663493e-10,15.406169040198792,1550,27.538480280666473,0
-10.46232281127278,0.011940317475317406,4.1019644500886027e-10,14.718581263456526,1552,5.027632888262658,0
-11.304193616623728,0.009669615487340055,1.6621398681336062e-10,16.864602696892774,1540,39.18538335319026,0
-13.366037527953495,0.03366075163985373,3.402177521050859e-08,10.041173104109783,1555,57.652444495538404,1
-13.745125614887789,0.014262936725934674,2.603555511727773e-11,16.350788073150184,1540,21.628145550336882,0
-16.2677434632847,0.030172305451606592,1.352895915416855e-07,9.457292088289485,1550,58.72261841704925,1
-13.62614318748332,0.04630763020730914,4.1004672543030653e-07,9.241592415124213,1552,47.729439659394686,1
-17.793666077988885,0.0493942519771455,1.9497731432953454e-08,10.022582044117314,1540,68.50484317393287,1
-11.941172292077457,0.014764602007264312,1.2327180036053195e-10,14.249092423527543,1555,8.917757445753562,0
-9.478201125030715,0.017261117709591642,3.266602043381937e-10,14.222422086721842,1552,21.183691191938927,0
-15.124568193074424,0.023454917357135768,6.848936912252422e-08,9.315257570059686,1540,63.07043389743697,1
-16.779682744785372,0.023428738575105697,1.165940074774079e-07,12.289976113636794,1555,70.17885900008949,1
-11.338198825693425,0.009550464233212557,6.104894355968312e-11,14.718604871821368,1555,10.330158647367934,0
-13.181957895781439,0.010441506997062137,3.1766869039822187e-11,16.73373794821567,1552,20.084407199654045,0
-11.71037710069551,0.01354002802664141,2.427878151169215e-10,16.368760721716875,1555,15.507890898668041,0
-11.43582318782429,0.010149514537936114,4.540892968684339e-11,16.40902520950903,1550,26.639975735480196,0
-13.834746335497258,0.010176068720400245,1.8565330690729177e-10,16.722821806219066,1540,22.130846609714705,0
-18.503622561345676,0.06224126292265339,0.0004451413135593299,5.024646099702137,1550,112.82570189193157,2
-24.998313812089826,0.09878931079552547,4.860779998772937e-05,4.049375545188619,1555,109.21244496433991,2
-10.622066132162807,0.012633411051048203,5.283130908747296e-10,17.464142700183025,1552,6.11028721356109,0
-18.62023824234901,0.1089835832233074,5.760098603572314e-05,4.885415869424941,1555,94.08464028526811,2
-10.110452966257316,0.010735449965924418,7.695816267225309e-11,15.504761875078488,1555,17.70030359482862,0
-23.9657599511012,0.10290866877636723,4.435554778313443e-05,4.3430581995523045,1550,101.1823250940274,2
-9.57517845909706,0.01074926359463302,9.705144015543853e-11,15.133219049699722,1555,12.009870625366906,0
-18.61011188730901,0.07086553516342364,4.6295821932283434e-05,7.138810818258168,1540,108.68685568233072,2
-9.768409936095631,0.015984511559122713,1.666836689736479e-10,17.28117184243671,1550,26.926997398976507,0
-14.358422447531327,0.04396315487343885,7.769257617171193e-07,11.042523064853933,1555,61.196424342437965,1
-15.623535117172459,0.025784057079993778,1.797839876174356e-07,12.897099365689261,1550,78.5181581430132,1
-15.308898893194458,0.021001585478938434,6.410047349560135e-08,12.831559291097427,1540,69.83190813674896,1
-9.744445870762227,0.011411066408414012,8.393736073814057e-10,16.89160402979111,1555,10.851854909154394,0
-23.8067832973736,0.05982539119702704,7.402159932039225e-05,4.554350586087365,1550,88.458871054649,2
-11.171092225795018,0.01893717075817531,5.951754869612385e-11,14.264660755337761,1540,31.229910209328303,0
-16.711299693442406,0.04255396833556126,1.5487213662860264e-08,9.603822070108501,1552,54.91481322723442,1
-13.369449291606875,0.006947855201268215,2.2510829195758338e-10,17.434400427929994,1540,7.7094043194662705,0
-22.646152842362397,0.06319386426173323,5.846913780342301e-06,5.665887968801474,1552,94.29758654295348,2
-13.617571934563173,0.045564186915634276,8.506795415086286e-07,10.906924476682555,1550,79.10670870796241,1
-13.670529908940402,0.007505835042031785,9.675237864327362e-10,16.252051772686652,1550,25.779702403300213,0
-18.049248313992706,0.11366691851978189,2.9893242152073136e-05,5.432746902955991,1540,110.39857033220994,2
-17.159046077858726,0.02431528021843576,1.0156776733566895e-07,11.193218800172769,1552,78.85184909714182,1
-10.529247132450845,0.012689821297175795,4.079635416766285e-11,14.850577505484384,1552,31.710435194061127,0
-11.568212590021961,0.0111343276562824,3.497550237055047e-10,14.048812289272178,1552,29.2881955563485,0
-24.802480014835417,0.07388273379858563,0.00017480372789700532,7.039889245570699,1540,80.88374988419099,2
-21.652119593774504,0.11291159433285455,1.0134724032848666e-06,6.693567688134638,1552,111.892565763465,2
-19.832976008728274,0.09852468445872659,6.098591112784113e-06,7.623843432179509,1540,96.57274601009387,2
-13.160152772398726,0.02960166065166435,1.1867560923099177e-08,9.804333009900688,1555,70.33822989236506,1
-18.529711018425182,0.09318507235486825,6.45998648758392e-05,7.565632873785173,1552,104.55225604701735,2
-11.186722885486288,0.01643281266791123,2.6743283765161016e-10,14.830045981539516,1555,9.956603574531602,0
-9.17535699249087,0.009103130435029054,6.299643949177828e-11,17.93144047142168,1555,6.56058324569504,0
-21.745314834675888,0.09574207947437771,2.589419613521713e-05,3.7173785206710734,1540,98.78008929097336,2
-14.424471931909554,0.03918661479131934,2.1258541842009915e-07,10.071002771523217,1552,74.52217572463796,1
-9.16878294646601,0.006911809391343034,2.6024155941962133e-10,17.891105291568344,1552,31.38866662588744,0
-15.376230306869815,0.02107950788626052,1.1463427567351337e-08,11.027515729520747,1540,64.44827007432774,1
-13.675980956299146,0.031712699785816756,5.790778175862429e-08,9.313488159484509,1550,58.760577222111515,1
-16.689344747772857,0.03297442191254363,1.7542323840875143e-08,8.393666841317408,1550,57.51198125099094,1
-11.844437974514975,0.006313229960416709,3.677919854845507e-11,15.674329142125956,1555,6.053635527396163,0
-16.8118939121979,0.03509811344301753,7.119151101718902e-07,12.075038884918788,1555,65.31728714175955,1
-11.595480842755077,0.005611311591387091,2.128133959456212e-11,15.754428865958154,1550,7.112322939669733,0
-13.850210405223407,0.026015285706526625,5.994816297531393e-07,9.610967253239814,1540,68.52657075029363,1
-16.090804517194368,0.0239749686879886,5.297875082622201e-07,11.070041695194687,1555,50.51159889421677,1
-9.228270241883497,0.008710270577266142,2.9059745589242143e-10,15.75779289317168,1550,18.569733209588062,0
-13.608491647602213,0.013601477380334917,1.5728591862693455e-11,15.797098187826599,1552,11.117344970622684,0
-15.8168433955292,0.02807153165241457,2.5164433571557804e-07,8.632454796601271,1555,49.667192628286905,1
-10.675075482620024,0.008904302863490044,6.522139167411168e-10,16.682929247623335,1552,10.917837462459737,0
-22.921578678258328,0.05676350286759653,0.0004830556453140125,6.385579858907964,1540,102.90107490387634,2
-11.55980887859125,0.007322236323076029,5.486384429643068e-11,15.317221251458397,1540,39.76073086267174,0
-19.81894476924301,0.08084495864167343,0.00017813454096454604,4.513023616839787,1550,92.76750840495365,2
-24.199690037360153,0.06915001014886919,5.158488966509754e-05,5.963898469883745,1540,108.76230884054642,2
-11.727586335223217,0.008139316422951797,1.017277225231196e-11,14.966024907424245,1552,5.0554625563219036,0
-9.72151765946857,0.017453297968504873,6.228264664437796e-11,16.672340546282584,1540,19.22373078957327,0
-13.711097195018167,0.015425528432878297,9.275938285312721e-10,14.956720416863703,1552,7.61204350179786,0
-20.13762496932534,0.09113963209663048,4.036315770294444e-06,7.848130095830979,1540,115.13943391027641,2
-22.870227016131665,0.10173282712489187,2.448617761690399e-05,5.9877218726361,1555,100.76692586004225,2
-18.324982294658817,0.10150017929734564,0.00011614728038192234,6.774505396405782,1550,118.07535223044522,2
